diagnostic_id,feature,role,transform,k,n_eligible,n_positive,n_negative,n_missing_feature,positive_mean,negative_mean,positive_median,negative_median,difference_in_means,difference_in_medians,rank_biserial,comparison_status
S1,key_rate_level,SECONDARY,intrinsic,1,6,6,0,0,17.166666666666668,NA,17,NA,NA,NA,NA,NONESTIMABLE_NO_NEGATIVE_DATES
S2,key_rate_delta_last,SECONDARY,signed,1,6,6,0,0,1.3333333333333333,NA,1,NA,NA,NA,NA,NONESTIMABLE_NO_NEGATIVE_DATES
S2,key_rate_delta_last,SECONDARY,absolute_descriptive,1,6,6,0,0,1.3333333333333333,NA,1,NA,NA,NA,NA,NONESTIMABLE_NO_NEGATIVE_DATES
P1,key_rate_change_3m,PRIMARY,signed,1,6,6,0,0,1.1666666666666667,NA,1,NA,NA,NA,NA,NONESTIMABLE_NO_NEGATIVE_DATES
P1,key_rate_change_3m,PRIMARY,absolute_descriptive,1,6,6,0,0,1.1666666666666667,NA,1,NA,NA,NA,NA,NONESTIMABLE_NO_NEGATIVE_DATES
S4,key_rate_change_6m,SECONDARY,signed,1,6,6,0,0,1.5,NA,1.5,NA,NA,NA,NA,NONESTIMABLE_NO_NEGATIVE_DATES
S4,key_rate_change_6m,SECONDARY,absolute_descriptive,1,6,6,0,0,1.5,NA,1.5,NA,NA,NA,NA,NONESTIMABLE_NO_NEGATIVE_DATES
S5,months_since_rate_change,SECONDARY,intrinsic,1,6,6,0,0,2.6666666666666665,NA,2.5,NA,NA,NA,NA,NONESTIMABLE_NO_NEGATIVE_DATES
S6,usd_rub_last,SECONDARY,intrinsic,1,6,6,0,0,89.590566666666675,NA,90.486850000000004,NA,NA,NA,NA,NONESTIMABLE_NO_NEGATIVE_DATES
P2,usd_rub_change_1m,PRIMARY,signed,1,6,6,0,0,0.0011181130107628323,NA,0.0001950286926899001,NA,NA,NA,NA,NONESTIMABLE_NO_NEGATIVE_DATES
P2,usd_rub_change_1m,PRIMARY,absolute_descriptive,1,6,6,0,0,0.0239341910264264,NA,0.017802521217187901,NA,NA,NA,NA,NONESTIMABLE_NO_NEGATIVE_DATES
P3,usd_rub_change_3m,PRIMARY,signed,1,6,6,0,0,-0.0068314725903156166,NA,-0.0037278382628860001,NA,NA,NA,NA,NONESTIMABLE_NO_NEGATIVE_DATES
P3,usd_rub_change_3m,PRIMARY,absolute_descriptive,1,6,6,0,0,0.045995315867271423,NA,0.042568141054401598,NA,NA,NA,NA,NONESTIMABLE_NO_NEGATIVE_DATES
S9,usd_rub_vol_1m,SECONDARY,intrinsic,1,6,6,0,0,0.0086208090786513824,NA,0.0064166551560176505,NA,NA,NA,NA,NONESTIMABLE_NO_NEGATIVE_DATES
P4,usd_rub_vol_3m,PRIMARY,intrinsic,1,6,6,0,0,0.0088968536810103659,NA,0.0099716582439591493,NA,NA,NA,NA,NONESTIMABLE_NO_NEGATIVE_DATES
S1,key_rate_level,SECONDARY,intrinsic,3,4,4,0,0,16.5,NA,16,NA,NA,NA,NA,NONESTIMABLE_NO_NEGATIVE_DATES
S2,key_rate_delta_last,SECONDARY,signed,3,4,4,0,0,1.25,NA,1,NA,NA,NA,NA,NONESTIMABLE_NO_NEGATIVE_DATES
S2,key_rate_delta_last,SECONDARY,absolute_descriptive,3,4,4,0,0,1.25,NA,1,NA,NA,NA,NA,NONESTIMABLE_NO_NEGATIVE_DATES
P1,key_rate_change_3m,PRIMARY,signed,3,4,4,0,0,0.5,NA,0,NA,NA,NA,NA,NONESTIMABLE_NO_NEGATIVE_DATES
P1,key_rate_change_3m,PRIMARY,absolute_descriptive,3,4,4,0,0,0.5,NA,0,NA,NA,NA,NA,NONESTIMABLE_NO_NEGATIVE_DATES
S4,key_rate_change_6m,SECONDARY,signed,3,4,4,0,0,1,NA,1,NA,NA,NA,NA,NONESTIMABLE_NO_NEGATIVE_DATES
S4,key_rate_change_6m,SECONDARY,absolute_descriptive,3,4,4,0,0,1,NA,1,NA,NA,NA,NA,NONESTIMABLE_NO_NEGATIVE_DATES
S5,months_since_rate_change,SECONDARY,intrinsic,3,4,4,0,0,3.75,NA,4.5,NA,NA,NA,NA,NONESTIMABLE_NO_NEGATIVE_DATES
S6,usd_rub_last,SECONDARY,intrinsic,3,4,4,0,0,88.411000000000001,NA,88.058449999999993,NA,NA,NA,NA,NONESTIMABLE_NO_NEGATIVE_DATES
P2,usd_rub_change_1m,PRIMARY,signed,3,4,4,0,0,-0.015420958489612176,NA,-0.014159930314936951,NA,NA,NA,NA,NONESTIMABLE_NO_NEGATIVE_DATES
P2,usd_rub_change_1m,PRIMARY,absolute_descriptive,3,4,4,0,0,0.018803158533883174,NA,0.014354959007626851,NA,NA,NA,NA,NONESTIMABLE_NO_NEGATIVE_DATES
P3,usd_rub_change_3m,PRIMARY,signed,3,4,4,0,0,-0.033637880969292398,NA,-0.042067090983922653,NA,NA,NA,NA,NONESTIMABLE_NO_NEGATIVE_DATES
P3,usd_rub_change_3m,PRIMARY,absolute_descriptive,3,4,4,0,0,0.045602301717088151,NA,0.042568141054401598,NA,NA,NA,NA,NONESTIMABLE_NO_NEGATIVE_DATES
S9,usd_rub_vol_1m,SECONDARY,intrinsic,3,4,4,0,0,0.0083408143529401998,NA,0.0056717091798168997,NA,NA,NA,NA,NONESTIMABLE_NO_NEGATIVE_DATES
P4,usd_rub_vol_3m,PRIMARY,intrinsic,3,4,4,0,0,0.0078927100700414247,NA,0.0078579443732659498,NA,NA,NA,NA,NONESTIMABLE_NO_NEGATIVE_DATES
