onset_period,onset_date,event_count,affected_municipalities,affected_share_population,lead_months,forecast_origin,financial_available,previous_eligible_origin_k1,previous_eligible_origin_k3,onset_date_is_month_marker,key_rate_level,key_rate_delta_last,key_rate_change_3m,key_rate_change_6m,months_since_rate_change,usd_rub_last,usd_rub_change_1m,usd_rub_change_3m,usd_rub_vol_1m,usd_rub_vol_3m,known_label_k1,known_label_k3
2024-05,2024-05-31,14,14,0.006392694063926941,1,2024-04-30,True,2024-04-30,2024-04-30,True,16,1,0,1,4,91.7791,-0.0063743427031622002,0.023928841495591501,0.0036760053821801998,0.0042768913252607,True,True
2024-05,2024-05-31,14,14,0.006392694063926941,2,2024-03-31,True,2024-04-30,2024-04-30,True,16,1,0,3,3,92.366,0.0053931192752400001,0.0294186197890196,0.0050040135991973999,0.0050514563676757,False,False
2024-05,2024-05-31,14,14,0.006392694063926941,3,2024-02-29,True,2024-04-30,2024-04-30,True,16,1,1,4,2,91.869200000000006,0.025949563155007901,0.036118851150307697,0.0040194136633888997,0.0063356775927867004,False,False
2024-06,2024-06-30,27,27,0.012328767123287671,1,2024-05-31,True,2024-05-31,2024-05-31,True,16,1,0,1,5,89.786900000000003,-0.021945517926711702,-0.022926741354633601,0.0048872559431661,0.0045111876217867998,True,True
2024-06,2024-06-30,27,27,0.012328767123287671,2,2024-04-30,True,2024-05-31,2024-05-31,True,16,1,0,1,4,91.7791,-0.0063743427031622002,0.023928841495591501,0.0036760053821801998,0.0042768913252607,True,True
2024-06,2024-06-30,27,27,0.012328767123287671,3,2024-03-31,True,2024-05-31,2024-05-31,True,16,1,0,3,3,92.366,0.0053931192752400001,0.0294186197890196,0.0050040135991973999,0.0050514563676757,False,False
2024-07,2024-07-31,19,19,0.0086757990867579911,1,2024-06-30,True,2024-06-30,2024-06-30,True,16,1,0,0,6,85.748000000000005,-0.040128373417116801,-0.074346183404915805,0.0183438336699468,0.011204701124745101,True,True
2024-07,2024-07-31,19,19,0.0086757990867579911,2,2024-05-31,True,2024-06-30,2024-06-30,True,16,1,0,1,5,89.786900000000003,-0.021945517926711702,-0.022926741354633601,0.0048872559431661,0.0045111876217867998,True,True
2024-07,2024-07-31,19,19,0.0086757990867579911,3,2024-04-30,True,2024-06-30,2024-06-30,True,16,1,0,1,4,91.7791,-0.0063743427031622002,0.023928841495591501,0.0036760053821801998,0.0042768913252607,True,True
2024-08,2024-08-31,7,7,0.0031963470319634705,1,2024-07-31,True,2024-07-31,2024-07-31,True,18,2,2,2,0,86.329999999999998,0.0067644000885420004,-0.061207440613211699,0.0064561624164677003,0.011578060208373099,True,True
2024-08,2024-08-31,7,7,0.0031963470319634705,2,2024-06-30,True,2024-07-31,2024-07-31,True,16,1,0,0,6,85.748000000000005,-0.040128373417116801,-0.074346183404915805,0.0183438336699468,0.011204701124745101,True,True
2024-08,2024-08-31,7,7,0.0031963470319634705,3,2024-05-31,True,2024-07-31,2024-07-31,True,16,1,0,1,5,89.786900000000003,-0.021945517926711702,-0.022926741354633601,0.0048872559431661,0.0045111876217867998,True,True
2024-09,2024-09-30,4,4,0.0018264840182648401,1,2024-08-31,True,2024-08-31,2024-07-31,True,18,2,2,2,1,91.186800000000005,0.054732987515361597,0.015471064828861601,0.0119844491645799,0.0130716664427233,True,False
2024-09,2024-09-30,4,4,0.0018264840182648401,2,2024-07-31,True,2024-08-31,2024-07-31,True,18,2,2,2,0,86.329999999999998,0.0067644000885420004,-0.061207440613211699,0.0064561624164677003,0.011578060208373099,True,True
2024-09,2024-09-30,4,4,0.0018264840182648401,3,2024-06-30,True,2024-08-31,2024-07-31,True,16,1,0,0,6,85.748000000000005,-0.040128373417116801,-0.074346183404915805,0.0183438336699468,0.011204701124745101,True,True
2024-10,2024-10-31,2,2,0.00091324200913242006,1,2024-09-30,True,2024-09-30,2024-07-31,True,19,1,3,3,0,92.712599999999995,0.013659524507664099,0.078091623506414298,0.0063771478955675998,0.0087386153631731998,True,False
2024-10,2024-10-31,2,2,0.00091324200913242006,2,2024-08-31,True,2024-09-30,2024-07-31,True,18,2,2,2,1,91.186800000000005,0.054732987515361597,0.015471064828861601,0.0119844491645799,0.0130716664427233,True,False
2024-10,2024-10-31,2,2,0.00091324200913242006,3,2024-07-31,True,2024-09-30,2024-07-31,True,18,2,2,2,0,86.329999999999998,0.0067644000885420004,-0.061207440613211699,0.0064561624164677003,0.011578060208373099,True,True
