diagnostic_id,feature,role,transform,k,outcome,n_dates,spearman_rho,status
S1,key_rate_level,SECONDARY,intrinsic,1,event_count,6,-0.92582009977255153,DESCRIPTIVE_OBSERVED_REGISTRY_INTENSITY
S1,key_rate_level,SECONDARY,intrinsic,1,affected_municipality_count,6,-0.92582009977255153,DESCRIPTIVE_OBSERVED_REGISTRY_INTENSITY
S1,key_rate_level,SECONDARY,intrinsic,1,affected_share,6,-0.92582009977255153,DESCRIPTIVE_OBSERVED_REGISTRY_INTENSITY
S2,key_rate_delta_last,SECONDARY,signed,1,event_count,6,-0.41403933560541262,DESCRIPTIVE_OBSERVED_REGISTRY_INTENSITY
S2,key_rate_delta_last,SECONDARY,signed,1,affected_municipality_count,6,-0.41403933560541262,DESCRIPTIVE_OBSERVED_REGISTRY_INTENSITY
S2,key_rate_delta_last,SECONDARY,signed,1,affected_share,6,-0.41403933560541262,DESCRIPTIVE_OBSERVED_REGISTRY_INTENSITY
S2,key_rate_delta_last,SECONDARY,absolute_descriptive,1,event_count,6,-0.41403933560541262,DESCRIPTIVE_OBSERVED_REGISTRY_INTENSITY
S2,key_rate_delta_last,SECONDARY,absolute_descriptive,1,affected_municipality_count,6,-0.41403933560541262,DESCRIPTIVE_OBSERVED_REGISTRY_INTENSITY
S2,key_rate_delta_last,SECONDARY,absolute_descriptive,1,affected_share,6,-0.41403933560541262,DESCRIPTIVE_OBSERVED_REGISTRY_INTENSITY
P1,key_rate_change_3m,PRIMARY,signed,1,event_count,6,-0.92582009977255153,DESCRIPTIVE_OBSERVED_REGISTRY_INTENSITY
P1,key_rate_change_3m,PRIMARY,signed,1,affected_municipality_count,6,-0.92582009977255153,DESCRIPTIVE_OBSERVED_REGISTRY_INTENSITY
P1,key_rate_change_3m,PRIMARY,signed,1,affected_share,6,-0.92582009977255153,DESCRIPTIVE_OBSERVED_REGISTRY_INTENSITY
P1,key_rate_change_3m,PRIMARY,absolute_descriptive,1,event_count,6,-0.92582009977255153,DESCRIPTIVE_OBSERVED_REGISTRY_INTENSITY
P1,key_rate_change_3m,PRIMARY,absolute_descriptive,1,affected_municipality_count,6,-0.92582009977255153,DESCRIPTIVE_OBSERVED_REGISTRY_INTENSITY
P1,key_rate_change_3m,PRIMARY,absolute_descriptive,1,affected_share,6,-0.92582009977255153,DESCRIPTIVE_OBSERVED_REGISTRY_INTENSITY
S4,key_rate_change_6m,SECONDARY,signed,1,event_count,6,-0.88273482950474946,DESCRIPTIVE_OBSERVED_REGISTRY_INTENSITY
S4,key_rate_change_6m,SECONDARY,signed,1,affected_municipality_count,6,-0.88273482950474946,DESCRIPTIVE_OBSERVED_REGISTRY_INTENSITY
S4,key_rate_change_6m,SECONDARY,signed,1,affected_share,6,-0.88273482950474946,DESCRIPTIVE_OBSERVED_REGISTRY_INTENSITY
S4,key_rate_change_6m,SECONDARY,absolute_descriptive,1,event_count,6,-0.88273482950474946,DESCRIPTIVE_OBSERVED_REGISTRY_INTENSITY
S4,key_rate_change_6m,SECONDARY,absolute_descriptive,1,affected_municipality_count,6,-0.88273482950474946,DESCRIPTIVE_OBSERVED_REGISTRY_INTENSITY
S4,key_rate_change_6m,SECONDARY,absolute_descriptive,1,affected_share,6,-0.88273482950474946,DESCRIPTIVE_OBSERVED_REGISTRY_INTENSITY
S5,months_since_rate_change,SECONDARY,intrinsic,1,event_count,6,0.84066800169605027,DESCRIPTIVE_OBSERVED_REGISTRY_INTENSITY
S5,months_since_rate_change,SECONDARY,intrinsic,1,affected_municipality_count,6,0.84066800169605027,DESCRIPTIVE_OBSERVED_REGISTRY_INTENSITY
S5,months_since_rate_change,SECONDARY,intrinsic,1,affected_share,6,0.84066800169605027,DESCRIPTIVE_OBSERVED_REGISTRY_INTENSITY
S6,usd_rub_last,SECONDARY,intrinsic,1,event_count,6,-0.59999999999999998,DESCRIPTIVE_OBSERVED_REGISTRY_INTENSITY
S6,usd_rub_last,SECONDARY,intrinsic,1,affected_municipality_count,6,-0.59999999999999998,DESCRIPTIVE_OBSERVED_REGISTRY_INTENSITY
S6,usd_rub_last,SECONDARY,intrinsic,1,affected_share,6,-0.59999999999999998,DESCRIPTIVE_OBSERVED_REGISTRY_INTENSITY
P2,usd_rub_change_1m,PRIMARY,signed,1,event_count,6,-0.88571428571428579,DESCRIPTIVE_OBSERVED_REGISTRY_INTENSITY
P2,usd_rub_change_1m,PRIMARY,signed,1,affected_municipality_count,6,-0.88571428571428579,DESCRIPTIVE_OBSERVED_REGISTRY_INTENSITY
P2,usd_rub_change_1m,PRIMARY,signed,1,affected_share,6,-0.88571428571428579,DESCRIPTIVE_OBSERVED_REGISTRY_INTENSITY
P2,usd_rub_change_1m,PRIMARY,absolute_descriptive,1,event_count,6,0.028571428571428574,DESCRIPTIVE_OBSERVED_REGISTRY_INTENSITY
P2,usd_rub_change_1m,PRIMARY,absolute_descriptive,1,affected_municipality_count,6,0.028571428571428574,DESCRIPTIVE_OBSERVED_REGISTRY_INTENSITY
P2,usd_rub_change_1m,PRIMARY,absolute_descriptive,1,affected_share,6,0.028571428571428574,DESCRIPTIVE_OBSERVED_REGISTRY_INTENSITY
P3,usd_rub_change_3m,PRIMARY,signed,1,event_count,6,-0.59999999999999998,DESCRIPTIVE_OBSERVED_REGISTRY_INTENSITY
P3,usd_rub_change_3m,PRIMARY,signed,1,affected_municipality_count,6,-0.59999999999999998,DESCRIPTIVE_OBSERVED_REGISTRY_INTENSITY
P3,usd_rub_change_3m,PRIMARY,signed,1,affected_share,6,-0.59999999999999998,DESCRIPTIVE_OBSERVED_REGISTRY_INTENSITY
P3,usd_rub_change_3m,PRIMARY,absolute_descriptive,1,event_count,6,-0.25714285714285717,DESCRIPTIVE_OBSERVED_REGISTRY_INTENSITY
P3,usd_rub_change_3m,PRIMARY,absolute_descriptive,1,affected_municipality_count,6,-0.25714285714285717,DESCRIPTIVE_OBSERVED_REGISTRY_INTENSITY
P3,usd_rub_change_3m,PRIMARY,absolute_descriptive,1,affected_share,6,-0.25714285714285717,DESCRIPTIVE_OBSERVED_REGISTRY_INTENSITY
S9,usd_rub_vol_1m,SECONDARY,intrinsic,1,event_count,6,-0.14285714285714288,DESCRIPTIVE_OBSERVED_REGISTRY_INTENSITY
S9,usd_rub_vol_1m,SECONDARY,intrinsic,1,affected_municipality_count,6,-0.14285714285714288,DESCRIPTIVE_OBSERVED_REGISTRY_INTENSITY
S9,usd_rub_vol_1m,SECONDARY,intrinsic,1,affected_share,6,-0.14285714285714288,DESCRIPTIVE_OBSERVED_REGISTRY_INTENSITY
P4,usd_rub_vol_3m,PRIMARY,intrinsic,1,event_count,6,-0.4285714285714286,DESCRIPTIVE_OBSERVED_REGISTRY_INTENSITY
P4,usd_rub_vol_3m,PRIMARY,intrinsic,1,affected_municipality_count,6,-0.4285714285714286,DESCRIPTIVE_OBSERVED_REGISTRY_INTENSITY
P4,usd_rub_vol_3m,PRIMARY,intrinsic,1,affected_share,6,-0.4285714285714286,DESCRIPTIVE_OBSERVED_REGISTRY_INTENSITY
S1,key_rate_level,SECONDARY,intrinsic,3,event_count,4,-0.7745966692414834,DESCRIPTIVE_OBSERVED_REGISTRY_INTENSITY
S1,key_rate_level,SECONDARY,intrinsic,3,affected_municipality_count,4,-0.7745966692414834,DESCRIPTIVE_OBSERVED_REGISTRY_INTENSITY
S1,key_rate_level,SECONDARY,intrinsic,3,affected_share,4,-0.7745966692414834,DESCRIPTIVE_OBSERVED_REGISTRY_INTENSITY
S2,key_rate_delta_last,SECONDARY,signed,3,event_count,4,-0.7745966692414834,DESCRIPTIVE_OBSERVED_REGISTRY_INTENSITY
S2,key_rate_delta_last,SECONDARY,signed,3,affected_municipality_count,4,-0.7745966692414834,DESCRIPTIVE_OBSERVED_REGISTRY_INTENSITY
S2,key_rate_delta_last,SECONDARY,signed,3,affected_share,4,-0.7745966692414834,DESCRIPTIVE_OBSERVED_REGISTRY_INTENSITY
S2,key_rate_delta_last,SECONDARY,absolute_descriptive,3,event_count,4,-0.7745966692414834,DESCRIPTIVE_OBSERVED_REGISTRY_INTENSITY
S2,key_rate_delta_last,SECONDARY,absolute_descriptive,3,affected_municipality_count,4,-0.7745966692414834,DESCRIPTIVE_OBSERVED_REGISTRY_INTENSITY
S2,key_rate_delta_last,SECONDARY,absolute_descriptive,3,affected_share,4,-0.7745966692414834,DESCRIPTIVE_OBSERVED_REGISTRY_INTENSITY
P1,key_rate_change_3m,PRIMARY,signed,3,event_count,4,-0.7745966692414834,DESCRIPTIVE_OBSERVED_REGISTRY_INTENSITY
P1,key_rate_change_3m,PRIMARY,signed,3,affected_municipality_count,4,-0.7745966692414834,DESCRIPTIVE_OBSERVED_REGISTRY_INTENSITY
P1,key_rate_change_3m,PRIMARY,signed,3,affected_share,4,-0.7745966692414834,DESCRIPTIVE_OBSERVED_REGISTRY_INTENSITY
P1,key_rate_change_3m,PRIMARY,absolute_descriptive,3,event_count,4,-0.7745966692414834,DESCRIPTIVE_OBSERVED_REGISTRY_INTENSITY
P1,key_rate_change_3m,PRIMARY,absolute_descriptive,3,affected_municipality_count,4,-0.7745966692414834,DESCRIPTIVE_OBSERVED_REGISTRY_INTENSITY
P1,key_rate_change_3m,PRIMARY,absolute_descriptive,3,affected_share,4,-0.7745966692414834,DESCRIPTIVE_OBSERVED_REGISTRY_INTENSITY
S4,key_rate_change_6m,SECONDARY,signed,3,event_count,4,-0.316227766016838,DESCRIPTIVE_OBSERVED_REGISTRY_INTENSITY
S4,key_rate_change_6m,SECONDARY,signed,3,affected_municipality_count,4,-0.316227766016838,DESCRIPTIVE_OBSERVED_REGISTRY_INTENSITY
S4,key_rate_change_6m,SECONDARY,signed,3,affected_share,4,-0.316227766016838,DESCRIPTIVE_OBSERVED_REGISTRY_INTENSITY
S4,key_rate_change_6m,SECONDARY,absolute_descriptive,3,event_count,4,-0.316227766016838,DESCRIPTIVE_OBSERVED_REGISTRY_INTENSITY
S4,key_rate_change_6m,SECONDARY,absolute_descriptive,3,affected_municipality_count,4,-0.316227766016838,DESCRIPTIVE_OBSERVED_REGISTRY_INTENSITY
S4,key_rate_change_6m,SECONDARY,absolute_descriptive,3,affected_share,4,-0.316227766016838,DESCRIPTIVE_OBSERVED_REGISTRY_INTENSITY
S5,months_since_rate_change,SECONDARY,intrinsic,3,event_count,4,0.19999999999999998,DESCRIPTIVE_OBSERVED_REGISTRY_INTENSITY
S5,months_since_rate_change,SECONDARY,intrinsic,3,affected_municipality_count,4,0.19999999999999998,DESCRIPTIVE_OBSERVED_REGISTRY_INTENSITY
S5,months_since_rate_change,SECONDARY,intrinsic,3,affected_share,4,0.19999999999999998,DESCRIPTIVE_OBSERVED_REGISTRY_INTENSITY
S6,usd_rub_last,SECONDARY,intrinsic,3,event_count,4,0.79999999999999993,DESCRIPTIVE_OBSERVED_REGISTRY_INTENSITY
S6,usd_rub_last,SECONDARY,intrinsic,3,affected_municipality_count,4,0.79999999999999993,DESCRIPTIVE_OBSERVED_REGISTRY_INTENSITY
S6,usd_rub_last,SECONDARY,intrinsic,3,affected_share,4,0.79999999999999993,DESCRIPTIVE_OBSERVED_REGISTRY_INTENSITY
P2,usd_rub_change_1m,PRIMARY,signed,3,event_count,4,-0.19999999999999998,DESCRIPTIVE_OBSERVED_REGISTRY_INTENSITY
P2,usd_rub_change_1m,PRIMARY,signed,3,affected_municipality_count,4,-0.19999999999999998,DESCRIPTIVE_OBSERVED_REGISTRY_INTENSITY
P2,usd_rub_change_1m,PRIMARY,signed,3,affected_share,4,-0.19999999999999998,DESCRIPTIVE_OBSERVED_REGISTRY_INTENSITY
P2,usd_rub_change_1m,PRIMARY,absolute_descriptive,3,event_count,4,-0.39999999999999997,DESCRIPTIVE_OBSERVED_REGISTRY_INTENSITY
P2,usd_rub_change_1m,PRIMARY,absolute_descriptive,3,affected_municipality_count,4,-0.39999999999999997,DESCRIPTIVE_OBSERVED_REGISTRY_INTENSITY
P2,usd_rub_change_1m,PRIMARY,absolute_descriptive,3,affected_share,4,-0.39999999999999997,DESCRIPTIVE_OBSERVED_REGISTRY_INTENSITY
P3,usd_rub_change_3m,PRIMARY,signed,3,event_count,4,0.79999999999999993,DESCRIPTIVE_OBSERVED_REGISTRY_INTENSITY
P3,usd_rub_change_3m,PRIMARY,signed,3,affected_municipality_count,4,0.79999999999999993,DESCRIPTIVE_OBSERVED_REGISTRY_INTENSITY
P3,usd_rub_change_3m,PRIMARY,signed,3,affected_share,4,0.79999999999999993,DESCRIPTIVE_OBSERVED_REGISTRY_INTENSITY
P3,usd_rub_change_3m,PRIMARY,absolute_descriptive,3,event_count,4,-0.60000000000000009,DESCRIPTIVE_OBSERVED_REGISTRY_INTENSITY
P3,usd_rub_change_3m,PRIMARY,absolute_descriptive,3,affected_municipality_count,4,-0.60000000000000009,DESCRIPTIVE_OBSERVED_REGISTRY_INTENSITY
P3,usd_rub_change_3m,PRIMARY,absolute_descriptive,3,affected_share,4,-0.60000000000000009,DESCRIPTIVE_OBSERVED_REGISTRY_INTENSITY
S9,usd_rub_vol_1m,SECONDARY,intrinsic,3,event_count,4,-0.79999999999999993,DESCRIPTIVE_OBSERVED_REGISTRY_INTENSITY
S9,usd_rub_vol_1m,SECONDARY,intrinsic,3,affected_municipality_count,4,-0.79999999999999993,DESCRIPTIVE_OBSERVED_REGISTRY_INTENSITY
S9,usd_rub_vol_1m,SECONDARY,intrinsic,3,affected_share,4,-0.79999999999999993,DESCRIPTIVE_OBSERVED_REGISTRY_INTENSITY
P4,usd_rub_vol_3m,PRIMARY,intrinsic,3,event_count,4,-1,DESCRIPTIVE_OBSERVED_REGISTRY_INTENSITY
P4,usd_rub_vol_3m,PRIMARY,intrinsic,3,affected_municipality_count,4,-1,DESCRIPTIVE_OBSERVED_REGISTRY_INTENSITY
P4,usd_rub_vol_3m,PRIMARY,intrinsic,3,affected_share,4,-1,DESCRIPTIVE_OBSERVED_REGISTRY_INTENSITY
