diagnostic_id,feature,role,transform,k,n_eligible,n_positive,n_negative,n_missing_feature,positive_mean,negative_mean,positive_median,negative_median,difference_in_means,difference_in_medians,rank_biserial,comparison_status,omitted_onset_date,n_origins_removed,removed_origins,removal_status,effect_sign,effect_ratio_to_full,stability_status,one_event_driven
P1,key_rate_change_3m,PRIMARY,signed,1,5,5,0,0,1.3999999999999999,NA,2,NA,NA,NA,NA,NONESTIMABLE_NO_NEGATIVE_DATES,2024-05-31,1,"[""2024-04-30""]",REMOVED,NA,NA,NONESTIMABLE_CONTRAST,NA
P1,key_rate_change_3m,PRIMARY,absolute_descriptive,1,5,5,0,0,1.3999999999999999,NA,2,NA,NA,NA,NA,NONESTIMABLE_NO_NEGATIVE_DATES,2024-05-31,1,"[""2024-04-30""]",REMOVED,NA,NA,NONESTIMABLE_CONTRAST,NA
P2,usd_rub_change_1m,PRIMARY,signed,1,5,5,0,0,0.0026166041535478387,NA,0.0067644000885420004,NA,NA,NA,NA,NONESTIMABLE_NO_NEGATIVE_DATES,2024-05-31,1,"[""2024-04-30""]",REMOVED,NA,NA,NONESTIMABLE_CONTRAST,NA
P2,usd_rub_change_1m,PRIMARY,absolute_descriptive,1,5,5,0,0,0.02744616069107924,NA,0.021945517926711702,NA,NA,NA,NA,NONESTIMABLE_NO_NEGATIVE_DATES,2024-05-31,1,"[""2024-04-30""]",REMOVED,NA,NA,NONESTIMABLE_CONTRAST,NA
P3,usd_rub_change_3m,PRIMARY,signed,1,5,5,0,0,-0.012983535407497044,NA,-0.022926741354633601,NA,NA,NA,NA,NONESTIMABLE_NO_NEGATIVE_DATES,2024-05-31,1,"[""2024-04-30""]",REMOVED,NA,NA,NONESTIMABLE_CONTRAST,NA
P3,usd_rub_change_3m,PRIMARY,absolute_descriptive,1,5,5,0,0,0.050408610741607407,NA,0.061207440613211699,NA,NA,NA,NA,NONESTIMABLE_NO_NEGATIVE_DATES,2024-05-31,1,"[""2024-04-30""]",REMOVED,NA,NA,NONESTIMABLE_CONTRAST,NA
P4,usd_rub_vol_3m,PRIMARY,intrinsic,1,5,5,0,0,0.0098208461521602994,NA,0.011204701124745101,NA,NA,NA,NA,NONESTIMABLE_NO_NEGATIVE_DATES,2024-05-31,1,"[""2024-04-30""]",REMOVED,NA,NA,NONESTIMABLE_CONTRAST,NA
P1,key_rate_change_3m,PRIMARY,signed,3,3,3,0,0,0.66666666666666663,NA,0,NA,NA,NA,NA,NONESTIMABLE_NO_NEGATIVE_DATES,2024-05-31,1,"[""2024-04-30""]",REMOVED,NA,NA,NONESTIMABLE_CONTRAST,NA
P1,key_rate_change_3m,PRIMARY,absolute_descriptive,3,3,3,0,0,0.66666666666666663,NA,0,NA,NA,NA,NA,NONESTIMABLE_NO_NEGATIVE_DATES,2024-05-31,1,"[""2024-04-30""]",REMOVED,NA,NA,NONESTIMABLE_CONTRAST,NA
P2,usd_rub_change_1m,PRIMARY,signed,3,3,3,0,0,-0.0184364970850955,NA,-0.021945517926711702,NA,NA,NA,NA,NONESTIMABLE_NO_NEGATIVE_DATES,2024-05-31,1,"[""2024-04-30""]",REMOVED,NA,NA,NONESTIMABLE_CONTRAST,NA
P2,usd_rub_change_1m,PRIMARY,absolute_descriptive,3,3,3,0,0,0.0229460971441235,NA,0.021945517926711702,NA,NA,NA,NA,NONESTIMABLE_NO_NEGATIVE_DATES,2024-05-31,1,"[""2024-04-30""]",REMOVED,NA,NA,NONESTIMABLE_CONTRAST,NA
P3,usd_rub_change_3m,PRIMARY,signed,3,3,3,0,0,-0.052826788457587037,NA,-0.061207440613211699,NA,NA,NA,NA,NONESTIMABLE_NO_NEGATIVE_DATES,2024-05-31,1,"[""2024-04-30""]",REMOVED,NA,NA,NONESTIMABLE_CONTRAST,NA
P3,usd_rub_change_3m,PRIMARY,absolute_descriptive,3,3,3,0,0,0.052826788457587037,NA,0.061207440613211699,NA,NA,NA,NA,NONESTIMABLE_NO_NEGATIVE_DATES,2024-05-31,1,"[""2024-04-30""]",REMOVED,NA,NA,NONESTIMABLE_CONTRAST,NA
P4,usd_rub_vol_3m,PRIMARY,intrinsic,3,3,3,0,0,0.0090979829849683336,NA,0.011204701124745101,NA,NA,NA,NA,NONESTIMABLE_NO_NEGATIVE_DATES,2024-05-31,1,"[""2024-04-30""]",REMOVED,NA,NA,NONESTIMABLE_CONTRAST,NA
P1,key_rate_change_3m,PRIMARY,signed,1,5,5,0,0,1.3999999999999999,NA,2,NA,NA,NA,NA,NONESTIMABLE_NO_NEGATIVE_DATES,2024-06-30,1,"[""2024-05-31""]",REMOVED,NA,NA,NONESTIMABLE_CONTRAST,NA
P1,key_rate_change_3m,PRIMARY,absolute_descriptive,1,5,5,0,0,1.3999999999999999,NA,2,NA,NA,NA,NA,NONESTIMABLE_NO_NEGATIVE_DATES,2024-06-30,1,"[""2024-05-31""]",REMOVED,NA,NA,NONESTIMABLE_CONTRAST,NA
P2,usd_rub_change_1m,PRIMARY,signed,1,5,5,0,0,0.0057308391982577398,NA,0.0067644000885420004,NA,NA,NA,NA,NONESTIMABLE_NO_NEGATIVE_DATES,2024-06-30,1,"[""2024-05-31""]",REMOVED,NA,NA,NONESTIMABLE_CONTRAST,NA
P2,usd_rub_change_1m,PRIMARY,absolute_descriptive,1,5,5,0,0,0.024331925646369341,NA,0.013659524507664099,NA,NA,NA,NA,NONESTIMABLE_NO_NEGATIVE_DATES,2024-06-30,1,"[""2024-05-31""]",REMOVED,NA,NA,NONESTIMABLE_CONTRAST,NA
P3,usd_rub_change_3m,PRIMARY,signed,1,5,5,0,0,-0.0036124188374520192,NA,0.015471064828861601,NA,NA,NA,NA,NONESTIMABLE_NO_NEGATIVE_DATES,2024-06-30,1,"[""2024-05-31""]",REMOVED,NA,NA,NONESTIMABLE_CONTRAST,NA
P3,usd_rub_change_3m,PRIMARY,absolute_descriptive,1,5,5,0,0,0.050609030769798981,NA,0.061207440613211699,NA,NA,NA,NA,NONESTIMABLE_NO_NEGATIVE_DATES,2024-06-30,1,"[""2024-05-31""]",REMOVED,NA,NA,NONESTIMABLE_CONTRAST,NA
P4,usd_rub_vol_3m,PRIMARY,intrinsic,1,5,5,0,0,0.0097739868928550799,NA,0.011204701124745101,NA,NA,NA,NA,NONESTIMABLE_NO_NEGATIVE_DATES,2024-06-30,1,"[""2024-05-31""]",REMOVED,NA,NA,NONESTIMABLE_CONTRAST,NA
P1,key_rate_change_3m,PRIMARY,signed,3,2,2,0,0,1,NA,1,NA,NA,NA,NA,NONESTIMABLE_NO_NEGATIVE_DATES,2024-06-30,2,"[""2024-04-30"", ""2024-05-31""]",REMOVED,NA,NA,NONESTIMABLE_CONTRAST,NA
P1,key_rate_change_3m,PRIMARY,absolute_descriptive,3,2,2,0,0,1,NA,1,NA,NA,NA,NA,NONESTIMABLE_NO_NEGATIVE_DATES,2024-06-30,2,"[""2024-04-30"", ""2024-05-31""]",REMOVED,NA,NA,NONESTIMABLE_CONTRAST,NA
P2,usd_rub_change_1m,PRIMARY,signed,3,2,2,0,0,-0.016681986664287399,NA,-0.016681986664287399,NA,NA,NA,NA,NONESTIMABLE_NO_NEGATIVE_DATES,2024-06-30,2,"[""2024-04-30"", ""2024-05-31""]",REMOVED,NA,NA,NONESTIMABLE_CONTRAST,NA
P2,usd_rub_change_1m,PRIMARY,absolute_descriptive,3,2,2,0,0,0.023446386752829403,NA,0.023446386752829403,NA,NA,NA,NA,NONESTIMABLE_NO_NEGATIVE_DATES,2024-06-30,2,"[""2024-04-30"", ""2024-05-31""]",REMOVED,NA,NA,NONESTIMABLE_CONTRAST,NA
P3,usd_rub_change_3m,PRIMARY,signed,3,2,2,0,0,-0.067776812009063755,NA,-0.067776812009063755,NA,NA,NA,NA,NONESTIMABLE_NO_NEGATIVE_DATES,2024-06-30,2,"[""2024-04-30"", ""2024-05-31""]",REMOVED,NA,NA,NONESTIMABLE_CONTRAST,NA
P3,usd_rub_change_3m,PRIMARY,absolute_descriptive,3,2,2,0,0,0.067776812009063755,NA,0.067776812009063755,NA,NA,NA,NA,NONESTIMABLE_NO_NEGATIVE_DATES,2024-06-30,2,"[""2024-04-30"", ""2024-05-31""]",REMOVED,NA,NA,NONESTIMABLE_CONTRAST,NA
P4,usd_rub_vol_3m,PRIMARY,intrinsic,3,2,2,0,0,0.011391380666559099,NA,0.011391380666559099,NA,NA,NA,NA,NONESTIMABLE_NO_NEGATIVE_DATES,2024-06-30,2,"[""2024-04-30"", ""2024-05-31""]",REMOVED,NA,NA,NONESTIMABLE_CONTRAST,NA
P1,key_rate_change_3m,PRIMARY,signed,1,5,5,0,0,1.3999999999999999,NA,2,NA,NA,NA,NA,NONESTIMABLE_NO_NEGATIVE_DATES,2024-07-31,1,"[""2024-06-30""]",REMOVED,NA,NA,NONESTIMABLE_CONTRAST,NA
P1,key_rate_change_3m,PRIMARY,absolute_descriptive,1,5,5,0,0,1.3999999999999999,NA,2,NA,NA,NA,NA,NONESTIMABLE_NO_NEGATIVE_DATES,2024-07-31,1,"[""2024-06-30""]",REMOVED,NA,NA,NONESTIMABLE_CONTRAST,NA
P2,usd_rub_change_1m,PRIMARY,signed,1,5,5,0,0,0.0093674102963387587,NA,0.0067644000885420004,NA,NA,NA,NA,NONESTIMABLE_NO_NEGATIVE_DATES,2024-07-31,1,"[""2024-06-30""]",REMOVED,NA,NA,NONESTIMABLE_CONTRAST,NA
P2,usd_rub_change_1m,PRIMARY,absolute_descriptive,1,5,5,0,0,0.02069535454828832,NA,0.013659524507664099,NA,NA,NA,NA,NONESTIMABLE_NO_NEGATIVE_DATES,2024-07-31,1,"[""2024-06-30""]",REMOVED,NA,NA,NONESTIMABLE_CONTRAST,NA
P3,usd_rub_change_3m,PRIMARY,signed,1,5,5,0,0,0.0066714695726044189,NA,0.015471064828861601,NA,NA,NA,NA,NONESTIMABLE_NO_NEGATIVE_DATES,2024-07-31,1,"[""2024-06-30""]",REMOVED,NA,NA,NONESTIMABLE_CONTRAST,NA
P3,usd_rub_change_3m,PRIMARY,absolute_descriptive,1,5,5,0,0,0.040325142359742536,NA,0.023928841495591501,NA,NA,NA,NA,NONESTIMABLE_NO_NEGATIVE_DATES,2024-07-31,1,"[""2024-06-30""]",REMOVED,NA,NA,NONESTIMABLE_CONTRAST,NA
P4,usd_rub_vol_3m,PRIMARY,intrinsic,1,5,5,0,0,0.0084352841922634182,NA,0.0087386153631731998,NA,NA,NA,NA,NONESTIMABLE_NO_NEGATIVE_DATES,2024-07-31,1,"[""2024-06-30""]",REMOVED,NA,NA,NONESTIMABLE_CONTRAST,NA
P1,key_rate_change_3m,PRIMARY,signed,3,1,1,0,0,2,NA,2,NA,NA,NA,NA,NONESTIMABLE_NO_NEGATIVE_DATES,2024-07-31,3,"[""2024-04-30"", ""2024-05-31"", ""2024-06-30""]",REMOVED,NA,NA,NONESTIMABLE_CONTRAST,NA
P1,key_rate_change_3m,PRIMARY,absolute_descriptive,3,1,1,0,0,2,NA,2,NA,NA,NA,NA,NONESTIMABLE_NO_NEGATIVE_DATES,2024-07-31,3,"[""2024-04-30"", ""2024-05-31"", ""2024-06-30""]",REMOVED,NA,NA,NONESTIMABLE_CONTRAST,NA
P2,usd_rub_change_1m,PRIMARY,signed,3,1,1,0,0,0.0067644000885420004,NA,0.0067644000885420004,NA,NA,NA,NA,NONESTIMABLE_NO_NEGATIVE_DATES,2024-07-31,3,"[""2024-04-30"", ""2024-05-31"", ""2024-06-30""]",REMOVED,NA,NA,NONESTIMABLE_CONTRAST,NA
P2,usd_rub_change_1m,PRIMARY,absolute_descriptive,3,1,1,0,0,0.0067644000885420004,NA,0.0067644000885420004,NA,NA,NA,NA,NONESTIMABLE_NO_NEGATIVE_DATES,2024-07-31,3,"[""2024-04-30"", ""2024-05-31"", ""2024-06-30""]",REMOVED,NA,NA,NONESTIMABLE_CONTRAST,NA
P3,usd_rub_change_3m,PRIMARY,signed,3,1,1,0,0,-0.061207440613211699,NA,-0.061207440613211699,NA,NA,NA,NA,NONESTIMABLE_NO_NEGATIVE_DATES,2024-07-31,3,"[""2024-04-30"", ""2024-05-31"", ""2024-06-30""]",REMOVED,NA,NA,NONESTIMABLE_CONTRAST,NA
P3,usd_rub_change_3m,PRIMARY,absolute_descriptive,3,1,1,0,0,0.061207440613211699,NA,0.061207440613211699,NA,NA,NA,NA,NONESTIMABLE_NO_NEGATIVE_DATES,2024-07-31,3,"[""2024-04-30"", ""2024-05-31"", ""2024-06-30""]",REMOVED,NA,NA,NONESTIMABLE_CONTRAST,NA
P4,usd_rub_vol_3m,PRIMARY,intrinsic,3,1,1,0,0,0.011578060208373099,NA,0.011578060208373099,NA,NA,NA,NA,NONESTIMABLE_NO_NEGATIVE_DATES,2024-07-31,3,"[""2024-04-30"", ""2024-05-31"", ""2024-06-30""]",REMOVED,NA,NA,NONESTIMABLE_CONTRAST,NA
P1,key_rate_change_3m,PRIMARY,signed,1,5,5,0,0,1,NA,0,NA,NA,NA,NA,NONESTIMABLE_NO_NEGATIVE_DATES,2024-08-31,1,"[""2024-07-31""]",REMOVED,NA,NA,NONESTIMABLE_CONTRAST,NA
P1,key_rate_change_3m,PRIMARY,absolute_descriptive,1,5,5,0,0,1,NA,0,NA,NA,NA,NA,NONESTIMABLE_NO_NEGATIVE_DATES,2024-08-31,1,"[""2024-07-31""]",REMOVED,NA,NA,NONESTIMABLE_CONTRAST,NA
P2,usd_rub_change_1m,PRIMARY,signed,1,5,5,0,0,-1.1144404793000592e-05,NA,-0.0063743427031622002,NA,NA,NA,NA,NONESTIMABLE_NO_NEGATIVE_DATES,2024-08-31,1,"[""2024-07-31""]",REMOVED,NA,NA,NONESTIMABLE_CONTRAST,NA
P2,usd_rub_change_1m,PRIMARY,absolute_descriptive,1,5,5,0,0,0.027368149214003278,NA,0.021945517926711702,NA,NA,NA,NA,NONESTIMABLE_NO_NEGATIVE_DATES,2024-08-31,1,"[""2024-07-31""]",REMOVED,NA,NA,NONESTIMABLE_CONTRAST,NA
P3,usd_rub_change_3m,PRIMARY,signed,1,5,5,0,0,0.0040437210142635991,NA,0.015471064828861601,NA,NA,NA,NA,NONESTIMABLE_NO_NEGATIVE_DATES,2024-08-31,1,"[""2024-07-31""]",REMOVED,NA,NA,NONESTIMABLE_CONTRAST,NA
P3,usd_rub_change_3m,PRIMARY,absolute_descriptive,1,5,5,0,0,0.042952890918083367,NA,0.023928841495591501,NA,NA,NA,NA,NONESTIMABLE_NO_NEGATIVE_DATES,2024-08-31,1,"[""2024-07-31""]",REMOVED,NA,NA,NONESTIMABLE_CONTRAST,NA
P4,usd_rub_vol_3m,PRIMARY,intrinsic,1,5,5,0,0,0.0083606123755378195,NA,0.0087386153631731998,NA,NA,NA,NA,NONESTIMABLE_NO_NEGATIVE_DATES,2024-08-31,1,"[""2024-07-31""]",REMOVED,NA,NA,NONESTIMABLE_CONTRAST,NA
P1,key_rate_change_3m,PRIMARY,signed,3,1,1,0,0,0,NA,0,NA,NA,NA,NA,NONESTIMABLE_NO_NEGATIVE_DATES,2024-08-31,3,"[""2024-05-31"", ""2024-06-30"", ""2024-07-31""]",REMOVED,NA,NA,NONESTIMABLE_CONTRAST,NA
P1,key_rate_change_3m,PRIMARY,absolute_descriptive,3,1,1,0,0,0,NA,0,NA,NA,NA,NA,NONESTIMABLE_NO_NEGATIVE_DATES,2024-08-31,3,"[""2024-05-31"", ""2024-06-30"", ""2024-07-31""]",REMOVED,NA,NA,NONESTIMABLE_CONTRAST,NA
P2,usd_rub_change_1m,PRIMARY,signed,3,1,1,0,0,-0.0063743427031622002,NA,-0.0063743427031622002,NA,NA,NA,NA,NONESTIMABLE_NO_NEGATIVE_DATES,2024-08-31,3,"[""2024-05-31"", ""2024-06-30"", ""2024-07-31""]",REMOVED,NA,NA,NONESTIMABLE_CONTRAST,NA
P2,usd_rub_change_1m,PRIMARY,absolute_descriptive,3,1,1,0,0,0.0063743427031622002,NA,0.0063743427031622002,NA,NA,NA,NA,NONESTIMABLE_NO_NEGATIVE_DATES,2024-08-31,3,"[""2024-05-31"", ""2024-06-30"", ""2024-07-31""]",REMOVED,NA,NA,NONESTIMABLE_CONTRAST,NA
P3,usd_rub_change_3m,PRIMARY,signed,3,1,1,0,0,0.023928841495591501,NA,0.023928841495591501,NA,NA,NA,NA,NONESTIMABLE_NO_NEGATIVE_DATES,2024-08-31,3,"[""2024-05-31"", ""2024-06-30"", ""2024-07-31""]",REMOVED,NA,NA,NONESTIMABLE_CONTRAST,NA
P3,usd_rub_change_3m,PRIMARY,absolute_descriptive,3,1,1,0,0,0.023928841495591501,NA,0.023928841495591501,NA,NA,NA,NA,NONESTIMABLE_NO_NEGATIVE_DATES,2024-08-31,3,"[""2024-05-31"", ""2024-06-30"", ""2024-07-31""]",REMOVED,NA,NA,NONESTIMABLE_CONTRAST,NA
P4,usd_rub_vol_3m,PRIMARY,intrinsic,3,1,1,0,0,0.0042768913252607,NA,0.0042768913252607,NA,NA,NA,NA,NONESTIMABLE_NO_NEGATIVE_DATES,2024-08-31,3,"[""2024-05-31"", ""2024-06-30"", ""2024-07-31""]",REMOVED,NA,NA,NONESTIMABLE_CONTRAST,NA
P1,key_rate_change_3m,PRIMARY,signed,1,5,5,0,0,1,NA,0,NA,NA,NA,NA,NONESTIMABLE_NO_NEGATIVE_DATES,2024-09-30,1,"[""2024-08-31""]",REMOVED,NA,NA,NONESTIMABLE_CONTRAST,NA
P1,key_rate_change_3m,PRIMARY,absolute_descriptive,1,5,5,0,0,1,NA,0,NA,NA,NA,NA,NONESTIMABLE_NO_NEGATIVE_DATES,2024-09-30,1,"[""2024-08-31""]",REMOVED,NA,NA,NONESTIMABLE_CONTRAST,NA
P2,usd_rub_change_1m,PRIMARY,signed,1,5,5,0,0,-0.0096048618901569214,NA,-0.0063743427031622002,NA,NA,NA,NA,NONESTIMABLE_NO_NEGATIVE_DATES,2024-09-30,1,"[""2024-08-31""]",REMOVED,NA,NA,NONESTIMABLE_CONTRAST,NA
P2,usd_rub_change_1m,PRIMARY,absolute_descriptive,1,5,5,0,0,0.017774431728639357,NA,0.013659524507664099,NA,NA,NA,NA,NONESTIMABLE_NO_NEGATIVE_DATES,2024-09-30,1,"[""2024-08-31""]",REMOVED,NA,NA,NONESTIMABLE_CONTRAST,NA
P3,usd_rub_change_3m,PRIMARY,signed,1,5,5,0,0,-0.011291980074151059,NA,-0.022926741354633601,NA,NA,NA,NA,NONESTIMABLE_NO_NEGATIVE_DATES,2024-09-30,1,"[""2024-08-31""]",REMOVED,NA,NA,NONESTIMABLE_CONTRAST,NA
P3,usd_rub_change_3m,PRIMARY,absolute_descriptive,1,5,5,0,0,0.05210016607495338,NA,0.061207440613211699,NA,NA,NA,NA,NONESTIMABLE_NO_NEGATIVE_DATES,2024-09-30,1,"[""2024-08-31""]",REMOVED,NA,NA,NONESTIMABLE_CONTRAST,NA
P4,usd_rub_vol_3m,PRIMARY,intrinsic,1,5,5,0,0,0.0080618911286677794,NA,0.0087386153631731998,NA,NA,NA,NA,NONESTIMABLE_NO_NEGATIVE_DATES,2024-09-30,1,"[""2024-08-31""]",REMOVED,NA,NA,NONESTIMABLE_CONTRAST,NA
P1,key_rate_change_3m,PRIMARY,signed,3,2,2,0,0,0,NA,0,NA,NA,NA,NA,NONESTIMABLE_NO_NEGATIVE_DATES,2024-09-30,2,"[""2024-06-30"", ""2024-07-31""]",REMOVED,NA,NA,NONESTIMABLE_CONTRAST,NA
P1,key_rate_change_3m,PRIMARY,absolute_descriptive,3,2,2,0,0,0,NA,0,NA,NA,NA,NA,NONESTIMABLE_NO_NEGATIVE_DATES,2024-09-30,2,"[""2024-06-30"", ""2024-07-31""]",REMOVED,NA,NA,NONESTIMABLE_CONTRAST,NA
P2,usd_rub_change_1m,PRIMARY,signed,3,2,2,0,0,-0.014159930314936951,NA,-0.014159930314936951,NA,NA,NA,NA,NONESTIMABLE_NO_NEGATIVE_DATES,2024-09-30,2,"[""2024-06-30"", ""2024-07-31""]",REMOVED,NA,NA,NONESTIMABLE_CONTRAST,NA
P2,usd_rub_change_1m,PRIMARY,absolute_descriptive,3,2,2,0,0,0.014159930314936951,NA,0.014159930314936951,NA,NA,NA,NA,NONESTIMABLE_NO_NEGATIVE_DATES,2024-09-30,2,"[""2024-06-30"", ""2024-07-31""]",REMOVED,NA,NA,NONESTIMABLE_CONTRAST,NA
P3,usd_rub_change_3m,PRIMARY,signed,3,2,2,0,0,0.00050105007047895021,NA,0.00050105007047895021,NA,NA,NA,NA,NONESTIMABLE_NO_NEGATIVE_DATES,2024-09-30,2,"[""2024-06-30"", ""2024-07-31""]",REMOVED,NA,NA,NONESTIMABLE_CONTRAST,NA
P3,usd_rub_change_3m,PRIMARY,absolute_descriptive,3,2,2,0,0,0.023427791425112553,NA,0.023427791425112553,NA,NA,NA,NA,NONESTIMABLE_NO_NEGATIVE_DATES,2024-09-30,2,"[""2024-06-30"", ""2024-07-31""]",REMOVED,NA,NA,NONESTIMABLE_CONTRAST,NA
P4,usd_rub_vol_3m,PRIMARY,intrinsic,3,2,2,0,0,0.0043940394735237503,NA,0.0043940394735237503,NA,NA,NA,NA,NONESTIMABLE_NO_NEGATIVE_DATES,2024-09-30,2,"[""2024-06-30"", ""2024-07-31""]",REMOVED,NA,NA,NONESTIMABLE_CONTRAST,NA
P1,key_rate_change_3m,PRIMARY,signed,1,5,5,0,0,0.80000000000000004,NA,0,NA,NA,NA,NA,NONESTIMABLE_NO_NEGATIVE_DATES,2024-10-31,1,"[""2024-09-30""]",REMOVED,NA,NA,NONESTIMABLE_CONTRAST,NA
P1,key_rate_change_3m,PRIMARY,absolute_descriptive,1,5,5,0,0,0.80000000000000004,NA,0,NA,NA,NA,NA,NONESTIMABLE_NO_NEGATIVE_DATES,2024-10-31,1,"[""2024-09-30""]",REMOVED,NA,NA,NONESTIMABLE_CONTRAST,NA
P2,usd_rub_change_1m,PRIMARY,signed,1,5,5,0,0,-0.0013901692886174211,NA,-0.0063743427031622002,NA,NA,NA,NA,NONESTIMABLE_NO_NEGATIVE_DATES,2024-10-31,1,"[""2024-09-30""]",REMOVED,NA,NA,NONESTIMABLE_CONTRAST,NA
P2,usd_rub_change_1m,PRIMARY,absolute_descriptive,1,5,5,0,0,0.025989124330178859,NA,0.021945517926711702,NA,NA,NA,NA,NONESTIMABLE_NO_NEGATIVE_DATES,2024-10-31,1,"[""2024-09-30""]",REMOVED,NA,NA,NONESTIMABLE_CONTRAST,NA
P3,usd_rub_change_3m,PRIMARY,signed,1,5,5,0,0,-0.023816091809661599,NA,-0.022926741354633601,NA,NA,NA,NA,NONESTIMABLE_NO_NEGATIVE_DATES,2024-10-31,1,"[""2024-09-30""]",REMOVED,NA,NA,NONESTIMABLE_CONTRAST,NA
P3,usd_rub_change_3m,PRIMARY,absolute_descriptive,1,5,5,0,0,0.039576054339442841,NA,0.023928841495591501,NA,NA,NA,NA,NONESTIMABLE_NO_NEGATIVE_DATES,2024-10-31,1,"[""2024-09-30""]",REMOVED,NA,NA,NONESTIMABLE_CONTRAST,NA
P4,usd_rub_vol_3m,PRIMARY,intrinsic,1,5,5,0,0,0.0089285013445777987,NA,0.011204701124745101,NA,NA,NA,NA,NONESTIMABLE_NO_NEGATIVE_DATES,2024-10-31,1,"[""2024-09-30""]",REMOVED,NA,NA,NONESTIMABLE_CONTRAST,NA
P1,key_rate_change_3m,PRIMARY,signed,3,3,3,0,0,0,NA,0,NA,NA,NA,NA,NONESTIMABLE_NO_NEGATIVE_DATES,2024-10-31,1,"[""2024-07-31""]",REMOVED,NA,NA,NONESTIMABLE_CONTRAST,NA
P1,key_rate_change_3m,PRIMARY,absolute_descriptive,3,3,3,0,0,0,NA,0,NA,NA,NA,NA,NONESTIMABLE_NO_NEGATIVE_DATES,2024-10-31,1,"[""2024-07-31""]",REMOVED,NA,NA,NONESTIMABLE_CONTRAST,NA
P2,usd_rub_change_1m,PRIMARY,signed,3,3,3,0,0,-0.022816078015663568,NA,-0.021945517926711702,NA,NA,NA,NA,NONESTIMABLE_NO_NEGATIVE_DATES,2024-10-31,1,"[""2024-07-31""]",REMOVED,NA,NA,NONESTIMABLE_CONTRAST,NA
P2,usd_rub_change_1m,PRIMARY,absolute_descriptive,3,3,3,0,0,0.022816078015663568,NA,0.021945517926711702,NA,NA,NA,NA,NONESTIMABLE_NO_NEGATIVE_DATES,2024-10-31,1,"[""2024-07-31""]",REMOVED,NA,NA,NONESTIMABLE_CONTRAST,NA
P3,usd_rub_change_3m,PRIMARY,signed,3,3,3,0,0,-0.024448027754652633,NA,-0.022926741354633601,NA,NA,NA,NA,NONESTIMABLE_NO_NEGATIVE_DATES,2024-10-31,1,"[""2024-07-31""]",REMOVED,NA,NA,NONESTIMABLE_CONTRAST,NA
P3,usd_rub_change_3m,PRIMARY,absolute_descriptive,3,3,3,0,0,0.040400588751713637,NA,0.023928841495591501,NA,NA,NA,NA,NONESTIMABLE_NO_NEGATIVE_DATES,2024-10-31,1,"[""2024-07-31""]",REMOVED,NA,NA,NONESTIMABLE_CONTRAST,NA
P4,usd_rub_vol_3m,PRIMARY,intrinsic,3,3,3,0,0,0.0066642600239308668,NA,0.0045111876217867998,NA,NA,NA,NA,NONESTIMABLE_NO_NEGATIVE_DATES,2024-10-31,1,"[""2024-07-31""]",REMOVED,NA,NA,NONESTIMABLE_CONTRAST,NA
