forecast_origin,key_rate_level,key_rate_delta_last,key_rate_change_3m,key_rate_change_6m,months_since_rate_change,usd_rub_last,usd_rub_change_1m,usd_rub_change_3m,usd_rub_vol_1m,usd_rub_vol_3m,key_rate_last_available_date,key_rate_last_available_at,key_rate_last_effective_date,usd_rub_last_available_date,usd_rub_last_available_at,usd_rub_last_effective_date,key_rate_anchor_3m_date,key_rate_anchor_6m_date,usd_rub_anchor_1m_date,usd_rub_return_count_1m,usd_rub_anchor_3m_date,usd_rub_return_count_3m,usd_rub_method_change_known,usd_rub_method_regime,usd_rub_method_setting_boundary,usd_rub_method_first_effective_date,usd_rub_window_crosses_method_1m,usd_rub_window_crosses_method_3m,max_source_date_used,max_source_available_at_used,key_rate_level_missing,key_rate_delta_last_missing,key_rate_change_3m_missing,key_rate_change_6m_missing,months_since_rate_change_missing,usd_rub_last_missing,usd_rub_change_1m_missing,usd_rub_change_3m_missing,usd_rub_vol_1m_missing,usd_rub_vol_3m_missing,known_label_k1,event_next_1m,event_count_next_1m,affected_municipality_count_next_1m,affected_share_next_1m,event_count_complete_k1,label_known_at_k1,monitoring_eligible_at_risk_count_k1,monitoring_known_municipality_count_k1,monitoring_unknown_municipality_count_k1,monitoring_positive_municipality_count_k1,monitoring_positive_event_count_k1,label_status_k1,known_label_k3,event_next_3m,event_count_next_3m,affected_municipality_count_next_3m,affected_share_next_3m,event_count_complete_k3,label_known_at_k3,monitoring_eligible_at_risk_count_k3,monitoring_known_municipality_count_k3,monitoring_unknown_municipality_count_k3,monitoring_positive_municipality_count_k3,monitoring_positive_event_count_k3,label_status_k3,distance_to_next_onset_months,distance_to_next_onset_evaluation_only,distance_status
2023-12-31,16,1,3,8.5,0,89.688299999999998,0.0090070518943876996,-0.082636797510459506,0.0081506832155571005,0.0084139413321414995,2023-12-18 00:00:00+03:00,2023-12-18 00:00:00+03:00,2023-12-18 00:00:00+03:00,2023-12-30 00:00:00+03:00,2023-12-30 00:00:00+03:00,2023-12-30 00:00:00+03:00,2023-09-18 00:00:00+03:00,2022-09-19 00:00:00+03:00,2023-11-30 00:00:00+03:00,22,2023-09-30 00:00:00+03:00,64,False,pre_june_2024_setting_method,NA,NA,False,False,2023-12-30 00:00:00+03:00,2023-12-30 00:00:00+03:00,False,False,False,False,False,False,False,False,False,False,False,NA,NA,NA,NA,False,,2075,0,2075,0,NA,UNKNOWN_LEFT_INSUFFICIENT,False,NA,NA,NA,NA,False,,2075,0,2075,0,NA,UNKNOWN_LEFT_INSUFFICIENT,5,True,RETROSPECTIVE_REGISTERED_ONSET
2024-01-31,16,1,1,7.5,1,89.288700000000006,-0.0044653856528017004,-0.043339410878594199,0.0062436005187803999,0.0072907473299786999,2023-12-18 00:00:00+03:00,2023-12-18 00:00:00+03:00,2023-12-18 00:00:00+03:00,2024-01-31 00:00:00+03:00,2024-01-31 00:00:00+03:00,2024-01-31 00:00:00+03:00,2023-10-30 00:00:00+03:00,2023-07-24 00:00:00+03:00,2023-12-30 00:00:00+03:00,16,2023-10-31 00:00:00+03:00,59,False,pre_june_2024_setting_method,NA,NA,False,False,2024-01-31 00:00:00+03:00,2024-01-31 00:00:00+03:00,False,False,False,False,False,False,False,False,False,False,False,NA,NA,NA,NA,False,,2083,0,2083,0,NA,UNKNOWN_LEFT_INSUFFICIENT,False,NA,NA,NA,NA,False,,2083,0,2083,0,NA,UNKNOWN_LEFT_INSUFFICIENT,4,True,RETROSPECTIVE_REGISTERED_ONSET
2024-02-29,16,1,1,4,2,91.869200000000006,0.025949563155007901,0.036118851150307697,0.0040194136633888997,0.0063356775927867004,2023-12-18 00:00:00+03:00,2023-12-18 00:00:00+03:00,2023-12-18 00:00:00+03:00,2024-02-29 00:00:00+03:00,2024-02-29 00:00:00+03:00,2024-02-29 00:00:00+03:00,2023-10-30 00:00:00+03:00,2023-08-15 00:00:00+03:00,2024-01-27 00:00:00+03:00,22,2023-11-29 00:00:00+03:00,59,False,pre_june_2024_setting_method,NA,NA,False,False,2024-02-29 00:00:00+03:00,2024-02-29 00:00:00+03:00,False,False,False,False,False,False,False,False,False,False,False,NA,NA,NA,NA,False,,2044,0,2044,0,NA,UNKNOWN_LEFT_INSUFFICIENT,False,NA,NA,NA,NA,False,,2044,0,2044,0,NA,UNKNOWN_LEFT_INSUFFICIENT,3,True,RETROSPECTIVE_REGISTERED_ONSET
2024-03-31,16,1,0,3,3,92.366,0.0053931192752400001,0.0294186197890196,0.0050040135991973999,0.0050514563676757,2023-12-18 00:00:00+03:00,2023-12-18 00:00:00+03:00,2023-12-18 00:00:00+03:00,2024-03-30 00:00:00+03:00,2024-03-30 00:00:00+03:00,2024-03-30 00:00:00+03:00,2023-12-18 00:00:00+03:00,2023-09-18 00:00:00+03:00,2024-02-29 00:00:00+03:00,21,2023-12-30 00:00:00+03:00,57,False,pre_june_2024_setting_method,NA,NA,False,False,2024-03-30 00:00:00+03:00,2024-03-30 00:00:00+03:00,False,False,False,False,False,False,False,False,False,False,False,NA,NA,NA,NA,False,,2053,0,2053,0,NA,UNKNOWN_LEFT_INSUFFICIENT,False,NA,NA,NA,NA,False,,2053,0,2053,0,NA,UNKNOWN_LEFT_INSUFFICIENT,2,True,RETROSPECTIVE_REGISTERED_ONSET
2024-04-30,16,1,0,1,4,91.7791,-0.0063743427031622002,0.023928841495591501,0.0036760053821801998,0.0042768913252607,2023-12-18 00:00:00+03:00,2023-12-18 00:00:00+03:00,2023-12-18 00:00:00+03:00,2024-04-28 00:00:00+03:00,2024-04-28 00:00:00+03:00,2024-04-28 00:00:00+03:00,2023-12-18 00:00:00+03:00,2023-10-30 00:00:00+03:00,2024-03-30 00:00:00+03:00,21,2024-01-30 00:00:00+03:00,63,False,pre_june_2024_setting_method,NA,NA,False,False,2024-04-28 00:00:00+03:00,2024-04-28 00:00:00+03:00,False,False,False,False,False,False,False,False,False,False,True,1,14,14,0.006392694063926941,False,2024-07-31,2054,2023,31,14,14,KNOWN_POSITIVE_WITNESS_PARTIAL_COUNT_COVERAGE,True,1,60,60,0.027397260273972601,False,2024-09-30,2054,2018,36,60,60,KNOWN_POSITIVE_WITNESS_PARTIAL_COUNT_COVERAGE,1,True,RETROSPECTIVE_REGISTERED_ONSET
2024-05-31,16,1,0,1,5,89.786900000000003,-0.021945517926711702,-0.022926741354633601,0.0048872559431661,0.0045111876217867998,2023-12-18 00:00:00+03:00,2023-12-18 00:00:00+03:00,2023-12-18 00:00:00+03:00,2024-05-31 00:00:00+03:00,2024-05-31 00:00:00+03:00,2024-05-31 00:00:00+03:00,2023-12-18 00:00:00+03:00,2023-10-30 00:00:00+03:00,2024-04-28 00:00:00+03:00,19,2024-02-29 00:00:00+03:00,61,False,pre_june_2024_setting_method,NA,NA,False,False,2024-05-31 00:00:00+03:00,2024-05-31 00:00:00+03:00,False,False,False,False,False,False,False,False,False,False,True,1,27,27,0.012328767123287671,False,2024-08-31,2057,2023,34,27,27,KNOWN_POSITIVE_WITNESS_PARTIAL_COUNT_COVERAGE,True,1,53,53,0.024200913242009132,False,2024-10-31,2057,2022,35,53,53,KNOWN_POSITIVE_WITNESS_PARTIAL_COUNT_COVERAGE,1,True,RETROSPECTIVE_REGISTERED_ONSET
2024-06-30,16,1,0,0,6,85.748000000000005,-0.040128373417116801,-0.074346183404915805,0.0183438336699468,0.011204701124745101,2023-12-18 00:00:00+03:00,2023-12-18 00:00:00+03:00,2023-12-18 00:00:00+03:00,2024-06-29 00:00:00+03:00,2024-06-29 00:00:00+03:00,2024-06-29 00:00:00+03:00,2023-12-18 00:00:00+03:00,2023-12-18 00:00:00+03:00,2024-05-30 00:00:00+03:00,21,2024-03-30 00:00:00+03:00,60,True,bank_otc_reporting,2024-06-13,2024-06-14,True,True,2024-06-29 00:00:00+03:00,2024-06-29 00:00:00+03:00,False,False,False,False,False,False,False,False,False,False,True,1,19,19,0.0086757990867579911,False,2024-09-30,2061,2028,33,19,19,KNOWN_POSITIVE_WITNESS_PARTIAL_COUNT_COVERAGE,True,1,30,30,0.013698630136986301,False,2024-11-30,2061,2027,34,30,30,KNOWN_POSITIVE_WITNESS_PARTIAL_COUNT_COVERAGE,1,True,RETROSPECTIVE_REGISTERED_ONSET
2024-07-31,18,2,2,2,0,86.329999999999998,0.0067644000885420004,-0.061207440613211699,0.0064561624164677003,0.011578060208373099,2024-07-29 00:00:00+03:00,2024-07-29 00:00:00+03:00,2024-07-29 00:00:00+03:00,2024-07-31 00:00:00+03:00,2024-07-31 00:00:00+03:00,2024-07-31 00:00:00+03:00,2023-12-18 00:00:00+03:00,2023-12-18 00:00:00+03:00,2024-06-29 00:00:00+03:00,22,2024-04-28 00:00:00+03:00,61,True,bank_otc_reporting,2024-06-13,2024-06-14,False,True,2024-07-31 00:00:00+03:00,2024-07-31 00:00:00+03:00,False,False,False,False,False,False,False,False,False,False,True,1,7,7,0.0031963470319634705,False,2024-10-31,2046,2021,25,7,7,KNOWN_POSITIVE_WITNESS_PARTIAL_COUNT_COVERAGE,True,1,13,13,0.0059360730593607308,False,2024-12-31,2046,2020,26,11,11,KNOWN_POSITIVE_WITNESS_PARTIAL_COUNT_COVERAGE,1,True,RETROSPECTIVE_REGISTERED_ONSET
2024-08-31,18,2,2,2,1,91.186800000000005,0.054732987515361597,0.015471064828861601,0.0119844491645799,0.0130716664427233,2024-07-29 00:00:00+03:00,2024-07-29 00:00:00+03:00,2024-07-29 00:00:00+03:00,2024-08-31 00:00:00+03:00,2024-08-31 00:00:00+03:00,2024-08-31 00:00:00+03:00,2023-12-18 00:00:00+03:00,2023-12-18 00:00:00+03:00,2024-07-31 00:00:00+03:00,23,2024-05-31 00:00:00+03:00,65,True,bank_otc_reporting,2024-06-13,2024-06-14,False,True,2024-08-31 00:00:00+03:00,2024-08-31 00:00:00+03:00,False,False,False,False,False,False,False,False,False,False,True,1,4,4,0.0018264840182648401,False,2024-11-30,2022,1995,27,2,2,KNOWN_POSITIVE_WITNESS_PARTIAL_COUNT_COVERAGE,False,NA,NA,NA,NA,False,,2022,0,2022,0,NA,UNKNOWN_RIGHT_CENSORED,1,True,RETROSPECTIVE_REGISTERED_ONSET
2024-09-30,19,1,3,3,0,92.712599999999995,0.013659524507664099,0.078091623506414298,0.0063771478955675998,0.0087386153631731998,2024-09-16 00:00:00+03:00,2024-09-16 00:00:00+03:00,2024-09-16 00:00:00+03:00,2024-09-28 00:00:00+03:00,2024-09-28 00:00:00+03:00,2024-09-28 00:00:00+03:00,2023-12-18 00:00:00+03:00,2023-12-18 00:00:00+03:00,2024-08-30 00:00:00+03:00,21,2024-06-29 00:00:00+03:00,65,True,bank_otc_reporting,2024-06-13,2024-06-14,False,False,2024-09-28 00:00:00+03:00,2024-09-28 00:00:00+03:00,False,False,False,False,False,False,False,False,False,False,True,1,2,2,0.00091324200913242006,False,2024-12-31,2007,1979,28,2,2,KNOWN_POSITIVE_WITNESS_PARTIAL_COUNT_COVERAGE,False,NA,NA,NA,NA,False,,2007,0,2007,0,NA,UNKNOWN_RIGHT_CENSORED,1,True,RETROSPECTIVE_REGISTERED_ONSET
2024-10-31,21,2,3,5,0,97.052999999999997,0.045752835373034498,0.1170800587909068,0.0058320205222529998,0.0085352392798112003,2024-10-28 00:00:00+03:00,2024-10-28 00:00:00+03:00,2024-10-28 00:00:00+03:00,2024-10-31 00:00:00+03:00,2024-10-31 00:00:00+03:00,2024-10-31 00:00:00+03:00,2024-07-29 00:00:00+03:00,2023-12-18 00:00:00+03:00,2024-09-28 00:00:00+03:00,23,2024-07-31 00:00:00+03:00,66,True,bank_otc_reporting,2024-06-13,2024-06-14,False,False,2024-10-31 00:00:00+03:00,2024-10-31 00:00:00+03:00,False,False,False,False,False,False,False,False,False,False,False,NA,NA,NA,NA,False,,2006,0,2006,0,NA,UNKNOWN_RIGHT_CENSORED,False,NA,NA,NA,NA,False,,2006,0,2006,0,NA,UNKNOWN_RIGHT_CENSORED,NA,True,NO_LATER_REGISTERED_ONSET_FUTURE_UNOBSERVED
2024-11-30,21,2,3,5,1,107.7409,0.1016620748907955,0.16388440950333341,0.0087813112660865,0.0072244280793075004,2024-10-28 00:00:00+03:00,2024-10-28 00:00:00+03:00,2024-10-28 00:00:00+03:00,2024-11-30 00:00:00+03:00,2024-11-30 00:00:00+03:00,2024-11-30 00:00:00+03:00,2024-07-29 00:00:00+03:00,2023-12-18 00:00:00+03:00,2024-10-30 00:00:00+03:00,23,2024-08-30 00:00:00+03:00,66,True,bank_otc_reporting,2024-06-13,2024-06-14,False,False,2024-11-30 00:00:00+03:00,2024-11-30 00:00:00+03:00,False,False,False,False,False,False,False,False,False,False,False,NA,NA,NA,NA,False,,2012,0,2012,0,NA,UNKNOWN_RIGHT_CENSORED,False,NA,NA,NA,NA,False,,2012,0,2012,0,NA,UNKNOWN_RIGHT_CENSORED,NA,True,NO_LATER_REGISTERED_ONSET_FUTURE_UNOBSERVED
