split,horizon,from_model,to_model,mae_from,mae_to,reduction_mae,reduction_pct,observed_share_of_mae_gap,share_status,metric_status,descriptive_only
holdout,1,LastValue,NationalLocalPersistence,1998.756613756614,864.0845735178374,1134.6720402387764,56.76889484338907,,not_applicable,complete,False
holdout,1,SeasonalNaiveYoY,NationalLocalPersistence,920.6969324322156,864.0845735178374,56.612358914378206,6.148859295623446,,not_applicable,complete,False
holdout,1,LightGBMDirect,NationalLocalPersistence,1003.280462890717,864.0845735178374,139.1958893728796,13.874075547312,0.6832357354811615,estimable_descriptive,complete,False
holdout,1,NationalLocalPersistence,NationalLocalLightGBM,864.0845735178374,799.5500633458917,64.53451017194573,7.46854094492332,,not_applicable,complete,False
holdout,3,LastValue,NationalLocalPersistence,2528.4417989417984,1285.6477179676074,1242.794080974191,49.152568253472324,,not_applicable,complete,False
holdout,3,SeasonalNaiveYoY,NationalLocalPersistence,1240.4023074934842,1285.6477179676074,-45.24541047412322,-3.6476399794476273,,not_applicable,complete,False
holdout,3,LightGBMDirect,NationalLocalPersistence,1449.820440292674,1285.6477179676074,164.17272232506662,11.323658969239336,0.6924363530895508,estimable_descriptive,complete,False
holdout,3,NationalLocalPersistence,NationalLocalLightGBM,1285.6477179676074,1212.7261260029177,72.9215919646897,5.671973040948298,,not_applicable,complete,False
holdout,6,LastValue,NationalLocalPersistence,3371.3359788359794,2031.5890895997704,1339.746889236209,39.73934658683242,,not_applicable,complete,False
holdout,6,SeasonalNaiveYoY,NationalLocalPersistence,1906.0109480578103,2031.5890895997704,-125.57814154196012,-6.588532016037049,,not_applicable,complete,False
holdout,6,LightGBMDirect,NationalLocalPersistence,2463.211942458223,2031.5890895997704,431.62285285845246,17.522765516787153,0.7625945554029756,estimable_descriptive,complete,False
holdout,6,NationalLocalPersistence,NationalLocalLightGBM,2031.5890895997704,1897.2193717003956,134.3697178993748,6.614020452622437,,not_applicable,complete,False
holdout,12,LastValue,NationalLocalPersistence,4322.142857142857,4322.142857142857,0.0,0.0,,not_applicable,complete,True
holdout,12,SeasonalNaiveYoY,NationalLocalPersistence,4322.142857142857,4322.142857142857,0.0,0.0,,not_applicable,complete,True
holdout,12,LightGBMDirect,NationalLocalPersistence,4322.142857142857,4322.142857142857,0.0,0.0,,nonpositive_or_unavailable_denominator,complete,True
holdout,12,NationalLocalPersistence,NationalLocalLightGBM,4322.142857142857,4322.142857142857,0.0,0.0,,not_applicable,complete,True
validation,1,LastValue,NationalLocalPersistence,2394.743386243387,1437.2769896069128,957.466396636474,39.982004006635684,,not_applicable,complete,False
validation,1,SeasonalNaiveYoY,NationalLocalPersistence,1354.8970070056657,1437.2769896069128,-82.3799826012471,-6.080165663905892,,not_applicable,complete,False
validation,1,LightGBMDirect,NationalLocalPersistence,2733.2991007075298,1437.2769896069128,1296.022111100617,47.41603693372358,0.9510323178463471,estimable_descriptive,complete,False
validation,1,NationalLocalPersistence,NationalLocalLightGBM,1437.2769896069128,1370.546135555395,66.73085405151778,4.642866652291448,,not_applicable,complete,False
validation,3,LastValue,NationalLocalPersistence,2476.3492063492063,2815.9988927198397,-339.6496863706334,-13.71574273530537,,not_applicable,complete,False
validation,3,SeasonalNaiveYoY,NationalLocalPersistence,2468.2179245714597,2815.9988927198397,-347.78096814838,-14.09036717083087,,not_applicable,complete,False
validation,3,LightGBMDirect,NationalLocalPersistence,2880.022607707908,2815.9988927198397,64.02371498806815,2.2230282087619444,1.0620313531686127,estimable_descriptive,complete,False
validation,3,NationalLocalPersistence,NationalLocalLightGBM,2815.9988927198397,2819.738403482627,-3.7395107627871766,-0.13279517873586097,,not_applicable,complete,False
validation,6,LastValue,NationalLocalPersistence,1496.142857142857,4994.056517590614,-3497.913660447757,-233.7954322842958,,not_applicable,complete,False
validation,6,SeasonalNaiveYoY,NationalLocalPersistence,4777.158730158731,4994.056517590614,-216.89778743188344,-4.540309411587765,,not_applicable,complete,False
validation,6,LightGBMDirect,NationalLocalPersistence,6378.066138649212,4994.056517590614,1384.009621058598,21.699518176393706,1.6230323837309948,estimable_descriptive,complete,False
validation,6,NationalLocalPersistence,NationalLocalLightGBM,4994.056517590614,5525.335389138802,-531.2788715481884,-10.638223049275865,,not_applicable,complete,False
