split,model,horizon,n_predictions,n_municipalities,n_origins,mae_macro,mae_micro,r2_pooled,scope,metric_status,n_native,n_fallback,n_failed,n_requested_all,forecast_coverage,n_rows,descriptive_only
holdout,LastValue,1,378,63,6,1998.756613756614,1998.7566137566137,0.9289844175799431,strategy,complete,378,0,0,378,1.0,378,False
holdout,SeasonalNaiveYoY,1,378,63,6,920.6969324322156,920.6969324322157,0.9878624711157088,strategy,complete,378,0,0,378,1.0,378,False
holdout,LightGBMDirect,1,378,63,6,1003.280462890717,1003.2804628907169,0.9850577019850275,strategy,complete,378,0,0,378,1.0,378,False
holdout,NationalLocalPersistence,1,378,63,6,864.0845735178374,864.0845735178373,0.9874396410607686,strategy,complete,378,0,0,378,1.0,378,False
holdout,NationalLocalLightGBM,1,378,63,6,799.5500633458917,799.5500633458915,0.9907357415388852,strategy,complete,378,0,0,378,1.0,378,False
holdout,LastValue,3,378,63,6,2528.4417989417984,2528.441798941799,0.880684792774551,strategy,complete,378,0,0,378,1.0,378,False
holdout,SeasonalNaiveYoY,3,378,63,6,1240.4023074934842,1240.4023074934846,0.9772044215582123,strategy,complete,378,0,0,378,1.0,378,False
holdout,LightGBMDirect,3,378,63,6,1449.820440292674,1449.8204402926738,0.9620954099595322,strategy,complete,378,0,0,378,1.0,378,False
holdout,NationalLocalPersistence,3,378,63,6,1285.6477179676074,1285.6477179676074,0.963072598422741,strategy,complete,378,0,0,378,1.0,378,False
holdout,NationalLocalLightGBM,3,378,63,6,1212.7261260029177,1212.7261260029177,0.972278695894256,strategy,complete,378,0,0,378,1.0,378,False
holdout,LastValue,6,378,63,6,3371.3359788359794,3371.335978835979,0.8309984773044092,strategy,complete,378,0,0,379,1.0,378,False
holdout,SeasonalNaiveYoY,6,378,63,6,1906.0109480578103,1906.0109480578103,0.9521840566985589,strategy,complete,378,0,0,379,1.0,378,False
holdout,LightGBMDirect,6,378,63,6,2463.211942458223,2463.2119424582224,0.9041426846034823,strategy,complete,378,0,0,379,1.0,378,False
holdout,NationalLocalPersistence,6,378,63,6,2031.5890895997704,2031.58908959977,0.9377723051724128,strategy,complete,378,0,0,379,1.0,378,False
holdout,NationalLocalLightGBM,6,378,63,6,1897.2193717003956,1897.2193717003959,0.9421353630090282,strategy,complete,378,0,0,379,1.0,378,False
holdout,LastValue,12,63,63,1,4322.142857142857,4322.142857142857,0.8309256962369078,strategy,complete,63,0,0,64,1.0,63,True
holdout,SeasonalNaiveYoY,12,63,63,1,4322.142857142857,4322.142857142857,0.8309256962369078,strategy,complete,63,0,0,64,1.0,63,True
holdout,LightGBMDirect,12,63,63,1,4322.142857142857,4322.142857142857,0.8309256962369078,strategy,complete,0,63,0,64,1.0,63,True
holdout,NationalLocalPersistence,12,63,63,1,4322.142857142857,4322.142857142857,0.8309256962369078,strategy,complete,63,0,0,64,1.0,63,True
holdout,NationalLocalLightGBM,12,63,63,1,4322.142857142857,4322.142857142857,0.8309256962369078,strategy,complete,0,63,0,64,1.0,63,True
validation,LastValue,1,378,63,6,2394.743386243387,2394.7433862433863,0.8750226766512401,strategy,complete,378,0,0,380,1.0,378,False
validation,SeasonalNaiveYoY,1,378,63,6,1354.8970070056657,1354.8970070056657,0.964366828302501,strategy,complete,378,0,0,380,1.0,378,False
validation,LightGBMDirect,1,378,63,6,2733.2991007075298,2733.29910070753,0.831886521075319,strategy,complete,378,0,0,380,1.0,378,False
validation,NationalLocalPersistence,1,378,63,6,1437.2769896069128,1437.2769896069128,0.9646384758728239,strategy,complete,378,0,0,380,1.0,378,False
validation,NationalLocalLightGBM,1,378,63,6,1370.546135555395,1370.546135555395,0.9682099074674859,strategy,complete,378,0,0,380,1.0,378,False
validation,LastValue,3,252,63,4,2476.3492063492063,2476.3492063492063,0.8995486549732856,strategy,complete,252,0,0,254,1.0,252,False
validation,SeasonalNaiveYoY,3,252,63,4,2468.2179245714597,2468.2179245714597,0.9032290547160847,strategy,complete,252,0,0,254,1.0,252,False
validation,LightGBMDirect,3,252,63,4,2880.022607707908,2880.022607707908,0.8719218133814305,strategy,complete,252,0,0,254,1.0,252,False
validation,NationalLocalPersistence,3,252,63,4,2815.9988927198397,2815.99889271984,0.8949501674105274,strategy,complete,252,0,0,254,1.0,252,False
validation,NationalLocalLightGBM,3,252,63,4,2819.738403482627,2819.7384034826273,0.8984942019912391,strategy,complete,252,0,0,254,1.0,252,False
validation,LastValue,6,63,63,1,1496.142857142857,1496.142857142857,0.9666964543844947,strategy,complete,63,0,0,64,1.0,63,False
validation,SeasonalNaiveYoY,6,63,63,1,4777.158730158731,4777.158730158731,0.7333759501352679,strategy,complete,63,0,0,64,1.0,63,False
validation,LightGBMDirect,6,63,63,1,6378.066138649212,6378.066138649212,0.5551963632918235,strategy,complete,63,0,0,64,1.0,63,False
validation,NationalLocalPersistence,6,63,63,1,4994.056517590614,4994.056517590614,0.6973685566402811,strategy,complete,63,0,0,64,1.0,63,False
validation,NationalLocalLightGBM,6,63,63,1,5525.335389138802,5525.335389138802,0.6157835353635375,strategy,complete,63,0,0,64,1.0,63,False
