split,horizon,model,reference,n_municipalities,n_evaluable,n_better,n_worse,n_tied,share_better,median_municipality_reduction,descriptive_only
holdout,1,NationalLocalPersistence,SeasonalNaiveYoY,63,63,36,27,0,0.5714285714285714,75.1270449168054,False
holdout,1,NationalLocalPersistence,LightGBMDirect,63,63,47,16,0,0.746031746031746,126.2252860888184,False
holdout,1,NationalLocalPersistence,NationalLocalLightGBM,63,63,23,40,0,0.36507936507936506,-58.0468177624432,False
holdout,3,NationalLocalPersistence,SeasonalNaiveYoY,63,63,37,26,0,0.5873015873015873,133.63195798891866,False
holdout,3,NationalLocalPersistence,LightGBMDirect,63,63,32,31,0,0.5079365079365079,18.872553260160203,False
holdout,3,NationalLocalPersistence,NationalLocalLightGBM,63,63,28,35,0,0.4444444444444444,-15.460642706375438,False
holdout,6,NationalLocalPersistence,SeasonalNaiveYoY,63,63,36,27,0,0.5714285714285714,145.2302934437107,False
holdout,6,NationalLocalPersistence,LightGBMDirect,63,63,50,13,0,0.7936507936507936,291.4306075791369,False
holdout,6,NationalLocalPersistence,NationalLocalLightGBM,63,63,31,32,0,0.49206349206349204,-15.208872469291691,False
holdout,12,NationalLocalPersistence,SeasonalNaiveYoY,63,63,1,3,59,0.015873015873015872,0.0,True
holdout,12,NationalLocalPersistence,LightGBMDirect,63,63,1,3,59,0.015873015873015872,0.0,True
holdout,12,NationalLocalPersistence,NationalLocalLightGBM,63,63,1,3,59,0.015873015873015872,0.0,True
validation,1,NationalLocalPersistence,SeasonalNaiveYoY,63,63,25,38,0,0.3968253968253968,-106.12244561581065,False
validation,1,NationalLocalPersistence,LightGBMDirect,63,63,63,0,0,1.0,1227.5982949211389,False
validation,1,NationalLocalPersistence,NationalLocalLightGBM,63,63,25,38,0,0.3968253968253968,-21.11472127624438,False
validation,3,NationalLocalPersistence,SeasonalNaiveYoY,63,63,22,41,0,0.3492063492063492,-219.7832972042729,False
validation,3,NationalLocalPersistence,LightGBMDirect,63,63,38,25,0,0.6031746031746031,102.40806387797966,False
validation,3,NationalLocalPersistence,NationalLocalLightGBM,63,63,38,25,0,0.6031746031746031,67.84351583485386,False
validation,6,NationalLocalPersistence,SeasonalNaiveYoY,63,63,30,33,0,0.47619047619047616,-56.59878074714652,False
validation,6,NationalLocalPersistence,LightGBMDirect,63,63,42,21,0,0.6666666666666666,1825.787957661436,False
validation,6,NationalLocalPersistence,NationalLocalLightGBM,63,63,56,7,0,0.8888888888888888,286.63065145753353,False
