split,horizon,from_model,to_model,n_origins,n_evaluable_origins,n_improved,n_worsened,n_tied,mean_origin_reduction,median_origin_reduction,best_origin,best_reduction,worst_origin,worst_reduction,descriptive_only
holdout,1,LastValue,NationalLocalPersistence,6,6,4,2,0,1134.6720402387764,436.74782885029657,2024-11-30,4389.704147124408,2024-10-31,-111.49502782103798,False
holdout,1,LightGBMDirect,NationalLocalPersistence,6,6,3,3,0,139.19588937287955,14.52376092331582,2024-08-31,1019.7302526498955,2024-11-30,-314.4834366648985,False
holdout,1,NationalLocalPersistence,NationalLocalLightGBM,6,6,4,2,0,64.53451017194573,85.47242429929418,2024-11-30,176.0702784871845,2024-09-30,-66.6066141520821,False
holdout,1,SeasonalNaiveYoY,NationalLocalPersistence,6,6,4,2,0,56.612358914378454,108.29674988933783,2024-09-30,178.17314916621626,2024-06-30,-156.8110015410973,False
holdout,3,LastValue,NationalLocalPersistence,6,6,6,0,0,1242.7940809741915,456.956896897246,2024-09-30,5406.396487854517,2024-07-31,42.04655573205923,False
holdout,3,LightGBMDirect,NationalLocalPersistence,6,6,5,1,0,164.1727223250664,181.94527775722906,2024-06-30,483.27583565025657,2024-09-30,-240.41821409190288,False
holdout,3,NationalLocalPersistence,NationalLocalLightGBM,6,6,5,1,0,72.92159196468991,36.76846455085973,2024-09-30,256.36726243758994,2024-04-30,-116.95355081785851,False
holdout,3,SeasonalNaiveYoY,NationalLocalPersistence,6,6,3,3,0,-45.24541047412288,-79.89132031766724,2024-06-30,353.06064676011147,2024-04-30,-300.1412403494742,False
holdout,6,LastValue,NationalLocalPersistence,6,6,4,2,0,1339.7468892362085,846.1269843526158,2024-01-31,3608.3750530844395,2024-03-31,-313.22140566351914,False
holdout,6,LightGBMDirect,NationalLocalPersistence,6,6,3,3,0,431.62285285845246,309.4109941672036,2024-02-29,2121.5970431277046,2024-06-30,-636.7557464065014,False
holdout,6,NationalLocalPersistence,NationalLocalLightGBM,6,6,5,1,0,134.36971789937448,168.34424044021227,2024-03-31,381.4311360518898,2024-01-31,-150.31608088120902,False
holdout,6,SeasonalNaiveYoY,NationalLocalPersistence,6,6,3,3,0,-125.57814154195982,-4.735223553649234,2024-05-31,447.2782736876936,2024-02-29,-878.9681917478779,False
holdout,12,LastValue,NationalLocalPersistence,1,1,0,0,1,0.0,0.0,2023-12-31,0.0,2023-12-31,0.0,True
holdout,12,LightGBMDirect,NationalLocalPersistence,1,1,0,0,1,0.0,0.0,2023-12-31,0.0,2023-12-31,0.0,True
holdout,12,NationalLocalPersistence,NationalLocalLightGBM,1,1,0,0,1,0.0,0.0,2023-12-31,0.0,2023-12-31,0.0,True
holdout,12,SeasonalNaiveYoY,NationalLocalPersistence,1,1,0,0,1,0.0,0.0,2023-12-31,0.0,2023-12-31,0.0,True
validation,1,LastValue,NationalLocalPersistence,6,6,4,2,0,957.4663966364734,778.4854519263213,2023-12-31,4786.448896810207,2024-03-31,-1540.3666597551473,False
validation,1,LightGBMDirect,NationalLocalPersistence,6,6,3,3,0,1296.0221111006178,209.08224175909766,2023-12-31,5674.49662851752,2024-03-31,-975.1135865527792,False
validation,1,NationalLocalPersistence,NationalLocalLightGBM,6,6,5,1,0,66.73085405151774,10.993430254487237,2024-02-29,253.59122405287167,2023-12-31,-30.297070132708313,False
validation,1,SeasonalNaiveYoY,NationalLocalPersistence,6,6,3,3,0,-82.37998260124711,-51.40612886895548,2023-12-31,285.81397617528614,2024-03-31,-553.5059509876867,False
validation,3,LastValue,NationalLocalPersistence,4,4,2,2,0,-339.64968637063373,-633.0572596129728,2024-01-31,1568.6953614973222,2023-12-31,-1661.1795877539116,False
validation,3,LightGBMDirect,NationalLocalPersistence,4,4,2,2,0,64.02371498806804,58.0906387201818,2024-01-31,1779.9576968360166,2023-12-31,-1640.044114324108,False
validation,3,NationalLocalPersistence,NationalLocalLightGBM,4,4,1,3,0,-3.7395107627872903,-28.851148940251505,2023-12-31,190.7378346308833,2024-02-29,-147.99357980152945,False
validation,3,SeasonalNaiveYoY,NationalLocalPersistence,4,4,1,3,0,-347.7809681483802,-575.9228876731318,2023-12-31,548.5029519286281,2024-02-29,-787.7810491758855,False
validation,6,LastValue,NationalLocalPersistence,1,1,0,1,0,-3497.913660447757,-3497.913660447757,2023-12-31,-3497.913660447757,2023-12-31,-3497.913660447757,False
validation,6,LightGBMDirect,NationalLocalPersistence,1,1,1,0,0,1384.009621058598,1384.009621058598,2023-12-31,1384.009621058598,2023-12-31,1384.009621058598,False
validation,6,NationalLocalPersistence,NationalLocalLightGBM,1,1,0,1,0,-531.2788715481884,-531.2788715481884,2023-12-31,-531.2788715481884,2023-12-31,-531.2788715481884,False
validation,6,SeasonalNaiveYoY,NationalLocalPersistence,1,1,0,1,0,-216.89778743188344,-216.89778743188344,2023-12-31,-216.89778743188344,2023-12-31,-216.89778743188344,False
