split,horizon,forecast_origin,from_model,to_model,n_rows,mae_from,mae_to,reduction_mae,reduction_pct,metric_status,descriptive_only
holdout,1,2024-06-30,LastValue,NationalLocalPersistence,63,948.4444444444445,1040.1591666405202,-91.71472219607574,-9.67001522685897,complete,False
holdout,1,2024-06-30,SeasonalNaiveYoY,NationalLocalPersistence,63,883.3481650994229,1040.1591666405202,-156.8110015410973,-17.75189078741652,complete,False
holdout,1,2024-06-30,LightGBMDirect,NationalLocalPersistence,63,748.7410527139289,1040.1591666405202,-291.41811392659133,-38.9210813097934,complete,False
holdout,1,2024-06-30,NationalLocalPersistence,NationalLocalLightGBM,63,1040.1591666405202,952.4819841563946,87.67718248412564,8.429208268894383,complete,False
holdout,1,2024-07-31,LastValue,NationalLocalPersistence,63,661.7301587301587,544.2807649336442,117.44939379651453,17.748834966490957,complete,False
holdout,1,2024-07-31,SeasonalNaiveYoY,NationalLocalPersistence,63,705.9251868180947,544.2807649336442,161.6444218844506,22.898236938258403,complete,False
holdout,1,2024-07-31,LightGBMDirect,NationalLocalPersistence,63,537.5540748875591,544.2807649336442,-6.726690046085082,-1.2513513263743956,complete,False
holdout,1,2024-07-31,NationalLocalPersistence,NationalLocalLightGBM,63,544.2807649336442,570.4647021356964,-26.18393720205222,-4.810740869235831,complete,False
holdout,1,2024-08-31,LastValue,NationalLocalPersistence,63,2617.126984126984,869.0847975022133,1748.0421866247707,66.79241004455422,complete,False
holdout,1,2024-08-31,SeasonalNaiveYoY,NationalLocalPersistence,63,982.0429171797681,869.0847975022133,112.9581196775548,11.502360813511904,complete,False
holdout,1,2024-08-31,LightGBMDirect,NationalLocalPersistence,63,1888.8150501521088,869.0847975022133,1019.7302526498955,53.98782970136622,complete,False
holdout,1,2024-08-31,NationalLocalPersistence,NationalLocalLightGBM,63,869.0847975022133,785.8171313877506,83.26766611446271,9.58107498299102,complete,False
holdout,1,2024-09-30,LastValue,NationalLocalPersistence,63,1507.5238095238096,751.477545619731,756.0462639040786,50.15153055147404,complete,False
holdout,1,2024-09-30,SeasonalNaiveYoY,NationalLocalPersistence,63,929.6506947859473,751.477545619731,178.17314916621626,19.16560167872953,complete,False
holdout,1,2024-09-30,LightGBMDirect,NationalLocalPersistence,63,787.2517575124477,751.477545619731,35.77421189271672,4.544189524041942,complete,False
holdout,1,2024-09-30,NationalLocalPersistence,NationalLocalLightGBM,63,751.477545619731,818.0841597718131,-66.6066141520821,-8.863420409608212,complete,False
holdout,1,2024-10-31,LastValue,NationalLocalPersistence,63,726.7777777777778,838.2728055988158,-111.49502782103798,-15.341006732752511,complete,False
holdout,1,2024-10-31,SeasonalNaiveYoY,NationalLocalPersistence,63,941.9081856999367,838.2728055988158,103.63538010112086,11.002705112293816,complete,False
holdout,1,2024-10-31,LightGBMDirect,NationalLocalPersistence,63,1230.5719179310559,838.2728055988158,392.29911233224004,31.879413678788257,complete,False
holdout,1,2024-10-31,NationalLocalPersistence,NationalLocalLightGBM,63,838.2728055988158,705.29032029878,132.98248530003582,15.863867277078192,complete,False
holdout,1,2024-11-30,LastValue,NationalLocalPersistence,63,5530.936507936508,1141.2323608120996,4389.704147124408,79.36638109704367,complete,False
holdout,1,2024-11-30,SeasonalNaiveYoY,NationalLocalPersistence,63,1081.3064450101251,1141.2323608120996,-59.9259158019745,-5.541991918989567,complete,False
holdout,1,2024-11-30,LightGBMDirect,NationalLocalPersistence,63,826.7489241472011,1141.2323608120996,-314.4834366648985,-38.03856618129753,complete,False
holdout,1,2024-11-30,NationalLocalPersistence,NationalLocalLightGBM,63,1141.2323608120996,965.1620823249151,176.0702784871845,15.42808323117416,complete,False
holdout,3,2024-04-30,LastValue,NationalLocalPersistence,63,1930.857142857143,1495.8421222420302,435.0150206151127,22.52963261546159,complete,False
holdout,3,2024-04-30,SeasonalNaiveYoY,NationalLocalPersistence,63,1195.700881892556,1495.8421222420302,-300.1412403494742,-25.10169933758102,complete,False
holdout,3,2024-04-30,LightGBMDirect,NationalLocalPersistence,63,1732.5651693840855,1495.8421222420302,236.7230471420553,13.663153994155882,complete,False
holdout,3,2024-04-30,NationalLocalPersistence,NationalLocalLightGBM,63,1495.8421222420302,1612.7956730598887,-116.95355081785851,-7.818575842921423,complete,False
holdout,3,2024-05-31,LastValue,NationalLocalPersistence,63,2000.7142857142858,1038.4291428599506,962.2851428543352,48.09707961428308,complete,False
holdout,3,2024-05-31,SeasonalNaiveYoY,NationalLocalPersistence,63,1107.4397619504564,1038.4291428599506,69.01061909050577,6.23154608147374,complete,False
holdout,3,2024-05-31,LightGBMDirect,NationalLocalPersistence,63,1310.4218808278197,1038.4291428599506,271.99273796786906,20.756119990612934,complete,False
holdout,3,2024-05-31,NationalLocalPersistence,NationalLocalLightGBM,63,1038.4291428599506,1024.0041878852849,14.424954974665752,1.3891130727454166,complete,False
holdout,3,2024-06-30,LastValue,NationalLocalPersistence,63,1558.6349206349207,1079.7361474555414,478.8987731793793,30.725525704524607,complete,False
holdout,3,2024-06-30,SeasonalNaiveYoY,NationalLocalPersistence,63,1432.7967942156529,1079.7361474555414,353.06064676011147,24.64136213770532,complete,False
holdout,3,2024-06-30,LightGBMDirect,NationalLocalPersistence,63,1563.011983105798,1079.7361474555414,483.27583565025657,30.919522106923242,complete,False
holdout,3,2024-06-30,NationalLocalPersistence,NationalLocalLightGBM,63,1079.7361474555414,1023.7244490388445,56.01169841669696,5.187535727936095,complete,False
holdout,3,2024-07-31,LastValue,NationalLocalPersistence,63,1101.2380952380952,1059.191539506036,42.04655573205923,3.818116710080619,complete,False
holdout,3,2024-07-31,SeasonalNaiveYoY,NationalLocalPersistence,63,1160.4169915814643,1059.191539506036,101.2254520754284,8.723196300105375,complete,False
holdout,3,2024-07-31,LightGBMDirect,NationalLocalPersistence,63,1186.3590478784388,1059.191539506036,127.16750837240284,10.71914178088126,complete,False
holdout,3,2024-07-31,NationalLocalPersistence,NationalLocalLightGBM,63,1059.191539506036,1041.6663088210134,17.525230685022507,1.6545855996164363,complete,False
holdout,3,2024-08-31,LastValue,NationalLocalPersistence,63,1694.7619047619048,1562.6393991521586,132.1225056097462,7.795933177310117,complete,False
holdout,3,2024-08-31,SeasonalNaiveYoY,NationalLocalPersistence,63,1296.8047184566901,1562.6393991521586,-265.8346806954685,-20.49920677431177,complete,False
holdout,3,2024-08-31,LightGBMDirect,NationalLocalPersistence,63,1668.934818061876,1562.6393991521586,106.29541890971745,6.369057542532289,complete,False
holdout,3,2024-08-31,NationalLocalPersistence,NationalLocalLightGBM,63,1562.6393991521586,1352.4854430601358,210.15395609202278,13.44865336212859,complete,False
holdout,3,2024-09-30,LastValue,NationalLocalPersistence,63,6884.444444444444,1478.047956589928,5406.396487854517,78.53061392945554,complete,False
holdout,3,2024-09-30,SeasonalNaiveYoY,NationalLocalPersistence,63,1249.2546968640877,1478.047956589928,-228.79325972584024,-18.31438059029621,complete,False
holdout,3,2024-09-30,LightGBMDirect,NationalLocalPersistence,63,1237.629742498025,1478.047956589928,-240.41821409190288,-19.425697834850354,complete,False
holdout,3,2024-09-30,NationalLocalPersistence,NationalLocalLightGBM,63,1478.047956589928,1221.680694152338,256.36726243758994,17.34498947037325,complete,False
holdout,6,2024-01-31,LastValue,NationalLocalPersistence,63,6391.555555555556,2783.180502471116,3608.3750530844395,56.45534990223204,complete,False
holdout,6,2024-01-31,SeasonalNaiveYoY,NationalLocalPersistence,63,2083.347037181886,2783.180502471116,-699.8334652892299,-33.59178537224814,complete,False
holdout,6,2024-01-31,LightGBMDirect,NationalLocalPersistence,63,3532.5615109980095,2783.180502471116,749.3810085268933,21.213530357329297,complete,False
holdout,6,2024-01-31,NationalLocalPersistence,NationalLocalLightGBM,63,2783.180502471116,2933.496583352325,-150.31608088120902,-5.400874314394885,complete,False
holdout,6,2024-02-29,LastValue,NationalLocalPersistence,63,4539.269841269841,2897.0641844903275,1642.2056567795134,36.17774915800365,complete,False
holdout,6,2024-02-29,SeasonalNaiveYoY,NationalLocalPersistence,63,2018.0959927424497,2897.0641844903275,-878.9681917478779,-43.554330166099895,complete,False
holdout,6,2024-02-29,LightGBMDirect,NationalLocalPersistence,63,5018.661227618032,2897.0641844903275,2121.5970431277046,42.274163305791845,complete,False
holdout,6,2024-02-29,NationalLocalPersistence,NationalLocalLightGBM,63,2897.0641844903275,2684.051658342299,213.01252614802843,7.352703032553044,complete,False
holdout,6,2024-03-31,LastValue,NationalLocalPersistence,63,1292.095238095238,1605.3166437587572,-313.22140566351914,-24.24135593327155,complete,False
holdout,6,2024-03-31,SeasonalNaiveYoY,NationalLocalPersistence,63,1872.4293712872804,1605.3166437587572,267.11272752852324,14.265570259928435,complete,False
holdout,6,2024-03-31,LightGBMDirect,NationalLocalPersistence,63,1276.91678256394,1605.3166437587572,-328.3998611948173,-25.718188191983693,complete,False
holdout,6,2024-03-31,NationalLocalPersistence,NationalLocalLightGBM,63,1605.3166437587572,1223.8855077068674,381.4311360518898,23.76049220786689,complete,False
holdout,6,2024-04-30,LastValue,NationalLocalPersistence,63,1402.920634920635,1571.8275514566021,-168.90691653596718,-12.039662995299977,complete,False
holdout,6,2024-04-30,SeasonalNaiveYoY,NationalLocalPersistence,63,1959.3525326615559,1571.8275514566021,387.52498120495375,19.778216259967543,complete,False
holdout,6,2024-04-30,LightGBMDirect,NationalLocalPersistence,63,1441.268531264116,1571.8275514566021,-130.55902019248606,-9.058618665459559,complete,False
holdout,6,2024-04-30,NationalLocalPersistence,NationalLocalLightGBM,63,1571.8275514566021,1372.775395316843,199.05215613975906,12.663740112921342,complete,False
holdout,6,2024-05-31,LastValue,NationalLocalPersistence,63,1221.920634920635,1171.8723229949169,50.04831192571805,4.095872554682632,complete,False
holdout,6,2024-05-31,SeasonalNaiveYoY,NationalLocalPersistence,63,1619.1505966826105,1171.8723229949169,447.2782736876936,27.624254013437525,complete,False
holdout,6,2024-05-31,LightGBMDirect,NationalLocalPersistence,63,1986.346016284838,1171.8723229949169,814.4736932899211,41.0036160171767,complete,False
holdout,6,2024-05-31,NationalLocalPersistence,NationalLocalLightGBM,63,1171.8723229949169,1146.4700777978037,25.40224519711319,2.1676632085817573,complete,False
holdout,6,2024-06-30,LastValue,NationalLocalPersistence,63,5380.253968253968,2160.2733324269007,3219.9806358270675,59.848115996502564,complete,False
holdout,6,2024-06-30,SeasonalNaiveYoY,NationalLocalPersistence,63,1883.690157791079,2160.2733324269007,-276.5831746358217,-14.683050367484995,complete,False
holdout,6,2024-06-30,LightGBMDirect,NationalLocalPersistence,63,1523.5175860203992,2160.2733324269007,-636.7557464065014,-41.79510313824336,complete,False
holdout,6,2024-06-30,NationalLocalPersistence,NationalLocalLightGBM,63,2160.2733324269007,2022.6370076862352,137.6363247406655,6.371245836101752,complete,False
holdout,12,2023-12-31,LastValue,NationalLocalPersistence,63,4322.142857142857,4322.142857142857,0.0,0.0,complete,True
holdout,12,2023-12-31,SeasonalNaiveYoY,NationalLocalPersistence,63,4322.142857142857,4322.142857142857,0.0,0.0,complete,True
holdout,12,2023-12-31,LightGBMDirect,NationalLocalPersistence,63,4322.142857142857,4322.142857142857,0.0,0.0,complete,True
holdout,12,2023-12-31,NationalLocalPersistence,NationalLocalLightGBM,63,4322.142857142857,4322.142857142857,0.0,0.0,complete,True
validation,1,2023-12-31,LastValue,NationalLocalPersistence,63,6747.793650793651,1961.344753983444,4786.448896810207,70.93353982819617,complete,False
validation,1,2023-12-31,SeasonalNaiveYoY,NationalLocalPersistence,63,2247.15873015873,1961.344753983444,285.81397617528614,12.718904647874938,complete,False
validation,1,2023-12-31,LightGBMDirect,NationalLocalPersistence,63,7635.841382500964,1961.344753983444,5674.49662851752,74.31396678199403,complete,False
validation,1,2023-12-31,NationalLocalPersistence,NationalLocalLightGBM,63,1961.344753983444,1991.6418241161523,-30.297070132708313,-1.5447090610243657,complete,False
validation,1,2024-01-31,LastValue,NationalLocalPersistence,63,2380.2698412698414,927.4299931682622,1452.8398481015793,61.03677082790365,complete,False
validation,1,2024-01-31,SeasonalNaiveYoY,NationalLocalPersistence,63,1090.5842307089533,927.4299931682622,163.15423754069116,14.960260101563168,complete,False
validation,1,2024-01-31,LightGBMDirect,NationalLocalPersistence,63,3932.251490781267,927.4299931682622,3004.821497613005,76.4147843711797,complete,False
validation,1,2024-01-31,NationalLocalPersistence,NationalLocalLightGBM,63,927.4299931682622,926.9009270059274,0.5290661623347432,0.05704647965151108,complete,False
validation,1,2024-02-29,LastValue,NationalLocalPersistence,63,2817.5079365079364,1195.6892200617713,1621.8187164461651,57.5621702935209,complete,False
validation,1,2024-02-29,SeasonalNaiveYoY,NationalLocalPersistence,63,908.7593194639089,1195.6892200617713,-286.92990059786234,-31.573805566816823,complete,False
validation,1,2024-02-29,LightGBMDirect,NationalLocalPersistence,63,1623.3323666979097,1195.6892200617713,427.64314663613845,26.343536013270395,complete,False
validation,1,2024-02-29,NationalLocalPersistence,NationalLocalLightGBM,63,1195.6892200617713,942.0979960088996,253.59122405287167,21.20879069560991,complete,False
validation,1,2024-03-31,LastValue,NationalLocalPersistence,63,720.0,2260.3666597551473,-1540.3666597551473,-213.93981385488158,complete,False
validation,1,2024-03-31,SeasonalNaiveYoY,NationalLocalPersistence,63,1706.8607087674607,2260.3666597551473,-553.5059509876867,-32.42830232980044,complete,False
validation,1,2024-03-31,LightGBMDirect,NationalLocalPersistence,63,1285.2530732023681,2260.3666597551473,-975.1135865527792,-75.86938377226846,complete,False
validation,1,2024-03-31,NationalLocalPersistence,NationalLocalLightGBM,63,2260.3666597551473,2105.7916160375134,154.5750437176339,6.838494235018407,complete,False
validation,1,2024-04-30,LastValue,NationalLocalPersistence,63,695.936507936508,1376.009985471534,-680.0734775350261,-97.7206210307149,complete,False
validation,1,2024-04-30,SeasonalNaiveYoY,NationalLocalPersistence,63,1239.0473585564753,1376.009985471534,-136.96262691505876,-11.053865372395776,complete,False
validation,1,2024-04-30,LightGBMDirect,NationalLocalPersistence,63,1029.7736289792992,1376.009985471534,-346.2363564922348,-33.622569732672275,complete,False
validation,1,2024-04-30,NationalLocalPersistence,NationalLocalLightGBM,63,1376.009985471534,1365.312518822617,10.697466648917043,0.7774265275590433,complete,False
validation,1,2024-05-31,LastValue,NationalLocalPersistence,63,1006.952380952381,902.8213252013178,104.13105575106317,10.341209546828368,complete,False
validation,1,2024-05-31,SeasonalNaiveYoY,NationalLocalPersistence,63,936.9716943784656,902.8213252013178,34.15036917714781,3.6447599625516163,complete,False
validation,1,2024-05-31,LightGBMDirect,NationalLocalPersistence,63,893.3426620833746,902.8213252013178,-9.478663117943142,-1.0610332988953919,complete,False
validation,1,2024-05-31,NationalLocalPersistence,NationalLocalLightGBM,63,902.8213252013178,891.5319313412604,11.28939386005743,1.2504571552449801,complete,False
validation,3,2023-12-31,LastValue,NationalLocalPersistence,63,1596.6825396825398,3257.8621274364514,-1661.1795877539116,-104.03944093258485,complete,False
validation,3,2023-12-31,SeasonalNaiveYoY,NationalLocalPersistence,63,3806.3650793650795,3257.8621274364514,548.5029519286281,14.410150904918483,complete,False
validation,3,2023-12-31,LightGBMDirect,NationalLocalPersistence,63,1617.8180131123434,3257.8621274364514,-1640.044114324108,-101.3738319781102,complete,False
validation,3,2023-12-31,NationalLocalPersistence,NationalLocalLightGBM,63,3257.8621274364514,3067.124292805568,190.7378346308833,5.854693267236916,complete,False
validation,3,2024-01-31,LastValue,NationalLocalPersistence,63,4645.619047619048,3076.9236861217255,1568.6953614973222,33.76719755575531,complete,False
validation,3,2024-01-31,SeasonalNaiveYoY,NationalLocalPersistence,63,2554.733016232402,3076.9236861217255,-522.1906698893235,-20.440126877110053,complete,False
validation,3,2024-01-31,LightGBMDirect,NationalLocalPersistence,63,4856.881382957742,3076.9236861217255,1779.9576968360166,36.64816075355866,complete,False
validation,3,2024-01-31,NationalLocalPersistence,NationalLocalLightGBM,63,3076.9236861217255,3100.9341888775634,-24.010502755837933,-0.7803411850653243,complete,False
validation,3,2024-02-29,LastValue,NationalLocalPersistence,63,2620.904761904762,2512.53597246857,108.36878943619195,4.134785476044316,complete,False
validation,3,2024-02-29,SeasonalNaiveYoY,NationalLocalPersistence,63,1724.7549232926845,2512.53597246857,-787.7810491758855,-45.67495581760413,complete,False
validation,3,2024-02-29,LightGBMDirect,NationalLocalPersistence,63,3687.210665875975,2512.53597246857,1174.674693407405,31.858084602506324,complete,False
validation,3,2024-02-29,NationalLocalPersistence,NationalLocalLightGBM,63,2512.53597246857,2660.5295522700994,-147.99357980152945,-5.890207400936256,complete,False
validation,3,2024-03-31,LastValue,NationalLocalPersistence,63,1042.1904761904761,2416.6737848526136,-1374.4833086621375,-131.8840787805213,complete,False
validation,3,2024-03-31,SeasonalNaiveYoY,NationalLocalPersistence,63,1787.0186793956736,2416.6737848526136,-629.65510545694,-35.2349481690854,complete,False
validation,3,2024-03-31,LightGBMDirect,NationalLocalPersistence,63,1358.1803688855723,2416.6737848526136,-1058.4934159670413,-77.93467202265388,complete,False
validation,3,2024-03-31,NationalLocalPersistence,NationalLocalLightGBM,63,2416.6737848526136,2450.3655799772787,-33.69179512466508,-1.394139140162016,complete,False
validation,6,2023-12-31,LastValue,NationalLocalPersistence,63,1496.142857142857,4994.056517590614,-3497.913660447757,-233.7954322842958,complete,False
validation,6,2023-12-31,SeasonalNaiveYoY,NationalLocalPersistence,63,4777.158730158731,4994.056517590614,-216.89778743188344,-4.540309411587765,complete,False
validation,6,2023-12-31,LightGBMDirect,NationalLocalPersistence,63,6378.066138649212,4994.056517590614,1384.009621058598,21.699518176393706,complete,False
validation,6,2023-12-31,NationalLocalPersistence,NationalLocalLightGBM,63,4994.056517590614,5525.335389138802,-531.2788715481884,-10.638223049275865,complete,False
