series_id,family,series_name,source,source_url,frequency,geo_level,coverage_start,coverage_end,reference_period_semantics,publication_schedule,publication_lag,published_at_available,historical_archive,revision_policy,vintage_quality,machine_readable,candidate_features,classification,recommended_for_e08,notes,coverage_basis,shortlist_family,shortlisted,e05c_overlap,evidence_ids,available_at_rule,economic_rationale
"cbr_key_rate","A_monetary_policy","Ключевая ставка Банка России: действующее значение и отдельная история объявлений","Банк России","https://www.cbr.ru/hd_base/KeyRate/","event-based; daily in-force history","national","2022-01-04","2024-12-30","DT SOAP — день наблюдения действующей ставки, не publication timestamp. У решения отдельно announced_at и effective_at.","Плановые решения обычно восемь раз в год, 13:30 MSK; внеочередные имеют собственный timestamp.","Публикация в день решения; вступление в силу в дату, указанную в решении. Универсального announcement-to-effective lag нет.","Да, в конкретных архивных пресс-релизах; не в daily SOAP DT.","https://www.cbr.ru/dkp/mp_dec/decision_key_rate/","SDDS metadata: опубликованные значения ключевой ставки не уточняются; current metadata не является old capture.","Доверие официальному архиву с явно записанными предпосылками; независимых historical SHA нет.","SOAP KeyRate проверен: HTTP 200, Envelope/KR, поля DT/Rate; опубликованный API и HTML история.","[""in_force_asof_rate"",""last_announced_rate_separate"",""signed_change_pp"",""cumulative_change_3m_pp"",""cumulative_change_6m_pp"",""days_since_last_effective_change""]","A","USE","Полная сверка решений/неизменённых решений и initial anchor остаётся E08b. Решение 15.08.2023 опубликовано 10:30 MSK: нельзя назначать всем событиям 13:30. Announcement/effective features не смешивать.","Границы просмотренных historical samples в окне аудита, а не полная дата начала/окончания источника. Непрерывность всех дней не проверена.","monetary_policy","true","Не повторяет E05c. Частично повторяет key-rate decision cores E07 news; numeric уровень/импульс — новая репрезентация тех же событий, не независимая новая информация о событии.","[""cbr_interest_metadata"",""key_release_20220916"",""key_release_20230815"",""key_release_20240726"",""probe_key_soap""]","Decision: exact published_at<=O; in-force additionally effective_at<=O. Same-day effective date-only plus daytime announcement cannot enter before the announcement.","Стоимость кредита и стимул сбережений; возможный лаг трансмиссии к расходам. Опередительность и полезность не оценены."
"cbr_usd_rub_official","B_fx","Официальный курс USD/RUB","Банк России","https://www.cbr.ru/currency_base/dynamics/","daily settings; carry-forward on holidays","national","2022-01-11","2024-12-31","Record Date — effective date официального курса, не момент публикации, не биржевой closing price; на 31.12.2024 возвращён курс effective 29.12.2024.","Публикация в день установления, вступление в силу следующим календарным днём; действует до следующего установления.","Публикуется до effective date. Intraday исторический timestamp в XML отсутствует.","Частично: dated HTML update date и правила; точное историческое intraday время не восстановлено.","Dated daily pages и https://www.cbr.ru/scripts/XML_dynamic.asp","Официальные FX SDDS metadata указывают отсутствие уточнений опубликованных данных.","Доверие официальному архиву с явно записанными предпосылками; независимых historical SHA нет.","XML_dynamic реально проверен: HTTP 200, windows-1251, ValCurs/Record, поля Nominal/Value/VunitRate.","[""last_effective_available"",""prefix_month_mean"",""prefix_month_close"",""log_change_1m"",""log_change_3m"",""realized_volatility_1m"",""realized_volatility_3m"",""signed_depreciation_impulse""]","A","USE","A условен на nonrevision/official-history trust и conservative effective-date допуск. Разные текущие metadata copies не выдаются за historical capture. Изменение метода 13.06.2024 фиксировать; official-series volatility не intraday market volatility.","Границы просмотренных historical samples в окне аудита, а не полная дата начала/окончания источника. Непрерывность всех дней не проверена.","fx","true","Не совпадает с годовым прогнозом инфляции или потребления E05c.","[""cbr_fx_metadata_old_method"",""cbr_fx_metadata_current_method"",""fx_faq"",""fx_daily_20220111"",""fx_daily_20230701"",""fx_daily_20241231"",""cbr_fx_method_change_20240613"",""probe_fx_xml""]","Conservative available_at_upper_bound=effective-date 00:00 Europe/Moscow, not actual published_at; allow <=explicit O. Do not use a future-effective rate announced early as a realized level.","Импортные издержки, покупательная способность и неопределённость; направление и лаг связи с расходами — гипотеза."
"cbr_individual_credit_stock_rub","C_consumer_credit","Задолженность физлиц-резидентов по всем кредитам в рублях","Банк России","https://www.cbr.ru/statistics/bank_sector/sors/","monthly","national","2019-02-01","2026-09-01","Stock на первое число; 01.02 обозначает остаток после завершённого января, не январский publication timestamp.","Ежемесячно по календарю ЦБ; current calendar не доказывает фактические даты 2023–2024.","Current schedule описывает следующий месяц после stock-date / m+2 для monthly flow rates; точный historical first-release lag не установлен. Dated BBS может дать более позднюю консервативную доступность.","Частично: даты размещения архивных BBS; current workbook Last-Modified/placement не historical first-release date каждого observation.","https://www.cbr.ru/statistics/bbs/","Уточнения возможны; BBS отмечает revised entries. Fixed revision calendar и полная lineage каждого месяца не восстановлены.","B: current XLSX values доступны; dated bulletin route найден, но vintage/definition reconciliation не выполнена.","XLSX 02_05_Debt_ind.xlsx, лист в рублях, строка РФ; period labels 2022–2024 и 2025-01-01 подтверждены.","[""last_published_stock"",""mom_growth"",""yoy_growth"",""growth_acceleration"",""release_age_days"",""reference_age_months""]","B","USE_WITH_CAVEAT","Включает ипотеку; не consumer-only/unsecured-only. BBS reconciliation: 6.3.8, не 4.3.2 с иным perimeter/acquired rights. Current latest file содержит периоды после 2024: в E08a feature construction не выполнялся.","Date-label bounds of inspected current workbook. Historical values/format available, not proof that these bytes/values existed at origins.","consumer_credit","true","Не совпадает с annual inflation/consumption forecast E05c.","[""cbr_bank_stock_method"",""bbs_archive"",""bbs_202203"",""bbs_202303"",""bbs_202403"",""bank_workbook_replacement_202403"",""bank_workbook_replacement_202203_202303"",""probe_credit_xlsx""]","Exploratory only for latest-vintage XLSX. For future A route: actual dated bulletin/file vintage, publication day plus next midnight when time unknown, components of growth taken from one eligible vintage.","Доступность банковского финансирования и долговая нагрузка; stock growth не равно новым потребительским покупкам."
"cbr_unsecured_consumer_credit_monthly","C_consumer_credit","Необеспеченный потребительский кредит: полный совместимый месячный портфель/прирост","Банк России","https://www.cbr.ru/Collection/Collection/File/43486/razv_bs_22_10.pdf","monthly narrative/preliminary estimates","national","2022-10 (sample report)","2024-12 (sample report)","Месяц предварительного портфеля/прироста с отдельными корректировками; не установлен единый полный monthly series definition.","По выходу аналитического выпуска; отдельно проверенная дата каждого релиза нужна.","Не установлен для полного предлагаемого monthly series.","Для отдельных dated reports возможно; complete release/vintage ledger не проверен.","Официальные ежемесячные аналитические PDF; не подтверждён стабильный полный numeric API/XLSX route.","Preliminary estimates/revisions; есть прямое evidence исправления предыдущего месяца после замены банковской отчётности.","C для предлагаемого полного совместимого monthly series, а не утверждение об отсутствии всякой статистики необеспеченного кредита.","PDF narrative есть; единый stable full monthly XLSX/API series не подтверждён.","[""mom_growth_only_after_reconciliation"",""yoy_growth_only_after_reconciliation"",""acceleration_only_after_reconciliation""]","C","DO_NOT_USE","Не получать unsecured путём total minus mortgage/car без одинаковых definitions/perimeters/vintages. Не интерполировать будущий квартальный выпуск назад по месяцам.","Найдены отдельные primary monthly reports; complete machine-readable history 2022–2024 не подтверждена.","","false","Не совпадает с annual inflation/consumption forecast E05c.","[""unsecured_202210"",""unsecured_202412"",""cbr_bank_revision_202209""]","Excluded: C/DO_NOT_USE; no feature construction from current narratives or implied residuals. Reconsider only after a complete defined monthly series, dated release ledger and compatible vintage/perimeter evidence are reconstructed.","Экономически близок к потребительскому финансированию, но требуемый исторический monthly information set не реконструирован."
"cbr_individual_deposits_excl_escrow_rub","D_household_deposits","Вклады, депозиты и другие привлечённые средства физлиц без эскроу, рубли","Банк России","https://www.cbr.ru/statistics/bank_sector/sors/","monthly","national","2019-07-01","2026-09-01","Stock на первое число; включены текущие счета. Reference snapshot отделять от отчётного месяца и публикации.","Ежемесячно по календарю ЦБ; current calendar не доказывает фактические даты 2023–2024.","Current schedule описывает следующий месяц после stock-date / m+2 для monthly flow rates; точный historical first-release lag не установлен. Dated BBS может дать более позднюю консервативную доступность.","Частично: даты размещения архивных BBS; current workbook Last-Modified/placement не historical first-release date каждого observation.","https://www.cbr.ru/statistics/bbs/","Уточнения возможны; BBS отмечает revised entries. Fixed revision calendar и полная lineage каждого месяца не восстановлены.","B: current XLSX values доступны; dated bulletin route найден, но vintage/definition reconciliation не выполнена.","XLSX 02_27_Dep_ind_excluding_escrow.xlsx, лист в рублях, national РФ; layout/date bounds проверены.","[""last_published_stock"",""mom_growth"",""yoy_growth"",""growth_acceleration"",""release_age_days"",""reference_age_months""]","B","USE_WITH_CAVEAT","Название не сокращать до срочных депозитов. Исторические BBS: нерезиденты включены, ВЭБ/начисленные проценты исключены, долевое эскроу исключено. Current 0409302 и BBS 0409101 equivalence требует сверки. BBS table4.2.1 (2023) ->4.2.2 (2024).","Date-label bounds of inspected current workbook. Historical values/format available, not proof that these bytes/values existed at origins.","household_deposits","true","Не совпадает с annual inflation/consumption forecast E05c.","[""cbr_bank_stock_method"",""bbs_archive"",""bbs_202303"",""bbs_202403"",""probe_deposits_xlsx""]","Exploratory only for latest-vintage XLSX. For future A route: actual dated bulletin/file vintage, publication day plus next midnight when time unknown, components of growth taken from one eligible vintage.","Ликвидные сбережения и склонность к накоплению; рост остатков включает доходы и перемещение средств, а не только сокращение расходов."
"cbr_individual_deposit_rate_rub_le1y_excl_demand","E_retail_interest_rates","Средневзвешенная ставка по рублёвым вкладам ФЛ до 1 года, кроме до востребования","Банк России","https://www.cbr.ru/statistics/bank_sector/int_rat/","monthly","national","2014-01","2026-07","Annualised ставка новых сделок привлечения за месяц, взвешенная объёмами; не stock average.","Ежемесячно по календарю ЦБ; current calendar не доказывает фактические даты 2023–2024.","Текущий календарь публикует ставки за m в m+2. Historical first releases не восстановлены; январские rates доступны в BBS, размещённом 07.04.2023 / 05.04.2024.","Частично: даты размещения архивных BBS; current workbook Last-Modified/placement не historical first-release date каждого observation.","https://www.cbr.ru/statistics/bbs/","Уточнения возможны; BBS отмечает revised entries. Fixed revision calendar и полная lineage каждого месяца не восстановлены.","B: current XLSX values доступны; dated bulletin route найден, но vintage/definition reconciliation не выполнена.","XLSX deposits.xlsx, лист ставки_руб; maturity header/period bounds проверены.","[""last_published_rate"",""published_rate_change_pp"",""spread_vs_reference_month_mean_key_rate_pp"",""release_age_days"",""reference_age_months""]","B","USE_WITH_CAVEAT","Резиденты и нерезиденты. Current methodology содержит поздние детали; исторические exclusions нужно брать из собственного BBS vintage. Не смешивать с top10 maximum quote.","Date-label bounds of inspected current workbook. Historical values/format available, not proof that these bytes/values existed at origins.","retail_interest_rates","true","Не совпадает с annual inflation/consumption forecast E05c.","[""cbr_bank_rates_method"",""cbr_current_calendar"",""bbs_archive"",""bbs_202303"",""bbs_202403"",""probe_deposit_rates_xlsx""]","Exploratory only for latest-vintage XLSX. For future A route: actual dated bulletin/file vintage, publication day plus next midnight when time unknown, components of growth taken from one eligible vintage.","Доходность сбережения и стимул отложить покупки; опубликованная ставка может быть запаздывающим transmission indicator, не доказанный leading signal."
"cbr_individual_loan_rate_rub_le1y","E_retail_interest_rates","Средневзвешенная ставка по рублёвым кредитам ФЛ до 1 года, включая до востребования","Банк России","https://www.cbr.ru/statistics/bank_sector/int_rat/archiv/","monthly","national","2014-01","2025-12","Annualised transaction-volume-weighted ставка предоставленных кредитов за месяц; это не остаток задолженности и не unsecured-only price.","Ежемесячно по календарю ЦБ; current calendar не доказывает фактические даты 2023–2024.","Текущий календарь публикует ставки за m в m+2; universal historical lag не установлен. Январские ставки есть в BBS, размещённом 07.04.2023 / 05.04.2024.","Частично: даты размещения архивных BBS; current workbook Last-Modified/placement не historical first-release date каждого observation.","https://www.cbr.ru/statistics/bbs/","Уточнения возможны; BBS отмечает revised entries. Fixed revision calendar и полная lineage каждого месяца не восстановлены.","B: current XLSX values доступны; dated bulletin route найден, но vintage/definition reconciliation не выполнена.","Архивный XLSX loans_ind.xlsx, лист ставки_руб; layout/period bounds проверены. Новая книга loans_ind_new.xlsx с 2026 не нужна для 2023–2024.","[""last_published_rate"",""published_rate_change_pp"",""spread_vs_reference_month_mean_key_rate_pp"",""release_age_days"",""reference_age_months""]","B","USE_WITH_CAVEAT","ФЛ residents/nonresidents, не unsecured-only. Current methodology исключает кредитные карты и ряд нерыночных/особых операций; точный historical perimeter отдельно сверять. Исключение всех revolving credit lines не доказано.","Date-label bounds of inspected current workbook. Historical values/format available, not proof that these bytes/values existed at origins.","retail_interest_rates","true","Не совпадает с annual inflation/consumption forecast E05c.","[""cbr_bank_rates_method"",""bbs_archive"",""bbs_202303"",""bbs_202403"",""probe_loan_rates_xlsx""]","Exploratory only for latest-vintage XLSX. For future A route: actual dated bulletin/file vintage, publication day plus next midnight when time unknown, components of growth taken from one eligible vintage.","Цена части розничного финансирования; изменения состава выдач/субсидии способны менять агрегат без изменения цены сопоставимого кредита."
"cbr_top10_max_deposit_rate_rub","E_retail_interest_rates","Средняя максимальная депозитная ставка десяти крупнейших по депозитам ФЛ кредитных организаций","Банк России","https://www.cbr.ru/statistics/avgprocstav/","decadal (three periods per calendar month)","national","2022-01 decade I (audited query window)","2024-12 decade III (audited query window)","I/II/III декада, а не день публикации; параметры From/To — decade.month.year, не date.","Каждая декада публикуется отдельно; полный historical schedule не восстановлен.","Universal historical lag не установлен; не считать end-of-decade publication instant.","Historical table не содержит отдельного first-published_at каждой строки.","https://www.cbr.ru/statistics/avgprocstav/?UniDbQuery.Posted=True&UniDbQuery.From=1.01.2022&UniDbQuery.To=3.12.2024","Explicit historical revision/vintage policy не подтверждена; top10 perimeter меняется.","B: historical table есть, dated release chain и policy неполны.","HTML table с периодом/ставкой, history query проверен; per-row release history не проверена.","[""last_published_decade"",""rate_change_pp"",""spread_vs_same_reference_key_rate"",""prefix_mean_of_published_decades""]","B","DO_NOT_USE","Отложен вне shortlist; USE_WITH_CAVEAT возможен только отдельной sensitivity после release audit. Не эквивалентен weighted transaction rate и не автоматическая замена missing weighted rate.","Queryable 2022–2024 decade history; earliest global source date not audited; complete publication chain not verified.","","false","Не совпадает с annual inflation/consumption forecast E05c.","[""top10_history""]","Deferred: B/DO_NOT_USE in current shortlist. A later sensitivity must use each decade's verified publication date/vintage and changing bank-set rules; reference-decade end and current HTML retrieval are not historical release times.","Более оперативный quote proxy цены сбережений, но меняющийся набор банков и правила отбора снижают сопоставимость."
"cbr_ofz_zcyc_10y","F_ofz_rates","Бескупонная доходность ОФЗ, tenor 10 годов","ПАО Московская Биржа; распространение Банком России","https://www.cbr.ru/hd_base/zcyc_params/","daily closing fitted curve","national","2022-01-10","2024-12-30","Дата торгов/закрытия и расчётная бескупонная доходность фиксированного tenor; не доходность отдельного выпуска.","CBR SDDS: следующий рабочий день после операций. MOEX live/closing calculation time не равен timestamp публикации historical row.","Next business day для CBR dissemination по current metadata; historical individual release times не подтверждены.","Нет подтверждённого published_at для каждого historical row; tradedate/tradetime — observation/calculation timestamps.","https://www.moex.com/ru/marketdata/indices/state/g-curve/archive/ ; https://www.moex.com/a3643","База расчёта обновляется ежемесячно; описан 3m retrospective period. Это не доказательство фактического переписывания historical curves; no-revision semantics не подтверждены.","B: historical values и samples доступны, первая опубликованная версия и исторический upload timing не подтверждены.","Однодатный CBR HTML проверен. ISS JSON schema проверен, фильтр from/till не подтверждён: однодатный запрос вернул 17972 rows. Historical SOAP GCurve не проверен.","[""last_available_yield"",""yield_change_1m_pp"",""curve_slope_10y_minus_1y_pp"",""spread_vs_same_date_effective_key_rate_pp""]","B","USE_WITH_CAVEAT","Только отдельная sensitivity после сверки vintage и календаря. Крутизна по одному observation day/eligible vintage обоих tenors. Не брать last trading day close как already published на origin.","Границы просмотренных historical samples в окне аудита, а не полная дата начала/окончания источника. Непрерывность всех дней не проверена.","ofz_rates","true","Не совпадает с годовым прогнозом инфляции или потребления E05c.","[""cbr_interest_metadata"",""moex_curve_method"",""moex_curve_archive"",""moex_constituents_202309"",""ofz_sample_20220110"",""ofz_sample_20231229"",""ofz_sample_20241230"",""probe_ofz_html"",""probe_moex_json""]","Scenario only: next Russian business day after observation, then following calendar midnight if intraday unknown. This delay cannot promote B to A.","Ожидания будущих ставок и term premium; возможный предвестник финансовых условий, без доказанной forecasting utility."
"cbr_ofz_zcyc_1y","F_ofz_rates","Бескупонная доходность ОФЗ, tenor 1 год","ПАО Московская Биржа; распространение Банком России","https://www.cbr.ru/hd_base/zcyc_params/","daily closing fitted curve","national","2022-01-10","2024-12-30","Дата торгов/закрытия и расчётная бескупонная доходность фиксированного tenor; не доходность отдельного выпуска.","CBR SDDS: следующий рабочий день после операций. MOEX live/closing calculation time не равен timestamp публикации historical row.","Next business day для CBR dissemination по current metadata; historical individual release times не подтверждены.","Нет подтверждённого published_at для каждого historical row; tradedate/tradetime — observation/calculation timestamps.","https://www.moex.com/ru/marketdata/indices/state/g-curve/archive/ ; https://www.moex.com/a3643","База расчёта обновляется ежемесячно; описан 3m retrospective period. Это не доказательство фактического переписывания historical curves; no-revision semantics не подтверждены.","B: historical values и samples доступны, первая опубликованная версия и исторический upload timing не подтверждены.","Однодатный CBR HTML проверен. ISS JSON schema проверен, фильтр from/till не подтверждён: однодатный запрос вернул 17972 rows. Historical SOAP GCurve не проверен.","[""last_available_yield"",""prefix_month_mean_yield"",""yield_change_1m_pp"",""yield_change_3m_pp""]","B","USE_WITH_CAVEAT","Только отдельная sensitivity после сверки vintage и календаря. Крутизна по одному observation day/eligible vintage обоих tenors. Не брать last trading day close как already published на origin.","Границы просмотренных historical samples в окне аудита, а не полная дата начала/окончания источника. Непрерывность всех дней не проверена.","ofz_rates","true","Не совпадает с годовым прогнозом инфляции или потребления E05c.","[""cbr_interest_metadata"",""moex_curve_method"",""moex_curve_archive"",""moex_constituents_202309"",""ofz_sample_20220110"",""ofz_sample_20231229"",""ofz_sample_20241230"",""probe_ofz_html"",""probe_moex_json""]","Scenario only: next Russian business day after observation, then following calendar midnight if intraday unknown. This delay cannot promote B to A.","Ожидания будущих ставок и term premium; возможный предвестник финансовых условий, без доказанной forecasting utility."
