family,method,split,scope,data_status,access_mode,early_warning,matching_definition,n_series,tp,fp,fn,n_events,n_points,n_monitoring_months,n_events_total,n_events_excluded,n_points_excluded,precision,recall,f1,miss_rate,median_detection_delay,median_absolute_localisation_error,false_positives_per_12_months,n_alarms,n_series_with_candidates,n_candidates,n_monitoring_candidates,n_warmup_candidates,n_prefix_estimates,n_prefix_fits_complete,n_prefix_fits_not_ready,n_prefix_fits_failed,n_date_revisions,n_presence_losses,n_candidates_with_date_revisions,n_candidates_with_presence_losses,max_revision_span_months
online,CUSUM,test,primary_level,synthetic,past_and_current_prefix_at_issue_date,False,"chronological one-to-one first point in inclusive T..T+3 calendar window; unmatched repeats are false positives; incomplete event windows and warmup points are excluded; observed monitoring months are the exposure, divided by twelve",360,139.0,75.0,221.0,360.0,214.0,2880,360.0,0.0,0.0,0.6495327102803738,0.3861111111111111,0.4843205574912892,0.6138888888888889,1.0,,0.3125,,,,,,,,,,,,,,
online,EWMA,test,primary_level,synthetic,past_and_current_prefix_at_issue_date,False,"chronological one-to-one first point in inclusive T..T+3 calendar window; unmatched repeats are false positives; incomplete event windows and warmup points are excluded; observed monitoring months are the exposure, divided by twelve",360,125.0,70.0,235.0,360.0,195.0,2880,360.0,0.0,0.0,0.6410256410256411,0.3472222222222222,0.45045045045045046,0.6527777777777778,0.0,,0.2916666666666667,,,,,,,,,,,,,,
online,BOCPD,test,primary_level,synthetic,past_and_current_prefix_at_issue_date,False,"chronological one-to-one first point in inclusive T..T+3 calendar window; unmatched repeats are false positives; incomplete event windows and warmup points are excluded; observed monitoring months are the exposure, divided by twelve",360,120.0,51.0,240.0,360.0,171.0,2880,360.0,0.0,0.0,0.7017543859649122,0.3333333333333333,0.4519774011299435,0.6666666666666666,1.0,,0.2125,,,,,,,,,,,,,,
offline,PELT,test,primary_level,synthetic,full_series_future_relative_to_breakpoint,False,"chronological one-to-one first point in inclusive T..T+3 calendar window; unmatched repeats are false positives; incomplete event windows and warmup points are excluded; observed monitoring months are the exposure, divided by twelve",360,111.0,136.0,249.0,360.0,269.0,2880,360.0,0.0,22.0,0.4493927125506073,0.30833333333333335,0.3657331136738056,0.6916666666666667,,0.0,0.5666666666666667,,,,,,,,,,,,,,
offline,BinSeg,test,primary_level,synthetic,full_series_future_relative_to_breakpoint,False,"chronological one-to-one first point in inclusive T..T+3 calendar window; unmatched repeats are false positives; incomplete event windows and warmup points are excluded; observed monitoring months are the exposure, divided by twelve",360,93.0,118.0,267.0,360.0,232.0,2880,360.0,0.0,21.0,0.44075829383886256,0.25833333333333336,0.3257443082311734,0.7416666666666667,,0.0,0.49166666666666664,,,,,,,,,,,,,,
online,CUSUM,real_diagnostic,unlabelled,diagnostic,past_and_current_prefix_at_issue_date,False,,63,,,,,,504,,,,,,,,,,,104.0,,,,,,,,,,,,,
online,EWMA,real_diagnostic,unlabelled,diagnostic,past_and_current_prefix_at_issue_date,False,,63,,,,,,504,,,,,,,,,,,97.0,,,,,,,,,,,,,
online,BOCPD,real_diagnostic,unlabelled,diagnostic,past_and_current_prefix_at_issue_date,False,,63,,,,,,504,,,,,,,,,,,14.0,,,,,,,,,,,,,
offline,PELT,real_diagnostic,unlabelled,diagnostic,full_series_future_relative_to_breakpoint,False,,63,,,,,,504,,,,,,,,,,,,56.0,81.0,59.0,22.0,458.0,567.0,189.0,0.0,32.0,10.0,22.0,9.0,1.0
offline,BinSeg,real_diagnostic,unlabelled,diagnostic,full_series_future_relative_to_breakpoint,False,,63,,,,,,504,,,,,,,,,,,,56.0,79.0,57.0,22.0,440.0,567.0,189.0,0.0,30.0,13.0,22.0,12.0,1.0
