experiment,data_status,truth_data_status,evaluation_status,cohort,scenario,model,k,cases,positives,negatives,train_positives,test_positives,train_positive_onset_dates,test_positive_onset_dates,pr_auc,row_f1,event_recall,alert_precision,median_lead_time_months,mean_lead_time_months,false_alerts_per_12_monitored_months,source_path,source_report,median_lead_time,false_alerts_per_12_months,eligible_events,warned_events,false_alert_count,repeated_alert_count,threshold
E07a,not_evaluated,real,classifier_not_trained_feasibility_failed,test,real_weak_truth,not_trained,1,120,0,120,1.0,0.0,1.0,0.0,,,,,,,,outputs/early_warning_feasibility_v1/weak_cases.csv.gz,reports/results/E07a_early_warning_feasibility.md,,,,,,,
E07a,not_evaluated,real,classifier_not_trained_feasibility_failed,test,real_weak_truth,not_trained,3,0,0,0,0.0,0.0,0.0,0.0,,,,,,,,outputs/early_warning_feasibility_v1/weak_cases.csv.gz,reports/results/E07a_early_warning_feasibility.md,,,,,,,
E07b,not_evaluated,real,classifier_not_trained_feasibility_failed,test,real_weak_truth,B0,1,3974,4,3970,14.0,4.0,1.0,2.0,,,,,,,,outputs/early_warning_full_panel_v1/label_cases.csv.gz,reports/results/E07b_early_warning_full_panel.md,,,,,,,
E07b,not_evaluated,real,classifier_not_trained_feasibility_failed,test,real_weak_truth,B1,1,3974,4,3970,14.0,4.0,1.0,2.0,,,,,,,,outputs/early_warning_full_panel_v1/label_cases.csv.gz,reports/results/E07b_early_warning_full_panel.md,,,,,,,
E07b,not_evaluated,real,classifier_not_trained_feasibility_failed,test,real_weak_truth,B2,1,3974,4,3970,14.0,4.0,1.0,2.0,,,,,,,,outputs/early_warning_full_panel_v1/label_cases.csv.gz,reports/results/E07b_early_warning_full_panel.md,,,,,,,
E07b,not_evaluated,real,classifier_not_trained_feasibility_failed,test,real_weak_truth,B3,1,3974,4,3970,14.0,4.0,1.0,2.0,,,,,,,,outputs/early_warning_full_panel_v1/label_cases.csv.gz,reports/results/E07b_early_warning_full_panel.md,,,,,,,
E07b,not_evaluated,real,classifier_not_trained_feasibility_failed,test,real_weak_truth,B4,1,3974,4,3970,14.0,4.0,1.0,2.0,,,,,,,,outputs/early_warning_full_panel_v1/label_cases.csv.gz,reports/results/E07b_early_warning_full_panel.md,,,,,,,
E07b,not_evaluated,real,classifier_not_trained_feasibility_failed,test,real_weak_truth,B0,3,0,0,0,0.0,0.0,0.0,0.0,,,,,,,,outputs/early_warning_full_panel_v1/label_cases.csv.gz,reports/results/E07b_early_warning_full_panel.md,,,,,,,
E07b,not_evaluated,real,classifier_not_trained_feasibility_failed,test,real_weak_truth,B1,3,0,0,0,0.0,0.0,0.0,0.0,,,,,,,,outputs/early_warning_full_panel_v1/label_cases.csv.gz,reports/results/E07b_early_warning_full_panel.md,,,,,,,
E07b,not_evaluated,real,classifier_not_trained_feasibility_failed,test,real_weak_truth,B2,3,0,0,0,0.0,0.0,0.0,0.0,,,,,,,,outputs/early_warning_full_panel_v1/label_cases.csv.gz,reports/results/E07b_early_warning_full_panel.md,,,,,,,
E07b,not_evaluated,real,classifier_not_trained_feasibility_failed,test,real_weak_truth,B3,3,0,0,0,0.0,0.0,0.0,0.0,,,,,,,,outputs/early_warning_full_panel_v1/label_cases.csv.gz,reports/results/E07b_early_warning_full_panel.md,,,,,,,
E07b,not_evaluated,real,classifier_not_trained_feasibility_failed,test,real_weak_truth,B4,3,0,0,0,0.0,0.0,0.0,0.0,,,,,,,,outputs/early_warning_full_panel_v1/label_cases.csv.gz,reports/results/E07b_early_warning_full_panel.md,,,,,,,
E07c,synthetic,synthetic,evaluated_on_independent_synthetic_TEST,test,base_all,S0,1,2722,180,2542,,,,,0.06612784717119764,0.0,0.0,,,,0.0,outputs/early_warning_synthetic_v1/predictions.csv.gz,reports/results/E07c_synthetic_early_warning.md,,0.0,180.0,0.0,0.0,0.0,1.0
E07c,synthetic,synthetic,evaluated_on_independent_synthetic_TEST,test,weak_precursor,S0,1,792,71,721,,,,,0.08964646464646464,0.0,0.0,,,,0.0,outputs/early_warning_synthetic_v1/predictions.csv.gz,reports/results/E07c_synthetic_early_warning.md,,0.0,71.0,0.0,0.0,0.0,1.0
E07c,synthetic,synthetic,evaluated_on_independent_synthetic_TEST,test,strong_precursor,S0,1,677,64,613,,,,,0.09453471196454949,0.0,0.0,,,,0.0,outputs/early_warning_synthetic_v1/predictions.csv.gz,reports/results/E07c_synthetic_early_warning.md,,0.0,64.0,0.0,0.0,0.0,1.0
E07c,synthetic,synthetic,evaluated_on_independent_synthetic_TEST,test,high_noise,S0,1,580,38,542,,,,,0.06551724137931035,0.0,0.0,,,,0.0,outputs/early_warning_synthetic_v1/predictions.csv.gz,reports/results/E07c_synthetic_early_warning.md,,0.0,38.0,0.0,0.0,0.0,1.0
E07c,synthetic,synthetic,evaluated_on_independent_synthetic_TEST,test,controls_false_precursor,S0,1,504,0,504,,,,,,0.0,,,,,0.0,outputs/early_warning_synthetic_v1/predictions.csv.gz,reports/results/E07c_synthetic_early_warning.md,,0.0,0.0,0.0,0.0,0.0,1.0
E07c,synthetic,synthetic,evaluated_on_independent_synthetic_TEST,test,anticipated_events,S0,1,2405,135,2270,,,,,0.056133056133056136,0.0,0.0,,,,0.0,outputs/early_warning_synthetic_v1/predictions.csv.gz,reports/results/E07c_synthetic_early_warning.md,,0.0,135.0,0.0,0.0,0.0,1.0
E07c,synthetic,synthetic,evaluated_on_independent_synthetic_TEST,test,unanticipated_events,S0,1,1757,45,1712,,,,,0.025611838360842343,0.0,0.0,,,,0.0,outputs/early_warning_synthetic_v1/predictions.csv.gz,reports/results/E07c_synthetic_early_warning.md,,0.0,45.0,0.0,0.0,0.0,1.0
E07c,synthetic,synthetic,evaluated_on_independent_synthetic_TEST,test,base_all,S0,3,2482,540,1942,,,,,0.21756647864625303,0.0,0.0,,,,0.0,outputs/early_warning_synthetic_v1/predictions.csv.gz,reports/results/E07c_synthetic_early_warning.md,,0.0,180.0,0.0,0.0,0.0,1.0
E07c,synthetic,synthetic,evaluated_on_independent_synthetic_TEST,test,weak_precursor,S0,3,746,213,533,,,,,0.2855227882037534,0.0,0.0,,,,0.0,outputs/early_warning_synthetic_v1/predictions.csv.gz,reports/results/E07c_synthetic_early_warning.md,,0.0,71.0,0.0,0.0,0.0,1.0
E07c,synthetic,synthetic,evaluated_on_independent_synthetic_TEST,test,strong_precursor,S0,3,639,192,447,,,,,0.3004694835680751,0.0,0.0,,,,0.0,outputs/early_warning_synthetic_v1/predictions.csv.gz,reports/results/E07c_synthetic_early_warning.md,,0.0,64.0,0.0,0.0,0.0,1.0
E07c,synthetic,synthetic,evaluated_on_independent_synthetic_TEST,test,high_noise,S0,3,530,114,416,,,,,0.21509433962264152,0.0,0.0,,,,0.0,outputs/early_warning_synthetic_v1/predictions.csv.gz,reports/results/E07c_synthetic_early_warning.md,,0.0,38.0,0.0,0.0,0.0,1.0
E07c,synthetic,synthetic,evaluated_on_independent_synthetic_TEST,test,controls_false_precursor,S0,3,420,0,420,,,,,,0.0,,,,,0.0,outputs/early_warning_synthetic_v1/predictions.csv.gz,reports/results/E07c_synthetic_early_warning.md,,0.0,0.0,0.0,0.0,0.0,1.0
E07c,synthetic,synthetic,evaluated_on_independent_synthetic_TEST,test,anticipated_events,S0,3,2165,405,1760,,,,,0.18706697459584296,0.0,0.0,,,,0.0,outputs/early_warning_synthetic_v1/predictions.csv.gz,reports/results/E07c_synthetic_early_warning.md,,0.0,135.0,0.0,0.0,0.0,1.0
E07c,synthetic,synthetic,evaluated_on_independent_synthetic_TEST,test,unanticipated_events,S0,3,1517,135,1382,,,,,0.08899143045484509,0.0,0.0,,,,0.0,outputs/early_warning_synthetic_v1/predictions.csv.gz,reports/results/E07c_synthetic_early_warning.md,,0.0,45.0,0.0,0.0,0.0,1.0
E07c,synthetic,synthetic,evaluated_on_independent_synthetic_TEST,test,base_all,S1,1,2722,180,2542,,,,,0.12106631939275804,0.18705035971223022,0.21666666666666667,0.16455696202531644,1.0,1.0,0.8728875826598089,outputs/early_warning_synthetic_v1/predictions.csv.gz,reports/results/E07c_synthetic_early_warning.md,1.0,0.8728875826598089,180.0,39.0,198.0,0.0,0.11114428240020063
E07c,synthetic,synthetic,evaluated_on_independent_synthetic_TEST,test,weak_precursor,S1,1,792,71,721,,,,,0.1536748145208964,0.18543046357615894,0.19718309859154928,0.175,1.0,1.0,1.0,outputs/early_warning_synthetic_v1/predictions.csv.gz,reports/results/E07c_synthetic_early_warning.md,1.0,1.0,71.0,14.0,66.0,0.0,0.11114428240020063
E07c,synthetic,synthetic,evaluated_on_independent_synthetic_TEST,test,strong_precursor,S1,1,677,64,613,,,,,0.20406193706120207,0.23140495867768596,0.21875,0.24561403508771928,1.0,1.0,0.7621861152141802,outputs/early_warning_synthetic_v1/predictions.csv.gz,reports/results/E07c_synthetic_early_warning.md,1.0,0.7621861152141802,64.0,14.0,43.0,0.0,0.11114428240020063
E07c,synthetic,synthetic,evaluated_on_independent_synthetic_TEST,test,high_noise,S1,1,580,38,542,,,,,0.13331541963299648,0.24,0.7105263157894737,0.1443850267379679,1.0,1.0,3.310344827586207,outputs/early_warning_synthetic_v1/predictions.csv.gz,reports/results/E07c_synthetic_early_warning.md,1.0,3.310344827586207,38.0,27.0,160.0,0.0,0.11114428240020063
E07c,synthetic,synthetic,evaluated_on_independent_synthetic_TEST,test,controls_false_precursor,S1,1,504,0,504,,,,,,0.0,,0.0,,,1.2857142857142858,outputs/early_warning_synthetic_v1/predictions.csv.gz,reports/results/E07c_synthetic_early_warning.md,,1.2857142857142858,0.0,0.0,54.0,0.0,0.11114428240020063
E07c,synthetic,synthetic,evaluated_on_independent_synthetic_TEST,test,anticipated_events,S1,1,2405,135,2270,,,,,0.10279850438146725,0.16422287390029325,0.2074074074074074,0.13592233009708737,1.0,1.0,0.8881496881496882,outputs/early_warning_synthetic_v1/predictions.csv.gz,reports/results/E07c_synthetic_early_warning.md,1.0,0.8881496881496882,135.0,28.0,178.0,0.0,0.11114428240020063
E07c,synthetic,synthetic,evaluated_on_independent_synthetic_TEST,test,unanticipated_events,S1,1,1757,45,1712,,,,,0.04692901409893951,0.11055276381909548,0.24444444444444444,0.07142857142857142,1.0,1.0,0.9766647694934547,outputs/early_warning_synthetic_v1/predictions.csv.gz,reports/results/E07c_synthetic_early_warning.md,1.0,0.9766647694934547,45.0,11.0,143.0,0.0,0.11114428240020063
E07c,synthetic,synthetic,evaluated_on_independent_synthetic_TEST,test,base_all,S1,3,2482,540,1942,,,,,0.32796341679720525,0.20107238605898123,0.26666666666666666,0.2681564245810056,2.0,2.0208333333333335,0.6333601933924254,outputs/early_warning_synthetic_v1/predictions.csv.gz,reports/results/E07c_synthetic_early_warning.md,2.0,0.6333601933924254,180.0,48.0,131.0,27.0,0.3584144083050296
E07c,synthetic,synthetic,evaluated_on_independent_synthetic_TEST,test,weak_precursor,S1,3,746,213,533,,,,,0.3916839260653542,0.18840579710144928,0.2535211267605634,0.32727272727272727,2.0,2.111111111111111,0.5951742627345844,outputs/early_warning_synthetic_v1/predictions.csv.gz,reports/results/E07c_synthetic_early_warning.md,2.0,0.5951742627345844,71.0,18.0,37.0,8.0,0.3584144083050296
E07c,synthetic,synthetic,evaluated_on_independent_synthetic_TEST,test,strong_precursor,S1,3,639,192,447,,,,,0.5092322415740606,0.21008403361344538,0.265625,0.4473684210526316,2.0,1.8823529411764706,0.39436619718309857,outputs/early_warning_synthetic_v1/predictions.csv.gz,reports/results/E07c_synthetic_early_warning.md,2.0,0.39436619718309857,64.0,17.0,21.0,8.0,0.3584144083050296
E07c,synthetic,synthetic,evaluated_on_independent_synthetic_TEST,test,high_noise,S1,3,530,114,416,,,,,0.34410220596975516,0.4233576642335766,0.868421052631579,0.24444444444444444,2.0,2.272727272727273,2.309433962264151,outputs/early_warning_synthetic_v1/predictions.csv.gz,reports/results/E07c_synthetic_early_warning.md,2.0,2.309433962264151,38.0,33.0,102.0,25.0,0.3584144083050296
E07c,synthetic,synthetic,evaluated_on_independent_synthetic_TEST,test,controls_false_precursor,S1,3,420,0,420,,,,,,0.0,,0.0,,,1.0857142857142856,outputs/early_warning_synthetic_v1/predictions.csv.gz,reports/results/E07c_synthetic_early_warning.md,,1.0857142857142856,0.0,0.0,38.0,0.0,0.3584144083050296
E07c,synthetic,synthetic,evaluated_on_independent_synthetic_TEST,test,anticipated_events,S1,3,2165,405,1760,,,,,0.2737271622559505,0.17616580310880828,0.25925925925925924,0.22151898734177214,2.0,2.0,0.6817551963048499,outputs/early_warning_synthetic_v1/predictions.csv.gz,reports/results/E07c_synthetic_early_warning.md,2.0,0.6817551963048499,135.0,35.0,123.0,16.0,0.3584144083050296
E07c,synthetic,synthetic,evaluated_on_independent_synthetic_TEST,test,unanticipated_events,S1,3,1517,135,1382,,,,,0.13996986658688795,0.17777777777777778,0.28888888888888886,0.10483870967741936,2.0,2.076923076923077,0.8780487804878049,outputs/early_warning_synthetic_v1/predictions.csv.gz,reports/results/E07c_synthetic_early_warning.md,2.0,0.8780487804878049,45.0,13.0,111.0,11.0,0.3584144083050296
E07c,synthetic,synthetic,evaluated_on_independent_synthetic_TEST,test,base_all,S2,1,2722,180,2542,,,,,0.15539451205050103,0.16304347826086957,0.16666666666666666,0.1595744680851064,1.0,1.0,0.6965466568699485,outputs/early_warning_synthetic_v1/predictions.csv.gz,reports/results/E07c_synthetic_early_warning.md,1.0,0.6965466568699485,180.0,30.0,158.0,0.0,0.15153306999421068
E07c,synthetic,synthetic,evaluated_on_independent_synthetic_TEST,test,weak_precursor,S2,1,792,71,721,,,,,0.18274940247571614,0.13533834586466165,0.1267605633802817,0.14516129032258066,1.0,1.0,0.803030303030303,outputs/early_warning_synthetic_v1/predictions.csv.gz,reports/results/E07c_synthetic_early_warning.md,1.0,0.803030303030303,71.0,9.0,53.0,0.0,0.15153306999421068
E07c,synthetic,synthetic,evaluated_on_independent_synthetic_TEST,test,strong_precursor,S2,1,677,64,613,,,,,0.259127976263989,0.25196850393700787,0.25,0.25396825396825395,1.0,1.0,0.8330871491875923,outputs/early_warning_synthetic_v1/predictions.csv.gz,reports/results/E07c_synthetic_early_warning.md,1.0,0.8330871491875923,64.0,16.0,47.0,0.0,0.15153306999421068
E07c,synthetic,synthetic,evaluated_on_independent_synthetic_TEST,test,high_noise,S2,1,580,38,542,,,,,0.17179556605206067,0.208,0.34210526315789475,0.14942528735632185,1.0,1.0,1.5310344827586206,outputs/early_warning_synthetic_v1/predictions.csv.gz,reports/results/E07c_synthetic_early_warning.md,1.0,1.5310344827586206,38.0,13.0,74.0,0.0,0.15153306999421068
E07c,synthetic,synthetic,evaluated_on_independent_synthetic_TEST,test,controls_false_precursor,S2,1,504,0,504,,,,,,0.0,,0.0,,,1.119047619047619,outputs/early_warning_synthetic_v1/predictions.csv.gz,reports/results/E07c_synthetic_early_warning.md,,1.119047619047619,0.0,0.0,47.0,0.0,0.15153306999421068
E07c,synthetic,synthetic,evaluated_on_independent_synthetic_TEST,test,anticipated_events,S2,1,2405,135,2270,,,,,0.13674632509383366,0.16556291390728478,0.18518518518518517,0.1497005988023952,1.0,1.0,0.7085239085239086,outputs/early_warning_synthetic_v1/predictions.csv.gz,reports/results/E07c_synthetic_early_warning.md,1.0,0.7085239085239086,135.0,25.0,142.0,0.0,0.15153306999421068
E07c,synthetic,synthetic,evaluated_on_independent_synthetic_TEST,test,unanticipated_events,S2,1,1757,45,1712,,,,,0.05579956350866191,0.06451612903225806,0.1111111111111111,0.045454545454545456,1.0,1.0,0.7171314741035857,outputs/early_warning_synthetic_v1/predictions.csv.gz,reports/results/E07c_synthetic_early_warning.md,1.0,0.7171314741035857,45.0,5.0,105.0,0.0,0.15153306999421068
E07c,synthetic,synthetic,evaluated_on_independent_synthetic_TEST,test,base_all,S2,3,2482,540,1942,,,,,0.3897346285252855,0.25100133511348466,0.4,0.3850267379679144,2.0,1.9444444444444444,0.5560032232070911,outputs/early_warning_synthetic_v1/predictions.csv.gz,reports/results/E07c_synthetic_early_warning.md,2.0,0.5560032232070911,180.0,72.0,115.0,22.0,0.3993517661535233
E07c,synthetic,synthetic,evaluated_on_independent_synthetic_TEST,test,weak_precursor,S2,3,746,213,533,,,,,0.4686659418793412,0.2028985507246377,0.323943661971831,0.39655172413793105,2.0,2.1739130434782608,0.5630026809651475,outputs/early_warning_synthetic_v1/predictions.csv.gz,reports/results/E07c_synthetic_early_warning.md,2.0,0.5630026809651475,71.0,23.0,35.0,5.0,0.3993517661535233
E07c,synthetic,synthetic,evaluated_on_independent_synthetic_TEST,test,strong_precursor,S2,3,639,192,447,,,,,0.5447048076110091,0.3041825095057034,0.46875,0.4918032786885246,2.0,1.8333333333333333,0.5821596244131455,outputs/early_warning_synthetic_v1/predictions.csv.gz,reports/results/E07c_synthetic_early_warning.md,2.0,0.5821596244131455,64.0,30.0,31.0,10.0,0.3993517661535233
E07c,synthetic,synthetic,evaluated_on_independent_synthetic_TEST,test,high_noise,S2,3,530,114,416,,,,,0.37809782526870855,0.3867924528301887,0.7631578947368421,0.3372093023255814,2.0,2.0689655172413794,1.290566037735849,outputs/early_warning_synthetic_v1/predictions.csv.gz,reports/results/E07c_synthetic_early_warning.md,2.0,1.290566037735849,38.0,29.0,57.0,12.0,0.3993517661535233
E07c,synthetic,synthetic,evaluated_on_independent_synthetic_TEST,test,controls_false_precursor,S2,3,420,0,420,,,,,,0.0,,0.0,,,1.1428571428571428,outputs/early_warning_synthetic_v1/predictions.csv.gz,reports/results/E07c_synthetic_early_warning.md,,1.1428571428571428,0.0,0.0,40.0,0.0,0.3993517661535233
E07c,synthetic,synthetic,evaluated_on_independent_synthetic_TEST,test,anticipated_events,S2,3,2165,405,1760,,,,,0.3393717566005106,0.2328767123287671,0.3925925925925926,0.3231707317073171,2.0,1.9811320754716981,0.6152424942263279,outputs/early_warning_synthetic_v1/predictions.csv.gz,reports/results/E07c_synthetic_early_warning.md,2.0,0.6152424942263279,135.0,53.0,111.0,15.0,0.3993517661535233
E07c,synthetic,synthetic,evaluated_on_independent_synthetic_TEST,test,unanticipated_events,S2,3,1517,135,1382,,,,,0.1633349896156993,0.208,0.4222222222222222,0.17592592592592593,2.0,1.8421052631578947,0.7040210942649967,outputs/early_warning_synthetic_v1/predictions.csv.gz,reports/results/E07c_synthetic_early_warning.md,2.0,0.7040210942649967,45.0,19.0,89.0,7.0,0.3993517661535233
E07c,synthetic,synthetic,evaluated_on_independent_synthetic_TEST,test,base_all,S3,1,2722,180,2542,,,,,0.34053473513036475,0.39896373056994816,0.42777777777777776,0.3737864077669903,1.0,1.0,0.5686994856722998,outputs/early_warning_synthetic_v1/predictions.csv.gz,reports/results/E07c_synthetic_early_warning.md,1.0,0.5686994856722998,180.0,77.0,129.0,0.0,0.17483013453932533
E07c,synthetic,synthetic,evaluated_on_independent_synthetic_TEST,test,weak_precursor,S3,1,792,71,721,,,,,0.3180312464095282,0.34074074074074073,0.323943661971831,0.359375,1.0,1.0,0.6212121212121212,outputs/early_warning_synthetic_v1/predictions.csv.gz,reports/results/E07c_synthetic_early_warning.md,1.0,0.6212121212121212,71.0,23.0,41.0,0.0,0.17483013453932533
E07c,synthetic,synthetic,evaluated_on_independent_synthetic_TEST,test,strong_precursor,S3,1,677,64,613,,,,,0.5189678533565606,0.5555555555555556,0.78125,0.43103448275862066,1.0,1.0,1.1698670605612997,outputs/early_warning_synthetic_v1/predictions.csv.gz,reports/results/E07c_synthetic_early_warning.md,1.0,1.1698670605612997,64.0,50.0,66.0,0.0,0.17483013453932533
E07c,synthetic,synthetic,evaluated_on_independent_synthetic_TEST,test,high_noise,S3,1,580,38,542,,,,,0.23832687484117535,0.23655913978494625,0.2894736842105263,0.2,1.0,1.0,0.9103448275862069,outputs/early_warning_synthetic_v1/predictions.csv.gz,reports/results/E07c_synthetic_early_warning.md,1.0,0.9103448275862069,38.0,11.0,44.0,0.0,0.17483013453932533
E07c,synthetic,synthetic,evaluated_on_independent_synthetic_TEST,test,controls_false_precursor,S3,1,504,0,504,,,,,,0.0,,0.0,,,1.119047619047619,outputs/early_warning_synthetic_v1/predictions.csv.gz,reports/results/E07c_synthetic_early_warning.md,,1.119047619047619,0.0,0.0,47.0,0.0,0.17483013453932533
E07c,synthetic,synthetic,evaluated_on_independent_synthetic_TEST,test,anticipated_events,S3,1,2405,135,2270,,,,,0.38280339350337145,0.4397590361445783,0.5407407407407407,0.37055837563451777,1.0,1.0,0.6187110187110187,outputs/early_warning_synthetic_v1/predictions.csv.gz,reports/results/E07c_synthetic_early_warning.md,1.0,0.6187110187110187,135.0,73.0,124.0,0.0,0.17483013453932533
E07c,synthetic,synthetic,evaluated_on_independent_synthetic_TEST,test,unanticipated_events,S3,1,1757,45,1712,,,,,0.042844969374378976,0.06779661016949153,0.08888888888888889,0.0547945205479452,1.0,1.0,0.47125782583949916,outputs/early_warning_synthetic_v1/predictions.csv.gz,reports/results/E07c_synthetic_early_warning.md,1.0,0.47125782583949916,45.0,4.0,69.0,0.0,0.17483013453932533
E07c,synthetic,synthetic,evaluated_on_independent_synthetic_TEST,test,base_all,S3,3,2482,540,1942,,,,,0.5379402036095874,0.4500601684717208,0.6166666666666667,0.5162790697674419,2.0,2.063063063063063,0.5028203062046737,outputs/early_warning_synthetic_v1/predictions.csv.gz,reports/results/E07c_synthetic_early_warning.md,2.0,0.5028203062046737,180.0,111.0,104.0,76.0,0.4242388303335392
E07c,synthetic,synthetic,evaluated_on_independent_synthetic_TEST,test,weak_precursor,S3,3,746,213,533,,,,,0.5659801954983772,0.37623762376237624,0.5633802816901409,0.547945205479452,2.0,2.05,0.5308310991957105,outputs/early_warning_synthetic_v1/predictions.csv.gz,reports/results/E07c_synthetic_early_warning.md,2.0,0.5308310991957105,71.0,40.0,33.0,17.0,0.4242388303335392
E07c,synthetic,synthetic,evaluated_on_independent_synthetic_TEST,test,strong_precursor,S3,3,639,192,447,,,,,0.7144097535925247,0.6666666666666666,0.9375,0.625,2.0,2.1166666666666667,0.676056338028169,outputs/early_warning_synthetic_v1/predictions.csv.gz,reports/results/E07c_synthetic_early_warning.md,2.0,0.676056338028169,64.0,60.0,36.0,54.0,0.4242388303335392
E07c,synthetic,synthetic,evaluated_on_independent_synthetic_TEST,test,high_noise,S3,3,530,114,416,,,,,0.4483866725748121,0.3979591836734694,0.6052631578947368,0.3484848484848485,3.0,2.217391304347826,0.9735849056603774,outputs/early_warning_synthetic_v1/predictions.csv.gz,reports/results/E07c_synthetic_early_warning.md,3.0,0.9735849056603774,38.0,23.0,43.0,16.0,0.4242388303335392
E07c,synthetic,synthetic,evaluated_on_independent_synthetic_TEST,test,controls_false_precursor,S3,3,420,0,420,,,,,,0.0,,0.0,,,1.6,outputs/early_warning_synthetic_v1/predictions.csv.gz,reports/results/E07c_synthetic_early_warning.md,,1.6,0.0,0.0,56.0,0.0,0.4242388303335392
E07c,synthetic,synthetic,evaluated_on_independent_synthetic_TEST,test,anticipated_events,S3,3,2165,405,1760,,,,,0.5453688455142189,0.5036818851251841,0.7407407407407407,0.49261083743842365,2.0,2.09,0.5709006928406467,outputs/early_warning_synthetic_v1/predictions.csv.gz,reports/results/E07c_synthetic_early_warning.md,2.0,0.5709006928406467,135.0,100.0,103.0,71.0,0.4242388303335392
E07c,synthetic,synthetic,evaluated_on_independent_synthetic_TEST,test,unanticipated_events,S3,3,1517,135,1382,,,,,0.13056166668282068,0.1322314049586777,0.24444444444444444,0.10784313725490197,2.0,1.8181818181818181,0.7198417930125247,outputs/early_warning_synthetic_v1/predictions.csv.gz,reports/results/E07c_synthetic_early_warning.md,2.0,0.7198417930125247,45.0,11.0,91.0,5.0,0.4242388303335392
