group,figure,title,data_status,mode,sha256,source_paths,source_sha256,selection,plotted_data,visual_review
1,figures/forecast_mae.png,MAE macro по горизонтам: real pilot holdout,real,drawn_from_saved_files,058aca599d828b2fda7e5a03eb73ce71850345ffd9ab99cc757878f53245eb12,"[""reports/final/forecasting_metrics.csv""]","{""reports/final/forecasting_metrics.csv"": ""ecb91aada02b7b87d1da019c8969eb17f6535077c9095f3a09531c209f02a1cd""}",9 main strategies; holdout; identical E01/E05d keys,figure_data/forecast_mae.csv,see verification.json; inspection occurs after build
2,figures/rolling_forecast.png,Один реальный rolling forecast: первый числовой ID,real,drawn_from_saved_files,0ae922414791a15ad63f1aefc4f7458faa4bdee1e2da53baa2f04da0c143d6c2,"[""outputs/prophet_comparison_v1/predictions.csv.gz""]","{""outputs/prophet_comparison_v1/predictions.csv.gz"": ""f0a6c25ab103aa81f451d52c3402e979b6655b888860339187f0d4c304214285""}","municipality_id=21; SeasonalNaiveYoY; h=1; finite facts; numeric ID order, not accuracy",figure_data/rolling_forecast.csv,see verification.json; inspection occurs after build
3,figures/online_comparison.png,Online quality metrics: synthetic test,synthetic,drawn_from_saved_files,e584d79d91af96c19606367e88227aec814bd3b5ac58f5f100dba188bf067e41,"[""reports/final/detection_metrics.csv""]","{""reports/final/detection_metrics.csv"": ""1d89f04c640402ce716dedf77b851878f06fa345d989479cf4804ca7720db0ce""}",family=online; data_status=synthetic; primary level shifts,figure_data/online_comparison.csv,see verification.json; inspection occurs after build
4,figures/offline_example.png,Offline synthetic example: первый level-series; оба метода пропустили событие,synthetic,selected_existing_figure,3641a50d7cde55284fea7841800c670bb6c2f352b61c088252b9e14707a79e1a,"[""outputs/offline_detection_v1/synthetic_test_series.csv.gz"", ""outputs/offline_detection_v1/synthetic_test_observations.csv.gz"", ""outputs/offline_detection_v1/synthetic_test_residuals.csv.gz"", ""outputs/offline_detection_v1/synthetic_test_events.csv.gz"", ""outputs/offline_detection_v1/synthetic_test_breakpoints.csv.gz""]","{""outputs/offline_detection_v1/synthetic_test_series.csv.gz"": ""300c93da1e1aeaec1a5caeb998af01a29beb76bede414848dacb4a85fcdfca85"", ""outputs/offline_detection_v1/synthetic_test_observations.csv.gz"": ""41a106da53b4cc25542d94c2cf78b9e05f95abe9715b3f26e4b30cfe0b65bc6a"", ""outputs/offline_detection_v1/synthetic_test_residuals.csv.gz"": ""3d3d94374e5c07c7d2795746eaa909af5cca5432fb5836f8f1ef5fba50d3fbbb"", ""outputs/offline_detection_v1/synthetic_test_events.csv.gz"": ""1eea5381dc966873da0877afca18af6236c4ec08ed9105a3bc47eb4fecd04596"", ""outputs/offline_detection_v1/synthetic_test_breakpoints.csv.gz"": ""8bb38427d6f7d99fbfbfdb0940bd6cab62ad0f06efa82c3e07a54c3bae7fcbff""}","{""series_id"": ""test_000120"", ""selection"": ""smallest_ID_among_level_up_down_not_detection_quality""}",,see verification.json; inspection occurs after build
5,figures/real_diagnostic.png,"МО 21: ретроспективные кандидаты, независимых меток нет",diagnostic,selected_existing_figure,825541db769afc514e37951dbb221b782acd3a1493d684f62b64a76212316bc1,"[""outputs/offline_detection_v1/real_residuals.csv.gz"", ""outputs/offline_detection_v1/real_breakpoints.csv"", ""outputs/offline_detection_v1/real_segments.csv""]","{""outputs/offline_detection_v1/real_residuals.csv.gz"": ""e471b9f65ac7f65820b2f4b28de4691ab20d44b2d4b27145aeaa1289cc90768c"", ""outputs/offline_detection_v1/real_breakpoints.csv"": ""fd8ba95110c3df0cbb4544a178df239da0bdb70b1c2bf22e18c8a780ba7282d0"", ""outputs/offline_detection_v1/real_segments.csv"": ""d4d496aa8e076c348113130c2506bcf47ad7bb86ba95872e542a756896dfda4e""}","{""municipality_id"": ""21"", ""selection"": ""numeric_ID_order_not_detector_quality""}",,see verification.json; inspection occurs after build
6,figures/news_timeline.png,Исторически допущенные news: national timeline,real,drawn_from_saved_files,5c49646fc8c749b076b79039a8c9c84a1588038e6ac6118f5b7bb7c7316ea432,"[""outputs/news_events_v3/news_features.csv.gz""]","{""outputs/news_events_v3/news_features.csv.gz"": ""a584d0b68b50e87a78132d48d05d06a834851db0e16a893a73b509bcb47ee10b""}",one vector per origin after verifying equality across all 64 MO; incomplete archive,figure_data/news_timeline.csv,see verification.json; inspection occurs after build
7,figures/real_warning_sufficiency.png,Реальная панель: недостаточно событий и независимых дат,not_evaluated,drawn_from_saved_files,ca2e5643eb6023ec28c412c201160d7d1d4bb9e9afb88adbebe3a74d08e32b5f,"[""outputs/early_warning_full_panel_v1/feasibility.csv""]","{""outputs/early_warning_full_panel_v1/feasibility.csv"": ""f3ac86d226236585bd27308293882a78e05cff5ded59e476b9f1caf7bc3ff31d""}",fixed temporal split; scope=train/test; k1/3; counts not classifier metrics,figure_data/real_warning_sufficiency.csv,see verification.json; inspection occurs after build
8,figures/warning_success.png,S3/k3: успешное synthetic warning,synthetic,selected_existing_figure,329e43899d4d409c74c87df4b846c7b28758c398c8363397b6c909a1c7e3a1ea,"[""outputs/early_warning_synthetic_v1/observations.csv.gz"", ""outputs/early_warning_synthetic_v1/predictions.csv.gz"", ""outputs/early_warning_synthetic_v1/true_events.csv"", ""outputs/early_warning_synthetic_v1/event_matches.csv"", ""outputs/early_warning_synthetic_v1/alerts.csv"", ""outputs/early_warning_synthetic_v1/examples.csv"", ""outputs/early_warning_synthetic_v1/selected_thresholds.csv""]","{""outputs/early_warning_synthetic_v1/observations.csv.gz"": ""208987ee82aca0d94645c39524235f355b599654d3d92a301990718f89ecfdbc"", ""outputs/early_warning_synthetic_v1/predictions.csv.gz"": ""e28cfe28772e783afa9b9cf5da81a14e9451053c53db691095df8584d86652b9"", ""outputs/early_warning_synthetic_v1/true_events.csv"": ""78a31b83a866b2f264da5d0c49d316269daaa6a9d9ca888c3cbbf2fb12266a9f"", ""outputs/early_warning_synthetic_v1/event_matches.csv"": ""bf5c7fcad5d40c0a3d878487440d7c8d0cfb68299d7f664d2210a0d64bf83e43"", ""outputs/early_warning_synthetic_v1/alerts.csv"": ""05a256548b9917d5e5c4ff56fcea1655577fb1b49dcb1dbee6f2ee8a0d75419c"", ""outputs/early_warning_synthetic_v1/examples.csv"": ""17383fae18c83ade3dc9afdc8e6b75ad45199f25d1de8c47f142069b81fcedf0"", ""outputs/early_warning_synthetic_v1/selected_thresholds.csv"": ""b3532e964d126b52cf9cfbaaa3dc8d84ccb4025f37eaea30103f3fde8912b27a""}","saved examples.csv: model=S3, k=3, first eligible series lexicographically then earliest origin",,see verification.json; inspection occurs after build
8,figures/warning_false.png,S3/k3: ложный synthetic alert,synthetic,selected_existing_figure,5f59469d3548820f72248f43251c88a53555151f4269461a6d384bb523b1f565,"[""outputs/early_warning_synthetic_v1/observations.csv.gz"", ""outputs/early_warning_synthetic_v1/predictions.csv.gz"", ""outputs/early_warning_synthetic_v1/true_events.csv"", ""outputs/early_warning_synthetic_v1/event_matches.csv"", ""outputs/early_warning_synthetic_v1/alerts.csv"", ""outputs/early_warning_synthetic_v1/examples.csv"", ""outputs/early_warning_synthetic_v1/selected_thresholds.csv""]","{""outputs/early_warning_synthetic_v1/observations.csv.gz"": ""208987ee82aca0d94645c39524235f355b599654d3d92a301990718f89ecfdbc"", ""outputs/early_warning_synthetic_v1/predictions.csv.gz"": ""e28cfe28772e783afa9b9cf5da81a14e9451053c53db691095df8584d86652b9"", ""outputs/early_warning_synthetic_v1/true_events.csv"": ""78a31b83a866b2f264da5d0c49d316269daaa6a9d9ca888c3cbbf2fb12266a9f"", ""outputs/early_warning_synthetic_v1/event_matches.csv"": ""bf5c7fcad5d40c0a3d878487440d7c8d0cfb68299d7f664d2210a0d64bf83e43"", ""outputs/early_warning_synthetic_v1/alerts.csv"": ""05a256548b9917d5e5c4ff56fcea1655577fb1b49dcb1dbee6f2ee8a0d75419c"", ""outputs/early_warning_synthetic_v1/examples.csv"": ""17383fae18c83ade3dc9afdc8e6b75ad45199f25d1de8c47f142069b81fcedf0"", ""outputs/early_warning_synthetic_v1/selected_thresholds.csv"": ""b3532e964d126b52cf9cfbaaa3dc8d84ccb4025f37eaea30103f3fde8912b27a""}","saved examples.csv: model=S3, k=3, first eligible series lexicographically then earliest origin",,see verification.json; inspection occurs after build
8,figures/warning_miss.png,S3/k3: пропущенное synthetic событие,synthetic,selected_existing_figure,7171331352f06cbbf78b9c142372d64b5191837a3a481d9e73447237776dcce8,"[""outputs/early_warning_synthetic_v1/observations.csv.gz"", ""outputs/early_warning_synthetic_v1/predictions.csv.gz"", ""outputs/early_warning_synthetic_v1/true_events.csv"", ""outputs/early_warning_synthetic_v1/event_matches.csv"", ""outputs/early_warning_synthetic_v1/alerts.csv"", ""outputs/early_warning_synthetic_v1/examples.csv"", ""outputs/early_warning_synthetic_v1/selected_thresholds.csv""]","{""outputs/early_warning_synthetic_v1/observations.csv.gz"": ""208987ee82aca0d94645c39524235f355b599654d3d92a301990718f89ecfdbc"", ""outputs/early_warning_synthetic_v1/predictions.csv.gz"": ""e28cfe28772e783afa9b9cf5da81a14e9451053c53db691095df8584d86652b9"", ""outputs/early_warning_synthetic_v1/true_events.csv"": ""78a31b83a866b2f264da5d0c49d316269daaa6a9d9ca888c3cbbf2fb12266a9f"", ""outputs/early_warning_synthetic_v1/event_matches.csv"": ""bf5c7fcad5d40c0a3d878487440d7c8d0cfb68299d7f664d2210a0d64bf83e43"", ""outputs/early_warning_synthetic_v1/alerts.csv"": ""05a256548b9917d5e5c4ff56fcea1655577fb1b49dcb1dbee6f2ee8a0d75419c"", ""outputs/early_warning_synthetic_v1/examples.csv"": ""17383fae18c83ade3dc9afdc8e6b75ad45199f25d1de8c47f142069b81fcedf0"", ""outputs/early_warning_synthetic_v1/selected_thresholds.csv"": ""b3532e964d126b52cf9cfbaaa3dc8d84ccb4025f37eaea30103f3fde8912b27a""}","saved examples.csv: model=S3, k=3, first eligible series lexicographically then earliest origin",,see verification.json; inspection occurs after build
9,figures/synthetic_event_performance.png,S0–S3: synthetic event metrics,synthetic,drawn_from_saved_files,01fa62b6a346b5299794d866cac3c9b664cd53fa44c826af8dbdee5bc537b551,"[""outputs/early_warning_synthetic_v1/metrics_event.csv""]","{""outputs/early_warning_synthetic_v1/metrics_event.csv"": ""433fa183c4b5a4449f4309bc4611d968ec0a745f13b9bfa514f13314addcdf98""}","cohort=test; eight S0-S3/k1,3 rows; 180 events; validation excluded; S0 undefined precision omitted",figure_data/synthetic_event_performance.csv,see verification.json; inspection occurs after build
