model,split,horizon,mae_macro,mae_micro,r2_pooled,n_predictions,n_municipalities,n_origins,fallback_count,native_count,failed_count,metric_status,data_status,source_path,source_sha256,source_model,metrics_path,metrics_sha256,report_path,report_sha256,keys_path,keys_sha256,common_key_sha256,row_filter,experiment_id,unit
SeasonalNaive,validation,1,3862.769841269842,3862.7698412698414,0.7803631519047755,378,63,6,0,378,0,complete,real,outputs/prophet_comparison_v1/predictions.csv.gz,f0a6c25ab103aa81f451d52c3402e979b6655b888860339187f0d4c304214285,SeasonalNaive,outputs/prophet_comparison_v1/metrics.csv,72840af275dfe9be7ca4583a39dd052e3c14d8cf715d2f52d5c63873a4c9db0f,reports/results/E01_prophet_comparison.md,ef977ba859ff87d1ae0e5afe771004cb7efeea53b56ccd065367bb708a32049b,outputs/national_local_lightgbm_v1/strategy_keys.csv,fb5b99ff5db3efa79f6c54d7462d106e2adb219cc98e9826a425eb9efe454c15,25dda020b218677465804771f40210402f5cefded2d9ca95aba8f738e628577f,model=SeasonalNaive; finite y_true; exact E01/E05d keys; split=validation; horizon=1; fallback retained,E01,nominal_RUB
SeasonalNaive,validation,3,4438.757936507936,4438.757936507936,0.7451498689116042,252,63,4,0,252,0,complete,real,outputs/prophet_comparison_v1/predictions.csv.gz,f0a6c25ab103aa81f451d52c3402e979b6655b888860339187f0d4c304214285,SeasonalNaive,outputs/prophet_comparison_v1/metrics.csv,72840af275dfe9be7ca4583a39dd052e3c14d8cf715d2f52d5c63873a4c9db0f,reports/results/E01_prophet_comparison.md,ef977ba859ff87d1ae0e5afe771004cb7efeea53b56ccd065367bb708a32049b,outputs/national_local_lightgbm_v1/strategy_keys.csv,fb5b99ff5db3efa79f6c54d7462d106e2adb219cc98e9826a425eb9efe454c15,25dda020b218677465804771f40210402f5cefded2d9ca95aba8f738e628577f,model=SeasonalNaive; finite y_true; exact E01/E05d keys; split=validation; horizon=3; fallback retained,E01,nominal_RUB
SeasonalNaive,validation,6,4777.158730158731,4777.158730158731,0.7333759501352679,63,63,1,0,63,0,complete,real,outputs/prophet_comparison_v1/predictions.csv.gz,f0a6c25ab103aa81f451d52c3402e979b6655b888860339187f0d4c304214285,SeasonalNaive,outputs/prophet_comparison_v1/metrics.csv,72840af275dfe9be7ca4583a39dd052e3c14d8cf715d2f52d5c63873a4c9db0f,reports/results/E01_prophet_comparison.md,ef977ba859ff87d1ae0e5afe771004cb7efeea53b56ccd065367bb708a32049b,outputs/national_local_lightgbm_v1/strategy_keys.csv,fb5b99ff5db3efa79f6c54d7462d106e2adb219cc98e9826a425eb9efe454c15,25dda020b218677465804771f40210402f5cefded2d9ca95aba8f738e628577f,model=SeasonalNaive; finite y_true; exact E01/E05d keys; split=validation; horizon=6; fallback retained,E01,nominal_RUB
SeasonalNaive,validation,12,,,,0,0,0,0,0,0,no_evaluable_cases,not_evaluated,outputs/prophet_comparison_v1/predictions.csv.gz,f0a6c25ab103aa81f451d52c3402e979b6655b888860339187f0d4c304214285,SeasonalNaive,outputs/prophet_comparison_v1/metrics.csv,72840af275dfe9be7ca4583a39dd052e3c14d8cf715d2f52d5c63873a4c9db0f,reports/results/E01_prophet_comparison.md,ef977ba859ff87d1ae0e5afe771004cb7efeea53b56ccd065367bb708a32049b,outputs/national_local_lightgbm_v1/strategy_keys.csv,fb5b99ff5db3efa79f6c54d7462d106e2adb219cc98e9826a425eb9efe454c15,25dda020b218677465804771f40210402f5cefded2d9ca95aba8f738e628577f,model=SeasonalNaive; finite y_true; exact E01/E05d keys; split=validation; horizon=12; fallback retained,E01,nominal_RUB
SeasonalNaive,holdout,1,4175.145502645503,4175.145502645502,0.8197558071298726,378,63,6,0,378,0,complete,real,outputs/prophet_comparison_v1/predictions.csv.gz,f0a6c25ab103aa81f451d52c3402e979b6655b888860339187f0d4c304214285,SeasonalNaive,outputs/prophet_comparison_v1/metrics.csv,72840af275dfe9be7ca4583a39dd052e3c14d8cf715d2f52d5c63873a4c9db0f,reports/results/E01_prophet_comparison.md,ef977ba859ff87d1ae0e5afe771004cb7efeea53b56ccd065367bb708a32049b,outputs/national_local_lightgbm_v1/strategy_keys.csv,fb5b99ff5db3efa79f6c54d7462d106e2adb219cc98e9826a425eb9efe454c15,25dda020b218677465804771f40210402f5cefded2d9ca95aba8f738e628577f,model=SeasonalNaive; finite y_true; exact E01/E05d keys; split=holdout; horizon=1; fallback retained,E01,nominal_RUB
SeasonalNaive,holdout,3,4175.145502645503,4175.145502645502,0.8197558071298726,378,63,6,0,378,0,complete,real,outputs/prophet_comparison_v1/predictions.csv.gz,f0a6c25ab103aa81f451d52c3402e979b6655b888860339187f0d4c304214285,SeasonalNaive,outputs/prophet_comparison_v1/metrics.csv,72840af275dfe9be7ca4583a39dd052e3c14d8cf715d2f52d5c63873a4c9db0f,reports/results/E01_prophet_comparison.md,ef977ba859ff87d1ae0e5afe771004cb7efeea53b56ccd065367bb708a32049b,outputs/national_local_lightgbm_v1/strategy_keys.csv,fb5b99ff5db3efa79f6c54d7462d106e2adb219cc98e9826a425eb9efe454c15,25dda020b218677465804771f40210402f5cefded2d9ca95aba8f738e628577f,model=SeasonalNaive; finite y_true; exact E01/E05d keys; split=holdout; horizon=3; fallback retained,E01,nominal_RUB
SeasonalNaive,holdout,6,4175.145502645503,4175.145502645502,0.8197558071298726,378,63,6,0,378,0,complete,real,outputs/prophet_comparison_v1/predictions.csv.gz,f0a6c25ab103aa81f451d52c3402e979b6655b888860339187f0d4c304214285,SeasonalNaive,outputs/prophet_comparison_v1/metrics.csv,72840af275dfe9be7ca4583a39dd052e3c14d8cf715d2f52d5c63873a4c9db0f,reports/results/E01_prophet_comparison.md,ef977ba859ff87d1ae0e5afe771004cb7efeea53b56ccd065367bb708a32049b,outputs/national_local_lightgbm_v1/strategy_keys.csv,fb5b99ff5db3efa79f6c54d7462d106e2adb219cc98e9826a425eb9efe454c15,25dda020b218677465804771f40210402f5cefded2d9ca95aba8f738e628577f,model=SeasonalNaive; finite y_true; exact E01/E05d keys; split=holdout; horizon=6; fallback retained,E01,nominal_RUB
SeasonalNaive,holdout,12,4322.142857142857,4322.142857142857,0.8309256962369078,63,63,1,0,63,0,complete,real,outputs/prophet_comparison_v1/predictions.csv.gz,f0a6c25ab103aa81f451d52c3402e979b6655b888860339187f0d4c304214285,SeasonalNaive,outputs/prophet_comparison_v1/metrics.csv,72840af275dfe9be7ca4583a39dd052e3c14d8cf715d2f52d5c63873a4c9db0f,reports/results/E01_prophet_comparison.md,ef977ba859ff87d1ae0e5afe771004cb7efeea53b56ccd065367bb708a32049b,outputs/national_local_lightgbm_v1/strategy_keys.csv,fb5b99ff5db3efa79f6c54d7462d106e2adb219cc98e9826a425eb9efe454c15,25dda020b218677465804771f40210402f5cefded2d9ca95aba8f738e628577f,model=SeasonalNaive; finite y_true; exact E01/E05d keys; split=holdout; horizon=12; fallback retained,E01,nominal_RUB
SeasonalNaiveYoY,validation,1,1354.8970070056657,1354.8970070056657,0.964366828302501,378,63,6,0,378,0,complete,real,outputs/prophet_comparison_v1/predictions.csv.gz,f0a6c25ab103aa81f451d52c3402e979b6655b888860339187f0d4c304214285,SeasonalNaiveYoY,outputs/prophet_comparison_v1/metrics.csv,72840af275dfe9be7ca4583a39dd052e3c14d8cf715d2f52d5c63873a4c9db0f,reports/results/E01_prophet_comparison.md,ef977ba859ff87d1ae0e5afe771004cb7efeea53b56ccd065367bb708a32049b,outputs/national_local_lightgbm_v1/strategy_keys.csv,fb5b99ff5db3efa79f6c54d7462d106e2adb219cc98e9826a425eb9efe454c15,25dda020b218677465804771f40210402f5cefded2d9ca95aba8f738e628577f,model=SeasonalNaiveYoY; finite y_true; exact E01/E05d keys; split=validation; horizon=1; fallback retained,E01,nominal_RUB
SeasonalNaiveYoY,validation,3,2468.2179245714597,2468.2179245714597,0.9032290547160847,252,63,4,0,252,0,complete,real,outputs/prophet_comparison_v1/predictions.csv.gz,f0a6c25ab103aa81f451d52c3402e979b6655b888860339187f0d4c304214285,SeasonalNaiveYoY,outputs/prophet_comparison_v1/metrics.csv,72840af275dfe9be7ca4583a39dd052e3c14d8cf715d2f52d5c63873a4c9db0f,reports/results/E01_prophet_comparison.md,ef977ba859ff87d1ae0e5afe771004cb7efeea53b56ccd065367bb708a32049b,outputs/national_local_lightgbm_v1/strategy_keys.csv,fb5b99ff5db3efa79f6c54d7462d106e2adb219cc98e9826a425eb9efe454c15,25dda020b218677465804771f40210402f5cefded2d9ca95aba8f738e628577f,model=SeasonalNaiveYoY; finite y_true; exact E01/E05d keys; split=validation; horizon=3; fallback retained,E01,nominal_RUB
SeasonalNaiveYoY,validation,6,4777.158730158731,4777.158730158731,0.7333759501352679,63,63,1,0,63,0,complete,real,outputs/prophet_comparison_v1/predictions.csv.gz,f0a6c25ab103aa81f451d52c3402e979b6655b888860339187f0d4c304214285,SeasonalNaiveYoY,outputs/prophet_comparison_v1/metrics.csv,72840af275dfe9be7ca4583a39dd052e3c14d8cf715d2f52d5c63873a4c9db0f,reports/results/E01_prophet_comparison.md,ef977ba859ff87d1ae0e5afe771004cb7efeea53b56ccd065367bb708a32049b,outputs/national_local_lightgbm_v1/strategy_keys.csv,fb5b99ff5db3efa79f6c54d7462d106e2adb219cc98e9826a425eb9efe454c15,25dda020b218677465804771f40210402f5cefded2d9ca95aba8f738e628577f,model=SeasonalNaiveYoY; finite y_true; exact E01/E05d keys; split=validation; horizon=6; fallback retained,E01,nominal_RUB
SeasonalNaiveYoY,validation,12,,,,0,0,0,0,0,0,no_evaluable_cases,not_evaluated,outputs/prophet_comparison_v1/predictions.csv.gz,f0a6c25ab103aa81f451d52c3402e979b6655b888860339187f0d4c304214285,SeasonalNaiveYoY,outputs/prophet_comparison_v1/metrics.csv,72840af275dfe9be7ca4583a39dd052e3c14d8cf715d2f52d5c63873a4c9db0f,reports/results/E01_prophet_comparison.md,ef977ba859ff87d1ae0e5afe771004cb7efeea53b56ccd065367bb708a32049b,outputs/national_local_lightgbm_v1/strategy_keys.csv,fb5b99ff5db3efa79f6c54d7462d106e2adb219cc98e9826a425eb9efe454c15,25dda020b218677465804771f40210402f5cefded2d9ca95aba8f738e628577f,model=SeasonalNaiveYoY; finite y_true; exact E01/E05d keys; split=validation; horizon=12; fallback retained,E01,nominal_RUB
SeasonalNaiveYoY,holdout,1,920.6969324322156,920.6969324322157,0.9878624711157088,378,63,6,0,378,0,complete,real,outputs/prophet_comparison_v1/predictions.csv.gz,f0a6c25ab103aa81f451d52c3402e979b6655b888860339187f0d4c304214285,SeasonalNaiveYoY,outputs/prophet_comparison_v1/metrics.csv,72840af275dfe9be7ca4583a39dd052e3c14d8cf715d2f52d5c63873a4c9db0f,reports/results/E01_prophet_comparison.md,ef977ba859ff87d1ae0e5afe771004cb7efeea53b56ccd065367bb708a32049b,outputs/national_local_lightgbm_v1/strategy_keys.csv,fb5b99ff5db3efa79f6c54d7462d106e2adb219cc98e9826a425eb9efe454c15,25dda020b218677465804771f40210402f5cefded2d9ca95aba8f738e628577f,model=SeasonalNaiveYoY; finite y_true; exact E01/E05d keys; split=holdout; horizon=1; fallback retained,E01,nominal_RUB
SeasonalNaiveYoY,holdout,3,1240.4023074934842,1240.4023074934846,0.9772044215582123,378,63,6,0,378,0,complete,real,outputs/prophet_comparison_v1/predictions.csv.gz,f0a6c25ab103aa81f451d52c3402e979b6655b888860339187f0d4c304214285,SeasonalNaiveYoY,outputs/prophet_comparison_v1/metrics.csv,72840af275dfe9be7ca4583a39dd052e3c14d8cf715d2f52d5c63873a4c9db0f,reports/results/E01_prophet_comparison.md,ef977ba859ff87d1ae0e5afe771004cb7efeea53b56ccd065367bb708a32049b,outputs/national_local_lightgbm_v1/strategy_keys.csv,fb5b99ff5db3efa79f6c54d7462d106e2adb219cc98e9826a425eb9efe454c15,25dda020b218677465804771f40210402f5cefded2d9ca95aba8f738e628577f,model=SeasonalNaiveYoY; finite y_true; exact E01/E05d keys; split=holdout; horizon=3; fallback retained,E01,nominal_RUB
SeasonalNaiveYoY,holdout,6,1906.0109480578103,1906.0109480578103,0.9521840566985589,378,63,6,0,378,0,complete,real,outputs/prophet_comparison_v1/predictions.csv.gz,f0a6c25ab103aa81f451d52c3402e979b6655b888860339187f0d4c304214285,SeasonalNaiveYoY,outputs/prophet_comparison_v1/metrics.csv,72840af275dfe9be7ca4583a39dd052e3c14d8cf715d2f52d5c63873a4c9db0f,reports/results/E01_prophet_comparison.md,ef977ba859ff87d1ae0e5afe771004cb7efeea53b56ccd065367bb708a32049b,outputs/national_local_lightgbm_v1/strategy_keys.csv,fb5b99ff5db3efa79f6c54d7462d106e2adb219cc98e9826a425eb9efe454c15,25dda020b218677465804771f40210402f5cefded2d9ca95aba8f738e628577f,model=SeasonalNaiveYoY; finite y_true; exact E01/E05d keys; split=holdout; horizon=6; fallback retained,E01,nominal_RUB
SeasonalNaiveYoY,holdout,12,4322.142857142857,4322.142857142857,0.8309256962369078,63,63,1,0,63,0,complete,real,outputs/prophet_comparison_v1/predictions.csv.gz,f0a6c25ab103aa81f451d52c3402e979b6655b888860339187f0d4c304214285,SeasonalNaiveYoY,outputs/prophet_comparison_v1/metrics.csv,72840af275dfe9be7ca4583a39dd052e3c14d8cf715d2f52d5c63873a4c9db0f,reports/results/E01_prophet_comparison.md,ef977ba859ff87d1ae0e5afe771004cb7efeea53b56ccd065367bb708a32049b,outputs/national_local_lightgbm_v1/strategy_keys.csv,fb5b99ff5db3efa79f6c54d7462d106e2adb219cc98e9826a425eb9efe454c15,25dda020b218677465804771f40210402f5cefded2d9ca95aba8f738e628577f,model=SeasonalNaiveYoY; finite y_true; exact E01/E05d keys; split=holdout; horizon=12; fallback retained,E01,nominal_RUB
ProphetAuto,validation,1,1730.3412099300415,1730.3412099300417,0.9375233329853156,378,63,6,0,378,0,complete,real,outputs/prophet_comparison_v1/predictions.csv.gz,f0a6c25ab103aa81f451d52c3402e979b6655b888860339187f0d4c304214285,ProphetAuto,outputs/prophet_comparison_v1/metrics.csv,72840af275dfe9be7ca4583a39dd052e3c14d8cf715d2f52d5c63873a4c9db0f,reports/results/E01_prophet_comparison.md,ef977ba859ff87d1ae0e5afe771004cb7efeea53b56ccd065367bb708a32049b,outputs/national_local_lightgbm_v1/strategy_keys.csv,fb5b99ff5db3efa79f6c54d7462d106e2adb219cc98e9826a425eb9efe454c15,25dda020b218677465804771f40210402f5cefded2d9ca95aba8f738e628577f,model=ProphetAuto; finite y_true; exact E01/E05d keys; split=validation; horizon=1; fallback retained,E01,nominal_RUB
ProphetAuto,validation,3,1436.8426560388953,1436.8426560388955,0.9624285514099256,252,63,4,0,252,0,complete,real,outputs/prophet_comparison_v1/predictions.csv.gz,f0a6c25ab103aa81f451d52c3402e979b6655b888860339187f0d4c304214285,ProphetAuto,outputs/prophet_comparison_v1/metrics.csv,72840af275dfe9be7ca4583a39dd052e3c14d8cf715d2f52d5c63873a4c9db0f,reports/results/E01_prophet_comparison.md,ef977ba859ff87d1ae0e5afe771004cb7efeea53b56ccd065367bb708a32049b,outputs/national_local_lightgbm_v1/strategy_keys.csv,fb5b99ff5db3efa79f6c54d7462d106e2adb219cc98e9826a425eb9efe454c15,25dda020b218677465804771f40210402f5cefded2d9ca95aba8f738e628577f,model=ProphetAuto; finite y_true; exact E01/E05d keys; split=validation; horizon=3; fallback retained,E01,nominal_RUB
ProphetAuto,validation,6,1981.2620644269725,1981.2620644269725,0.9346256362878931,63,63,1,0,63,0,complete,real,outputs/prophet_comparison_v1/predictions.csv.gz,f0a6c25ab103aa81f451d52c3402e979b6655b888860339187f0d4c304214285,ProphetAuto,outputs/prophet_comparison_v1/metrics.csv,72840af275dfe9be7ca4583a39dd052e3c14d8cf715d2f52d5c63873a4c9db0f,reports/results/E01_prophet_comparison.md,ef977ba859ff87d1ae0e5afe771004cb7efeea53b56ccd065367bb708a32049b,outputs/national_local_lightgbm_v1/strategy_keys.csv,fb5b99ff5db3efa79f6c54d7462d106e2adb219cc98e9826a425eb9efe454c15,25dda020b218677465804771f40210402f5cefded2d9ca95aba8f738e628577f,model=ProphetAuto; finite y_true; exact E01/E05d keys; split=validation; horizon=6; fallback retained,E01,nominal_RUB
ProphetAuto,validation,12,,,,0,0,0,0,0,0,no_evaluable_cases,not_evaluated,outputs/prophet_comparison_v1/predictions.csv.gz,f0a6c25ab103aa81f451d52c3402e979b6655b888860339187f0d4c304214285,ProphetAuto,outputs/prophet_comparison_v1/metrics.csv,72840af275dfe9be7ca4583a39dd052e3c14d8cf715d2f52d5c63873a4c9db0f,reports/results/E01_prophet_comparison.md,ef977ba859ff87d1ae0e5afe771004cb7efeea53b56ccd065367bb708a32049b,outputs/national_local_lightgbm_v1/strategy_keys.csv,fb5b99ff5db3efa79f6c54d7462d106e2adb219cc98e9826a425eb9efe454c15,25dda020b218677465804771f40210402f5cefded2d9ca95aba8f738e628577f,model=ProphetAuto; finite y_true; exact E01/E05d keys; split=validation; horizon=12; fallback retained,E01,nominal_RUB
ProphetAuto,holdout,1,1868.5550039908574,1868.5550039908574,0.9446682022254181,378,63,6,0,378,0,complete,real,outputs/prophet_comparison_v1/predictions.csv.gz,f0a6c25ab103aa81f451d52c3402e979b6655b888860339187f0d4c304214285,ProphetAuto,outputs/prophet_comparison_v1/metrics.csv,72840af275dfe9be7ca4583a39dd052e3c14d8cf715d2f52d5c63873a4c9db0f,reports/results/E01_prophet_comparison.md,ef977ba859ff87d1ae0e5afe771004cb7efeea53b56ccd065367bb708a32049b,outputs/national_local_lightgbm_v1/strategy_keys.csv,fb5b99ff5db3efa79f6c54d7462d106e2adb219cc98e9826a425eb9efe454c15,25dda020b218677465804771f40210402f5cefded2d9ca95aba8f738e628577f,model=ProphetAuto; finite y_true; exact E01/E05d keys; split=holdout; horizon=1; fallback retained,E01,nominal_RUB
ProphetAuto,holdout,3,2041.311151256814,2041.3111512568144,0.9392112894214845,378,63,6,0,378,0,complete,real,outputs/prophet_comparison_v1/predictions.csv.gz,f0a6c25ab103aa81f451d52c3402e979b6655b888860339187f0d4c304214285,ProphetAuto,outputs/prophet_comparison_v1/metrics.csv,72840af275dfe9be7ca4583a39dd052e3c14d8cf715d2f52d5c63873a4c9db0f,reports/results/E01_prophet_comparison.md,ef977ba859ff87d1ae0e5afe771004cb7efeea53b56ccd065367bb708a32049b,outputs/national_local_lightgbm_v1/strategy_keys.csv,fb5b99ff5db3efa79f6c54d7462d106e2adb219cc98e9826a425eb9efe454c15,25dda020b218677465804771f40210402f5cefded2d9ca95aba8f738e628577f,model=ProphetAuto; finite y_true; exact E01/E05d keys; split=holdout; horizon=3; fallback retained,E01,nominal_RUB
ProphetAuto,holdout,6,2165.781338647469,2165.7813386474695,0.9368545910512507,378,63,6,0,378,0,complete,real,outputs/prophet_comparison_v1/predictions.csv.gz,f0a6c25ab103aa81f451d52c3402e979b6655b888860339187f0d4c304214285,ProphetAuto,outputs/prophet_comparison_v1/metrics.csv,72840af275dfe9be7ca4583a39dd052e3c14d8cf715d2f52d5c63873a4c9db0f,reports/results/E01_prophet_comparison.md,ef977ba859ff87d1ae0e5afe771004cb7efeea53b56ccd065367bb708a32049b,outputs/national_local_lightgbm_v1/strategy_keys.csv,fb5b99ff5db3efa79f6c54d7462d106e2adb219cc98e9826a425eb9efe454c15,25dda020b218677465804771f40210402f5cefded2d9ca95aba8f738e628577f,model=ProphetAuto; finite y_true; exact E01/E05d keys; split=holdout; horizon=6; fallback retained,E01,nominal_RUB
ProphetAuto,holdout,12,3054.1754559490955,3054.1754559490955,0.9031946380178941,63,63,1,0,63,0,complete,real,outputs/prophet_comparison_v1/predictions.csv.gz,f0a6c25ab103aa81f451d52c3402e979b6655b888860339187f0d4c304214285,ProphetAuto,outputs/prophet_comparison_v1/metrics.csv,72840af275dfe9be7ca4583a39dd052e3c14d8cf715d2f52d5c63873a4c9db0f,reports/results/E01_prophet_comparison.md,ef977ba859ff87d1ae0e5afe771004cb7efeea53b56ccd065367bb708a32049b,outputs/national_local_lightgbm_v1/strategy_keys.csv,fb5b99ff5db3efa79f6c54d7462d106e2adb219cc98e9826a425eb9efe454c15,25dda020b218677465804771f40210402f5cefded2d9ca95aba8f738e628577f,model=ProphetAuto; finite y_true; exact E01/E05d keys; split=holdout; horizon=12; fallback retained,E01,nominal_RUB
ProphetYearly,validation,1,2736.6767867135613,2736.676786713561,0.7649131962099289,378,63,6,0,378,0,complete,real,outputs/prophet_comparison_v1/predictions.csv.gz,f0a6c25ab103aa81f451d52c3402e979b6655b888860339187f0d4c304214285,ProphetYearly,outputs/prophet_comparison_v1/metrics.csv,72840af275dfe9be7ca4583a39dd052e3c14d8cf715d2f52d5c63873a4c9db0f,reports/results/E01_prophet_comparison.md,ef977ba859ff87d1ae0e5afe771004cb7efeea53b56ccd065367bb708a32049b,outputs/national_local_lightgbm_v1/strategy_keys.csv,fb5b99ff5db3efa79f6c54d7462d106e2adb219cc98e9826a425eb9efe454c15,25dda020b218677465804771f40210402f5cefded2d9ca95aba8f738e628577f,model=ProphetYearly; finite y_true; exact E01/E05d keys; split=validation; horizon=1; fallback retained,E01,nominal_RUB
ProphetYearly,validation,3,3209.0138430903735,3209.013843090373,0.7689361873060069,252,63,4,0,252,0,complete,real,outputs/prophet_comparison_v1/predictions.csv.gz,f0a6c25ab103aa81f451d52c3402e979b6655b888860339187f0d4c304214285,ProphetYearly,outputs/prophet_comparison_v1/metrics.csv,72840af275dfe9be7ca4583a39dd052e3c14d8cf715d2f52d5c63873a4c9db0f,reports/results/E01_prophet_comparison.md,ef977ba859ff87d1ae0e5afe771004cb7efeea53b56ccd065367bb708a32049b,outputs/national_local_lightgbm_v1/strategy_keys.csv,fb5b99ff5db3efa79f6c54d7462d106e2adb219cc98e9826a425eb9efe454c15,25dda020b218677465804771f40210402f5cefded2d9ca95aba8f738e628577f,model=ProphetYearly; finite y_true; exact E01/E05d keys; split=validation; horizon=3; fallback retained,E01,nominal_RUB
ProphetYearly,validation,6,8362.485762604363,8362.485762604363,0.2226435868490202,63,63,1,0,63,0,complete,real,outputs/prophet_comparison_v1/predictions.csv.gz,f0a6c25ab103aa81f451d52c3402e979b6655b888860339187f0d4c304214285,ProphetYearly,outputs/prophet_comparison_v1/metrics.csv,72840af275dfe9be7ca4583a39dd052e3c14d8cf715d2f52d5c63873a4c9db0f,reports/results/E01_prophet_comparison.md,ef977ba859ff87d1ae0e5afe771004cb7efeea53b56ccd065367bb708a32049b,outputs/national_local_lightgbm_v1/strategy_keys.csv,fb5b99ff5db3efa79f6c54d7462d106e2adb219cc98e9826a425eb9efe454c15,25dda020b218677465804771f40210402f5cefded2d9ca95aba8f738e628577f,model=ProphetYearly; finite y_true; exact E01/E05d keys; split=validation; horizon=6; fallback retained,E01,nominal_RUB
ProphetYearly,validation,12,,,,0,0,0,0,0,0,no_evaluable_cases,not_evaluated,outputs/prophet_comparison_v1/predictions.csv.gz,f0a6c25ab103aa81f451d52c3402e979b6655b888860339187f0d4c304214285,ProphetYearly,outputs/prophet_comparison_v1/metrics.csv,72840af275dfe9be7ca4583a39dd052e3c14d8cf715d2f52d5c63873a4c9db0f,reports/results/E01_prophet_comparison.md,ef977ba859ff87d1ae0e5afe771004cb7efeea53b56ccd065367bb708a32049b,outputs/national_local_lightgbm_v1/strategy_keys.csv,fb5b99ff5db3efa79f6c54d7462d106e2adb219cc98e9826a425eb9efe454c15,25dda020b218677465804771f40210402f5cefded2d9ca95aba8f738e628577f,model=ProphetYearly; finite y_true; exact E01/E05d keys; split=validation; horizon=12; fallback retained,E01,nominal_RUB
ProphetYearly,holdout,1,1682.3096896619793,1682.30968966198,0.9563962541862455,378,63,6,0,378,0,complete,real,outputs/prophet_comparison_v1/predictions.csv.gz,f0a6c25ab103aa81f451d52c3402e979b6655b888860339187f0d4c304214285,ProphetYearly,outputs/prophet_comparison_v1/metrics.csv,72840af275dfe9be7ca4583a39dd052e3c14d8cf715d2f52d5c63873a4c9db0f,reports/results/E01_prophet_comparison.md,ef977ba859ff87d1ae0e5afe771004cb7efeea53b56ccd065367bb708a32049b,outputs/national_local_lightgbm_v1/strategy_keys.csv,fb5b99ff5db3efa79f6c54d7462d106e2adb219cc98e9826a425eb9efe454c15,25dda020b218677465804771f40210402f5cefded2d9ca95aba8f738e628577f,model=ProphetYearly; finite y_true; exact E01/E05d keys; split=holdout; horizon=1; fallback retained,E01,nominal_RUB
ProphetYearly,holdout,3,1679.6223485750766,1679.6223485750768,0.9585465567075274,378,63,6,0,378,0,complete,real,outputs/prophet_comparison_v1/predictions.csv.gz,f0a6c25ab103aa81f451d52c3402e979b6655b888860339187f0d4c304214285,ProphetYearly,outputs/prophet_comparison_v1/metrics.csv,72840af275dfe9be7ca4583a39dd052e3c14d8cf715d2f52d5c63873a4c9db0f,reports/results/E01_prophet_comparison.md,ef977ba859ff87d1ae0e5afe771004cb7efeea53b56ccd065367bb708a32049b,outputs/national_local_lightgbm_v1/strategy_keys.csv,fb5b99ff5db3efa79f6c54d7462d106e2adb219cc98e9826a425eb9efe454c15,25dda020b218677465804771f40210402f5cefded2d9ca95aba8f738e628577f,model=ProphetYearly; finite y_true; exact E01/E05d keys; split=holdout; horizon=3; fallback retained,E01,nominal_RUB
ProphetYearly,holdout,6,1937.6453936886448,1937.6453936886446,0.9490942622148717,378,63,6,0,378,0,complete,real,outputs/prophet_comparison_v1/predictions.csv.gz,f0a6c25ab103aa81f451d52c3402e979b6655b888860339187f0d4c304214285,ProphetYearly,outputs/prophet_comparison_v1/metrics.csv,72840af275dfe9be7ca4583a39dd052e3c14d8cf715d2f52d5c63873a4c9db0f,reports/results/E01_prophet_comparison.md,ef977ba859ff87d1ae0e5afe771004cb7efeea53b56ccd065367bb708a32049b,outputs/national_local_lightgbm_v1/strategy_keys.csv,fb5b99ff5db3efa79f6c54d7462d106e2adb219cc98e9826a425eb9efe454c15,25dda020b218677465804771f40210402f5cefded2d9ca95aba8f738e628577f,model=ProphetYearly; finite y_true; exact E01/E05d keys; split=holdout; horizon=6; fallback retained,E01,nominal_RUB
ProphetYearly,holdout,12,8496.005677880912,8496.005677880912,0.4009989358216869,63,63,1,0,63,0,complete,real,outputs/prophet_comparison_v1/predictions.csv.gz,f0a6c25ab103aa81f451d52c3402e979b6655b888860339187f0d4c304214285,ProphetYearly,outputs/prophet_comparison_v1/metrics.csv,72840af275dfe9be7ca4583a39dd052e3c14d8cf715d2f52d5c63873a4c9db0f,reports/results/E01_prophet_comparison.md,ef977ba859ff87d1ae0e5afe771004cb7efeea53b56ccd065367bb708a32049b,outputs/national_local_lightgbm_v1/strategy_keys.csv,fb5b99ff5db3efa79f6c54d7462d106e2adb219cc98e9826a425eb9efe454c15,25dda020b218677465804771f40210402f5cefded2d9ca95aba8f738e628577f,model=ProphetYearly; finite y_true; exact E01/E05d keys; split=holdout; horizon=12; fallback retained,E01,nominal_RUB
CatBoostDirect,validation,1,3104.9394785201994,3104.9394785201994,0.7731853997018261,378,63,6,0,378,0,complete,real,outputs/catboost_direct_v1/predictions.csv.gz,5e5754dd012cf6287369665c350c1b17de2f56695e9b4c9c5f177103d8541e7e,CatBoostDirect+SeasonalNaive,outputs/catboost_direct_v1/metrics_strategy.csv,aa0276778aa787dc63867113e7be754e073f92e87fa189089e82c8029d3eb956,reports/results/E02_catboost_direct.md,f66342bbc4425d9f94cd7a30623902d7b8666c59f18fd8464d2ebfa2c233bc29,outputs/national_local_lightgbm_v1/strategy_keys.csv,fb5b99ff5db3efa79f6c54d7462d106e2adb219cc98e9826a425eb9efe454c15,25dda020b218677465804771f40210402f5cefded2d9ca95aba8f738e628577f,model=CatBoostDirect+SeasonalNaive; finite y_true; exact E01/E05d keys; split=validation; horizon=1; fallback retained,E02,nominal_RUB
CatBoostDirect,validation,3,2918.370659479545,2918.3706594795453,0.8485630990331219,252,63,4,0,252,0,complete,real,outputs/catboost_direct_v1/predictions.csv.gz,5e5754dd012cf6287369665c350c1b17de2f56695e9b4c9c5f177103d8541e7e,CatBoostDirect+SeasonalNaive,outputs/catboost_direct_v1/metrics_strategy.csv,aa0276778aa787dc63867113e7be754e073f92e87fa189089e82c8029d3eb956,reports/results/E02_catboost_direct.md,f66342bbc4425d9f94cd7a30623902d7b8666c59f18fd8464d2ebfa2c233bc29,outputs/national_local_lightgbm_v1/strategy_keys.csv,fb5b99ff5db3efa79f6c54d7462d106e2adb219cc98e9826a425eb9efe454c15,25dda020b218677465804771f40210402f5cefded2d9ca95aba8f738e628577f,model=CatBoostDirect+SeasonalNaive; finite y_true; exact E01/E05d keys; split=validation; horizon=3; fallback retained,E02,nominal_RUB
CatBoostDirect,validation,6,2570.634456514401,2570.634456514401,0.9136372066423409,63,63,1,0,63,0,complete,real,outputs/catboost_direct_v1/predictions.csv.gz,5e5754dd012cf6287369665c350c1b17de2f56695e9b4c9c5f177103d8541e7e,CatBoostDirect+SeasonalNaive,outputs/catboost_direct_v1/metrics_strategy.csv,aa0276778aa787dc63867113e7be754e073f92e87fa189089e82c8029d3eb956,reports/results/E02_catboost_direct.md,f66342bbc4425d9f94cd7a30623902d7b8666c59f18fd8464d2ebfa2c233bc29,outputs/national_local_lightgbm_v1/strategy_keys.csv,fb5b99ff5db3efa79f6c54d7462d106e2adb219cc98e9826a425eb9efe454c15,25dda020b218677465804771f40210402f5cefded2d9ca95aba8f738e628577f,model=CatBoostDirect+SeasonalNaive; finite y_true; exact E01/E05d keys; split=validation; horizon=6; fallback retained,E02,nominal_RUB
CatBoostDirect,validation,12,,,,0,0,0,0,0,0,no_evaluable_cases,not_evaluated,outputs/catboost_direct_v1/predictions.csv.gz,5e5754dd012cf6287369665c350c1b17de2f56695e9b4c9c5f177103d8541e7e,CatBoostDirect+SeasonalNaive,outputs/catboost_direct_v1/metrics_strategy.csv,aa0276778aa787dc63867113e7be754e073f92e87fa189089e82c8029d3eb956,reports/results/E02_catboost_direct.md,f66342bbc4425d9f94cd7a30623902d7b8666c59f18fd8464d2ebfa2c233bc29,outputs/national_local_lightgbm_v1/strategy_keys.csv,fb5b99ff5db3efa79f6c54d7462d106e2adb219cc98e9826a425eb9efe454c15,25dda020b218677465804771f40210402f5cefded2d9ca95aba8f738e628577f,model=CatBoostDirect+SeasonalNaive; finite y_true; exact E01/E05d keys; split=validation; horizon=12; fallback retained,E02,nominal_RUB
CatBoostDirect,holdout,1,986.2230828905323,986.223082890532,0.9841082653240368,378,63,6,0,378,0,complete,real,outputs/catboost_direct_v1/predictions.csv.gz,5e5754dd012cf6287369665c350c1b17de2f56695e9b4c9c5f177103d8541e7e,CatBoostDirect+SeasonalNaive,outputs/catboost_direct_v1/metrics_strategy.csv,aa0276778aa787dc63867113e7be754e073f92e87fa189089e82c8029d3eb956,reports/results/E02_catboost_direct.md,f66342bbc4425d9f94cd7a30623902d7b8666c59f18fd8464d2ebfa2c233bc29,outputs/national_local_lightgbm_v1/strategy_keys.csv,fb5b99ff5db3efa79f6c54d7462d106e2adb219cc98e9826a425eb9efe454c15,25dda020b218677465804771f40210402f5cefded2d9ca95aba8f738e628577f,model=CatBoostDirect+SeasonalNaive; finite y_true; exact E01/E05d keys; split=holdout; horizon=1; fallback retained,E02,nominal_RUB
CatBoostDirect,holdout,3,1939.169774978504,1939.1697749785035,0.9262959188372121,378,63,6,0,378,0,complete,real,outputs/catboost_direct_v1/predictions.csv.gz,5e5754dd012cf6287369665c350c1b17de2f56695e9b4c9c5f177103d8541e7e,CatBoostDirect+SeasonalNaive,outputs/catboost_direct_v1/metrics_strategy.csv,aa0276778aa787dc63867113e7be754e073f92e87fa189089e82c8029d3eb956,reports/results/E02_catboost_direct.md,f66342bbc4425d9f94cd7a30623902d7b8666c59f18fd8464d2ebfa2c233bc29,outputs/national_local_lightgbm_v1/strategy_keys.csv,fb5b99ff5db3efa79f6c54d7462d106e2adb219cc98e9826a425eb9efe454c15,25dda020b218677465804771f40210402f5cefded2d9ca95aba8f738e628577f,model=CatBoostDirect+SeasonalNaive; finite y_true; exact E01/E05d keys; split=holdout; horizon=3; fallback retained,E02,nominal_RUB
CatBoostDirect,holdout,6,3349.502661989859,3349.50266198986,0.8377919194923993,378,63,6,0,378,0,complete,real,outputs/catboost_direct_v1/predictions.csv.gz,5e5754dd012cf6287369665c350c1b17de2f56695e9b4c9c5f177103d8541e7e,CatBoostDirect+SeasonalNaive,outputs/catboost_direct_v1/metrics_strategy.csv,aa0276778aa787dc63867113e7be754e073f92e87fa189089e82c8029d3eb956,reports/results/E02_catboost_direct.md,f66342bbc4425d9f94cd7a30623902d7b8666c59f18fd8464d2ebfa2c233bc29,outputs/national_local_lightgbm_v1/strategy_keys.csv,fb5b99ff5db3efa79f6c54d7462d106e2adb219cc98e9826a425eb9efe454c15,25dda020b218677465804771f40210402f5cefded2d9ca95aba8f738e628577f,model=CatBoostDirect+SeasonalNaive; finite y_true; exact E01/E05d keys; split=holdout; horizon=6; fallback retained,E02,nominal_RUB
CatBoostDirect,holdout,12,4322.142857142857,4322.142857142857,0.8309256962369078,63,63,1,63,0,0,fallback_only,real,outputs/catboost_direct_v1/predictions.csv.gz,5e5754dd012cf6287369665c350c1b17de2f56695e9b4c9c5f177103d8541e7e,CatBoostDirect+SeasonalNaive,outputs/catboost_direct_v1/metrics_strategy.csv,aa0276778aa787dc63867113e7be754e073f92e87fa189089e82c8029d3eb956,reports/results/E02_catboost_direct.md,f66342bbc4425d9f94cd7a30623902d7b8666c59f18fd8464d2ebfa2c233bc29,outputs/national_local_lightgbm_v1/strategy_keys.csv,fb5b99ff5db3efa79f6c54d7462d106e2adb219cc98e9826a425eb9efe454c15,25dda020b218677465804771f40210402f5cefded2d9ca95aba8f738e628577f,model=CatBoostDirect+SeasonalNaive; finite y_true; exact E01/E05d keys; split=holdout; horizon=12; fallback retained,E02,nominal_RUB
LightGBMDirect,validation,1,2733.2991007075298,2733.29910070753,0.831886521075319,378,63,6,0,378,0,complete,real,outputs/national_local_lightgbm_v1/predictions.csv.gz,a10a5011cd093cf0e0bca87f0aa7cd440957bb587e64b16b2a1c649c808c4b84,L0,outputs/national_local_lightgbm_v1/metrics_strategy.csv,cc739e807292c1b2d31bd1f251565767230285030d4e187150aaeb3e63fa4833,reports/results/E05d_national_local_lightgbm.md,6d2d35e2143b196b182153f6276d8a0c307ea4dd3534f52352810ddba664a860,outputs/national_local_lightgbm_v1/strategy_keys.csv,fb5b99ff5db3efa79f6c54d7462d106e2adb219cc98e9826a425eb9efe454c15,25dda020b218677465804771f40210402f5cefded2d9ca95aba8f738e628577f,model=L0; finite y_true; exact E01/E05d keys; split=validation; horizon=1; fallback retained,E05d,nominal_RUB
LightGBMDirect,validation,3,2880.022607707908,2880.022607707908,0.8719218133814305,252,63,4,0,252,0,complete,real,outputs/national_local_lightgbm_v1/predictions.csv.gz,a10a5011cd093cf0e0bca87f0aa7cd440957bb587e64b16b2a1c649c808c4b84,L0,outputs/national_local_lightgbm_v1/metrics_strategy.csv,cc739e807292c1b2d31bd1f251565767230285030d4e187150aaeb3e63fa4833,reports/results/E05d_national_local_lightgbm.md,6d2d35e2143b196b182153f6276d8a0c307ea4dd3534f52352810ddba664a860,outputs/national_local_lightgbm_v1/strategy_keys.csv,fb5b99ff5db3efa79f6c54d7462d106e2adb219cc98e9826a425eb9efe454c15,25dda020b218677465804771f40210402f5cefded2d9ca95aba8f738e628577f,model=L0; finite y_true; exact E01/E05d keys; split=validation; horizon=3; fallback retained,E05d,nominal_RUB
LightGBMDirect,validation,6,6378.066138649212,6378.066138649212,0.5551963632918235,63,63,1,0,63,0,complete,real,outputs/national_local_lightgbm_v1/predictions.csv.gz,a10a5011cd093cf0e0bca87f0aa7cd440957bb587e64b16b2a1c649c808c4b84,L0,outputs/national_local_lightgbm_v1/metrics_strategy.csv,cc739e807292c1b2d31bd1f251565767230285030d4e187150aaeb3e63fa4833,reports/results/E05d_national_local_lightgbm.md,6d2d35e2143b196b182153f6276d8a0c307ea4dd3534f52352810ddba664a860,outputs/national_local_lightgbm_v1/strategy_keys.csv,fb5b99ff5db3efa79f6c54d7462d106e2adb219cc98e9826a425eb9efe454c15,25dda020b218677465804771f40210402f5cefded2d9ca95aba8f738e628577f,model=L0; finite y_true; exact E01/E05d keys; split=validation; horizon=6; fallback retained,E05d,nominal_RUB
LightGBMDirect,validation,12,,,,0,0,0,0,0,0,no_evaluable_cases,not_evaluated,outputs/national_local_lightgbm_v1/predictions.csv.gz,a10a5011cd093cf0e0bca87f0aa7cd440957bb587e64b16b2a1c649c808c4b84,L0,outputs/national_local_lightgbm_v1/metrics_strategy.csv,cc739e807292c1b2d31bd1f251565767230285030d4e187150aaeb3e63fa4833,reports/results/E05d_national_local_lightgbm.md,6d2d35e2143b196b182153f6276d8a0c307ea4dd3534f52352810ddba664a860,outputs/national_local_lightgbm_v1/strategy_keys.csv,fb5b99ff5db3efa79f6c54d7462d106e2adb219cc98e9826a425eb9efe454c15,25dda020b218677465804771f40210402f5cefded2d9ca95aba8f738e628577f,model=L0; finite y_true; exact E01/E05d keys; split=validation; horizon=12; fallback retained,E05d,nominal_RUB
LightGBMDirect,holdout,1,1003.280462890717,1003.2804628907169,0.9850577019850275,378,63,6,0,378,0,complete,real,outputs/national_local_lightgbm_v1/predictions.csv.gz,a10a5011cd093cf0e0bca87f0aa7cd440957bb587e64b16b2a1c649c808c4b84,L0,outputs/national_local_lightgbm_v1/metrics_strategy.csv,cc739e807292c1b2d31bd1f251565767230285030d4e187150aaeb3e63fa4833,reports/results/E05d_national_local_lightgbm.md,6d2d35e2143b196b182153f6276d8a0c307ea4dd3534f52352810ddba664a860,outputs/national_local_lightgbm_v1/strategy_keys.csv,fb5b99ff5db3efa79f6c54d7462d106e2adb219cc98e9826a425eb9efe454c15,25dda020b218677465804771f40210402f5cefded2d9ca95aba8f738e628577f,model=L0; finite y_true; exact E01/E05d keys; split=holdout; horizon=1; fallback retained,E05d,nominal_RUB
LightGBMDirect,holdout,3,1449.820440292674,1449.8204402926738,0.9620954099595322,378,63,6,0,378,0,complete,real,outputs/national_local_lightgbm_v1/predictions.csv.gz,a10a5011cd093cf0e0bca87f0aa7cd440957bb587e64b16b2a1c649c808c4b84,L0,outputs/national_local_lightgbm_v1/metrics_strategy.csv,cc739e807292c1b2d31bd1f251565767230285030d4e187150aaeb3e63fa4833,reports/results/E05d_national_local_lightgbm.md,6d2d35e2143b196b182153f6276d8a0c307ea4dd3534f52352810ddba664a860,outputs/national_local_lightgbm_v1/strategy_keys.csv,fb5b99ff5db3efa79f6c54d7462d106e2adb219cc98e9826a425eb9efe454c15,25dda020b218677465804771f40210402f5cefded2d9ca95aba8f738e628577f,model=L0; finite y_true; exact E01/E05d keys; split=holdout; horizon=3; fallback retained,E05d,nominal_RUB
LightGBMDirect,holdout,6,2463.211942458223,2463.2119424582224,0.9041426846034823,378,63,6,0,378,0,complete,real,outputs/national_local_lightgbm_v1/predictions.csv.gz,a10a5011cd093cf0e0bca87f0aa7cd440957bb587e64b16b2a1c649c808c4b84,L0,outputs/national_local_lightgbm_v1/metrics_strategy.csv,cc739e807292c1b2d31bd1f251565767230285030d4e187150aaeb3e63fa4833,reports/results/E05d_national_local_lightgbm.md,6d2d35e2143b196b182153f6276d8a0c307ea4dd3534f52352810ddba664a860,outputs/national_local_lightgbm_v1/strategy_keys.csv,fb5b99ff5db3efa79f6c54d7462d106e2adb219cc98e9826a425eb9efe454c15,25dda020b218677465804771f40210402f5cefded2d9ca95aba8f738e628577f,model=L0; finite y_true; exact E01/E05d keys; split=holdout; horizon=6; fallback retained,E05d,nominal_RUB
LightGBMDirect,holdout,12,4322.142857142857,4322.142857142857,0.8309256962369078,63,63,1,63,0,0,fallback_only,real,outputs/national_local_lightgbm_v1/predictions.csv.gz,a10a5011cd093cf0e0bca87f0aa7cd440957bb587e64b16b2a1c649c808c4b84,L0,outputs/national_local_lightgbm_v1/metrics_strategy.csv,cc739e807292c1b2d31bd1f251565767230285030d4e187150aaeb3e63fa4833,reports/results/E05d_national_local_lightgbm.md,6d2d35e2143b196b182153f6276d8a0c307ea4dd3534f52352810ddba664a860,outputs/national_local_lightgbm_v1/strategy_keys.csv,fb5b99ff5db3efa79f6c54d7462d106e2adb219cc98e9826a425eb9efe454c15,25dda020b218677465804771f40210402f5cefded2d9ca95aba8f738e628577f,model=L0; finite y_true; exact E01/E05d keys; split=holdout; horizon=12; fallback retained,E05d,nominal_RUB
National/Local + CatBoost,validation,1,1391.4103945760057,1391.4103945760055,0.9662870715267216,378,63,6,0,378,0,complete,real,outputs/national_local_lightgbm_v1/predictions.csv.gz,a10a5011cd093cf0e0bca87f0aa7cd440957bb587e64b16b2a1c649c808c4b84,CN,outputs/national_local_lightgbm_v1/metrics_strategy.csv,cc739e807292c1b2d31bd1f251565767230285030d4e187150aaeb3e63fa4833,reports/results/E05d_national_local_lightgbm.md,6d2d35e2143b196b182153f6276d8a0c307ea4dd3534f52352810ddba664a860,outputs/national_local_lightgbm_v1/strategy_keys.csv,fb5b99ff5db3efa79f6c54d7462d106e2adb219cc98e9826a425eb9efe454c15,25dda020b218677465804771f40210402f5cefded2d9ca95aba8f738e628577f,model=CN; finite y_true; exact E01/E05d keys; split=validation; horizon=1; fallback retained,E05d,nominal_RUB
National/Local + CatBoost,validation,3,2789.23901391235,2789.2390139123504,0.8985126648654262,252,63,4,0,252,0,complete,real,outputs/national_local_lightgbm_v1/predictions.csv.gz,a10a5011cd093cf0e0bca87f0aa7cd440957bb587e64b16b2a1c649c808c4b84,CN,outputs/national_local_lightgbm_v1/metrics_strategy.csv,cc739e807292c1b2d31bd1f251565767230285030d4e187150aaeb3e63fa4833,reports/results/E05d_national_local_lightgbm.md,6d2d35e2143b196b182153f6276d8a0c307ea4dd3534f52352810ddba664a860,outputs/national_local_lightgbm_v1/strategy_keys.csv,fb5b99ff5db3efa79f6c54d7462d106e2adb219cc98e9826a425eb9efe454c15,25dda020b218677465804771f40210402f5cefded2d9ca95aba8f738e628577f,model=CN; finite y_true; exact E01/E05d keys; split=validation; horizon=3; fallback retained,E05d,nominal_RUB
National/Local + CatBoost,validation,6,5162.104183890093,5162.104183890093,0.67352415993108,63,63,1,0,63,0,complete,real,outputs/national_local_lightgbm_v1/predictions.csv.gz,a10a5011cd093cf0e0bca87f0aa7cd440957bb587e64b16b2a1c649c808c4b84,CN,outputs/national_local_lightgbm_v1/metrics_strategy.csv,cc739e807292c1b2d31bd1f251565767230285030d4e187150aaeb3e63fa4833,reports/results/E05d_national_local_lightgbm.md,6d2d35e2143b196b182153f6276d8a0c307ea4dd3534f52352810ddba664a860,outputs/national_local_lightgbm_v1/strategy_keys.csv,fb5b99ff5db3efa79f6c54d7462d106e2adb219cc98e9826a425eb9efe454c15,25dda020b218677465804771f40210402f5cefded2d9ca95aba8f738e628577f,model=CN; finite y_true; exact E01/E05d keys; split=validation; horizon=6; fallback retained,E05d,nominal_RUB
National/Local + CatBoost,validation,12,,,,0,0,0,0,0,0,no_evaluable_cases,not_evaluated,outputs/national_local_lightgbm_v1/predictions.csv.gz,a10a5011cd093cf0e0bca87f0aa7cd440957bb587e64b16b2a1c649c808c4b84,CN,outputs/national_local_lightgbm_v1/metrics_strategy.csv,cc739e807292c1b2d31bd1f251565767230285030d4e187150aaeb3e63fa4833,reports/results/E05d_national_local_lightgbm.md,6d2d35e2143b196b182153f6276d8a0c307ea4dd3534f52352810ddba664a860,outputs/national_local_lightgbm_v1/strategy_keys.csv,fb5b99ff5db3efa79f6c54d7462d106e2adb219cc98e9826a425eb9efe454c15,25dda020b218677465804771f40210402f5cefded2d9ca95aba8f738e628577f,model=CN; finite y_true; exact E01/E05d keys; split=validation; horizon=12; fallback retained,E05d,nominal_RUB
National/Local + CatBoost,holdout,1,823.4205207744005,823.4205207744006,0.9898733665266324,378,63,6,0,378,0,complete,real,outputs/national_local_lightgbm_v1/predictions.csv.gz,a10a5011cd093cf0e0bca87f0aa7cd440957bb587e64b16b2a1c649c808c4b84,CN,outputs/national_local_lightgbm_v1/metrics_strategy.csv,cc739e807292c1b2d31bd1f251565767230285030d4e187150aaeb3e63fa4833,reports/results/E05d_national_local_lightgbm.md,6d2d35e2143b196b182153f6276d8a0c307ea4dd3534f52352810ddba664a860,outputs/national_local_lightgbm_v1/strategy_keys.csv,fb5b99ff5db3efa79f6c54d7462d106e2adb219cc98e9826a425eb9efe454c15,25dda020b218677465804771f40210402f5cefded2d9ca95aba8f738e628577f,model=CN; finite y_true; exact E01/E05d keys; split=holdout; horizon=1; fallback retained,E05d,nominal_RUB
National/Local + CatBoost,holdout,3,1225.6916096400382,1225.6916096400382,0.9679442395121618,378,63,6,0,378,0,complete,real,outputs/national_local_lightgbm_v1/predictions.csv.gz,a10a5011cd093cf0e0bca87f0aa7cd440957bb587e64b16b2a1c649c808c4b84,CN,outputs/national_local_lightgbm_v1/metrics_strategy.csv,cc739e807292c1b2d31bd1f251565767230285030d4e187150aaeb3e63fa4833,reports/results/E05d_national_local_lightgbm.md,6d2d35e2143b196b182153f6276d8a0c307ea4dd3534f52352810ddba664a860,outputs/national_local_lightgbm_v1/strategy_keys.csv,fb5b99ff5db3efa79f6c54d7462d106e2adb219cc98e9826a425eb9efe454c15,25dda020b218677465804771f40210402f5cefded2d9ca95aba8f738e628577f,model=CN; finite y_true; exact E01/E05d keys; split=holdout; horizon=3; fallback retained,E05d,nominal_RUB
National/Local + CatBoost,holdout,6,2132.669343796851,2132.6693437968515,0.9277807952020508,378,63,6,0,378,0,complete,real,outputs/national_local_lightgbm_v1/predictions.csv.gz,a10a5011cd093cf0e0bca87f0aa7cd440957bb587e64b16b2a1c649c808c4b84,CN,outputs/national_local_lightgbm_v1/metrics_strategy.csv,cc739e807292c1b2d31bd1f251565767230285030d4e187150aaeb3e63fa4833,reports/results/E05d_national_local_lightgbm.md,6d2d35e2143b196b182153f6276d8a0c307ea4dd3534f52352810ddba664a860,outputs/national_local_lightgbm_v1/strategy_keys.csv,fb5b99ff5db3efa79f6c54d7462d106e2adb219cc98e9826a425eb9efe454c15,25dda020b218677465804771f40210402f5cefded2d9ca95aba8f738e628577f,model=CN; finite y_true; exact E01/E05d keys; split=holdout; horizon=6; fallback retained,E05d,nominal_RUB
National/Local + CatBoost,holdout,12,4322.142857142857,4322.142857142857,0.8309256962369078,63,63,1,63,0,0,fallback_only,real,outputs/national_local_lightgbm_v1/predictions.csv.gz,a10a5011cd093cf0e0bca87f0aa7cd440957bb587e64b16b2a1c649c808c4b84,CN,outputs/national_local_lightgbm_v1/metrics_strategy.csv,cc739e807292c1b2d31bd1f251565767230285030d4e187150aaeb3e63fa4833,reports/results/E05d_national_local_lightgbm.md,6d2d35e2143b196b182153f6276d8a0c307ea4dd3534f52352810ddba664a860,outputs/national_local_lightgbm_v1/strategy_keys.csv,fb5b99ff5db3efa79f6c54d7462d106e2adb219cc98e9826a425eb9efe454c15,25dda020b218677465804771f40210402f5cefded2d9ca95aba8f738e628577f,model=CN; finite y_true; exact E01/E05d keys; split=holdout; horizon=12; fallback retained,E05d,nominal_RUB
National/Local + LightGBM,validation,1,1370.546135555395,1370.546135555395,0.9682099074674859,378,63,6,0,378,0,complete,real,outputs/national_local_lightgbm_v1/predictions.csv.gz,a10a5011cd093cf0e0bca87f0aa7cd440957bb587e64b16b2a1c649c808c4b84,LN,outputs/national_local_lightgbm_v1/metrics_strategy.csv,cc739e807292c1b2d31bd1f251565767230285030d4e187150aaeb3e63fa4833,reports/results/E05d_national_local_lightgbm.md,6d2d35e2143b196b182153f6276d8a0c307ea4dd3534f52352810ddba664a860,outputs/national_local_lightgbm_v1/strategy_keys.csv,fb5b99ff5db3efa79f6c54d7462d106e2adb219cc98e9826a425eb9efe454c15,25dda020b218677465804771f40210402f5cefded2d9ca95aba8f738e628577f,model=LN; finite y_true; exact E01/E05d keys; split=validation; horizon=1; fallback retained,E05d,nominal_RUB
National/Local + LightGBM,validation,3,2819.738403482627,2819.7384034826273,0.8984942019912391,252,63,4,0,252,0,complete,real,outputs/national_local_lightgbm_v1/predictions.csv.gz,a10a5011cd093cf0e0bca87f0aa7cd440957bb587e64b16b2a1c649c808c4b84,LN,outputs/national_local_lightgbm_v1/metrics_strategy.csv,cc739e807292c1b2d31bd1f251565767230285030d4e187150aaeb3e63fa4833,reports/results/E05d_national_local_lightgbm.md,6d2d35e2143b196b182153f6276d8a0c307ea4dd3534f52352810ddba664a860,outputs/national_local_lightgbm_v1/strategy_keys.csv,fb5b99ff5db3efa79f6c54d7462d106e2adb219cc98e9826a425eb9efe454c15,25dda020b218677465804771f40210402f5cefded2d9ca95aba8f738e628577f,model=LN; finite y_true; exact E01/E05d keys; split=validation; horizon=3; fallback retained,E05d,nominal_RUB
National/Local + LightGBM,validation,6,5525.335389138802,5525.335389138802,0.6157835353635375,63,63,1,0,63,0,complete,real,outputs/national_local_lightgbm_v1/predictions.csv.gz,a10a5011cd093cf0e0bca87f0aa7cd440957bb587e64b16b2a1c649c808c4b84,LN,outputs/national_local_lightgbm_v1/metrics_strategy.csv,cc739e807292c1b2d31bd1f251565767230285030d4e187150aaeb3e63fa4833,reports/results/E05d_national_local_lightgbm.md,6d2d35e2143b196b182153f6276d8a0c307ea4dd3534f52352810ddba664a860,outputs/national_local_lightgbm_v1/strategy_keys.csv,fb5b99ff5db3efa79f6c54d7462d106e2adb219cc98e9826a425eb9efe454c15,25dda020b218677465804771f40210402f5cefded2d9ca95aba8f738e628577f,model=LN; finite y_true; exact E01/E05d keys; split=validation; horizon=6; fallback retained,E05d,nominal_RUB
National/Local + LightGBM,validation,12,,,,0,0,0,0,0,0,no_evaluable_cases,not_evaluated,outputs/national_local_lightgbm_v1/predictions.csv.gz,a10a5011cd093cf0e0bca87f0aa7cd440957bb587e64b16b2a1c649c808c4b84,LN,outputs/national_local_lightgbm_v1/metrics_strategy.csv,cc739e807292c1b2d31bd1f251565767230285030d4e187150aaeb3e63fa4833,reports/results/E05d_national_local_lightgbm.md,6d2d35e2143b196b182153f6276d8a0c307ea4dd3534f52352810ddba664a860,outputs/national_local_lightgbm_v1/strategy_keys.csv,fb5b99ff5db3efa79f6c54d7462d106e2adb219cc98e9826a425eb9efe454c15,25dda020b218677465804771f40210402f5cefded2d9ca95aba8f738e628577f,model=LN; finite y_true; exact E01/E05d keys; split=validation; horizon=12; fallback retained,E05d,nominal_RUB
National/Local + LightGBM,holdout,1,799.5500633458917,799.5500633458915,0.9907357415388852,378,63,6,0,378,0,complete,real,outputs/national_local_lightgbm_v1/predictions.csv.gz,a10a5011cd093cf0e0bca87f0aa7cd440957bb587e64b16b2a1c649c808c4b84,LN,outputs/national_local_lightgbm_v1/metrics_strategy.csv,cc739e807292c1b2d31bd1f251565767230285030d4e187150aaeb3e63fa4833,reports/results/E05d_national_local_lightgbm.md,6d2d35e2143b196b182153f6276d8a0c307ea4dd3534f52352810ddba664a860,outputs/national_local_lightgbm_v1/strategy_keys.csv,fb5b99ff5db3efa79f6c54d7462d106e2adb219cc98e9826a425eb9efe454c15,25dda020b218677465804771f40210402f5cefded2d9ca95aba8f738e628577f,model=LN; finite y_true; exact E01/E05d keys; split=holdout; horizon=1; fallback retained,E05d,nominal_RUB
National/Local + LightGBM,holdout,3,1212.7261260029177,1212.7261260029177,0.972278695894256,378,63,6,0,378,0,complete,real,outputs/national_local_lightgbm_v1/predictions.csv.gz,a10a5011cd093cf0e0bca87f0aa7cd440957bb587e64b16b2a1c649c808c4b84,LN,outputs/national_local_lightgbm_v1/metrics_strategy.csv,cc739e807292c1b2d31bd1f251565767230285030d4e187150aaeb3e63fa4833,reports/results/E05d_national_local_lightgbm.md,6d2d35e2143b196b182153f6276d8a0c307ea4dd3534f52352810ddba664a860,outputs/national_local_lightgbm_v1/strategy_keys.csv,fb5b99ff5db3efa79f6c54d7462d106e2adb219cc98e9826a425eb9efe454c15,25dda020b218677465804771f40210402f5cefded2d9ca95aba8f738e628577f,model=LN; finite y_true; exact E01/E05d keys; split=holdout; horizon=3; fallback retained,E05d,nominal_RUB
National/Local + LightGBM,holdout,6,1897.2193717003956,1897.2193717003959,0.9421353630090282,378,63,6,0,378,0,complete,real,outputs/national_local_lightgbm_v1/predictions.csv.gz,a10a5011cd093cf0e0bca87f0aa7cd440957bb587e64b16b2a1c649c808c4b84,LN,outputs/national_local_lightgbm_v1/metrics_strategy.csv,cc739e807292c1b2d31bd1f251565767230285030d4e187150aaeb3e63fa4833,reports/results/E05d_national_local_lightgbm.md,6d2d35e2143b196b182153f6276d8a0c307ea4dd3534f52352810ddba664a860,outputs/national_local_lightgbm_v1/strategy_keys.csv,fb5b99ff5db3efa79f6c54d7462d106e2adb219cc98e9826a425eb9efe454c15,25dda020b218677465804771f40210402f5cefded2d9ca95aba8f738e628577f,model=LN; finite y_true; exact E01/E05d keys; split=holdout; horizon=6; fallback retained,E05d,nominal_RUB
National/Local + LightGBM,holdout,12,4322.142857142857,4322.142857142857,0.8309256962369078,63,63,1,63,0,0,fallback_only,real,outputs/national_local_lightgbm_v1/predictions.csv.gz,a10a5011cd093cf0e0bca87f0aa7cd440957bb587e64b16b2a1c649c808c4b84,LN,outputs/national_local_lightgbm_v1/metrics_strategy.csv,cc739e807292c1b2d31bd1f251565767230285030d4e187150aaeb3e63fa4833,reports/results/E05d_national_local_lightgbm.md,6d2d35e2143b196b182153f6276d8a0c307ea4dd3534f52352810ddba664a860,outputs/national_local_lightgbm_v1/strategy_keys.csv,fb5b99ff5db3efa79f6c54d7462d106e2adb219cc98e9826a425eb9efe454c15,25dda020b218677465804771f40210402f5cefded2d9ca95aba8f738e628577f,model=LN; finite y_true; exact E01/E05d keys; split=holdout; horizon=12; fallback retained,E05d,nominal_RUB
Chronos-2,validation,1,2316.6546843998017,2316.6546843998017,0.9142930569681581,378,63,6,0,378,0,complete,real,outputs/chronos_zero_shot_v1/predictions.csv.gz,48aa4dba220a86a37e242a84adaccbe7747ed61ea23e110b6a25bc033ab382ae,Chronos-2,outputs/chronos_zero_shot_v1/metrics_full.csv,e1fcf53d5b66dd5ceaf6321aec03411a39ea92d22575b4cb768e2712bc3eb10d,reports/results/E03_chronos_zero_shot.md,f28c18312c1e87264d3ae184e4508bd451d40f878bca428dfe03ae3e460ff625,outputs/national_local_lightgbm_v1/strategy_keys.csv,fb5b99ff5db3efa79f6c54d7462d106e2adb219cc98e9826a425eb9efe454c15,25dda020b218677465804771f40210402f5cefded2d9ca95aba8f738e628577f,model=Chronos-2; finite y_true; exact E01/E05d keys; split=validation; horizon=1; fallback retained,E03,nominal_RUB
Chronos-2,validation,3,3064.9326210627482,3064.9326210627482,0.8789045121125978,252,63,4,0,252,0,complete,real,outputs/chronos_zero_shot_v1/predictions.csv.gz,48aa4dba220a86a37e242a84adaccbe7747ed61ea23e110b6a25bc033ab382ae,Chronos-2,outputs/chronos_zero_shot_v1/metrics_full.csv,e1fcf53d5b66dd5ceaf6321aec03411a39ea92d22575b4cb768e2712bc3eb10d,reports/results/E03_chronos_zero_shot.md,f28c18312c1e87264d3ae184e4508bd451d40f878bca428dfe03ae3e460ff625,outputs/national_local_lightgbm_v1/strategy_keys.csv,fb5b99ff5db3efa79f6c54d7462d106e2adb219cc98e9826a425eb9efe454c15,25dda020b218677465804771f40210402f5cefded2d9ca95aba8f738e628577f,model=Chronos-2; finite y_true; exact E01/E05d keys; split=validation; horizon=3; fallback retained,E03,nominal_RUB
Chronos-2,validation,6,2754.098214285714,2754.098214285714,0.903679217262995,63,63,1,0,63,0,complete,real,outputs/chronos_zero_shot_v1/predictions.csv.gz,48aa4dba220a86a37e242a84adaccbe7747ed61ea23e110b6a25bc033ab382ae,Chronos-2,outputs/chronos_zero_shot_v1/metrics_full.csv,e1fcf53d5b66dd5ceaf6321aec03411a39ea92d22575b4cb768e2712bc3eb10d,reports/results/E03_chronos_zero_shot.md,f28c18312c1e87264d3ae184e4508bd451d40f878bca428dfe03ae3e460ff625,outputs/national_local_lightgbm_v1/strategy_keys.csv,fb5b99ff5db3efa79f6c54d7462d106e2adb219cc98e9826a425eb9efe454c15,25dda020b218677465804771f40210402f5cefded2d9ca95aba8f738e628577f,model=Chronos-2; finite y_true; exact E01/E05d keys; split=validation; horizon=6; fallback retained,E03,nominal_RUB
Chronos-2,validation,12,,,,0,0,0,0,0,0,no_evaluable_cases,not_evaluated,outputs/chronos_zero_shot_v1/predictions.csv.gz,48aa4dba220a86a37e242a84adaccbe7747ed61ea23e110b6a25bc033ab382ae,Chronos-2,outputs/chronos_zero_shot_v1/metrics_full.csv,e1fcf53d5b66dd5ceaf6321aec03411a39ea92d22575b4cb768e2712bc3eb10d,reports/results/E03_chronos_zero_shot.md,f28c18312c1e87264d3ae184e4508bd451d40f878bca428dfe03ae3e460ff625,outputs/national_local_lightgbm_v1/strategy_keys.csv,fb5b99ff5db3efa79f6c54d7462d106e2adb219cc98e9826a425eb9efe454c15,25dda020b218677465804771f40210402f5cefded2d9ca95aba8f738e628577f,model=Chronos-2; finite y_true; exact E01/E05d keys; split=validation; horizon=12; fallback retained,E03,nominal_RUB
Chronos-2,holdout,1,1947.3527250744048,1947.3527250744048,0.9326329622741972,378,63,6,0,378,0,complete,real,outputs/chronos_zero_shot_v1/predictions.csv.gz,48aa4dba220a86a37e242a84adaccbe7747ed61ea23e110b6a25bc033ab382ae,Chronos-2,outputs/chronos_zero_shot_v1/metrics_full.csv,e1fcf53d5b66dd5ceaf6321aec03411a39ea92d22575b4cb768e2712bc3eb10d,reports/results/E03_chronos_zero_shot.md,f28c18312c1e87264d3ae184e4508bd451d40f878bca428dfe03ae3e460ff625,outputs/national_local_lightgbm_v1/strategy_keys.csv,fb5b99ff5db3efa79f6c54d7462d106e2adb219cc98e9826a425eb9efe454c15,25dda020b218677465804771f40210402f5cefded2d9ca95aba8f738e628577f,model=Chronos-2; finite y_true; exact E01/E05d keys; split=holdout; horizon=1; fallback retained,E03,nominal_RUB
Chronos-2,holdout,3,2526.333100818452,2526.3331008184523,0.8936115496556191,378,63,6,0,378,0,complete,real,outputs/chronos_zero_shot_v1/predictions.csv.gz,48aa4dba220a86a37e242a84adaccbe7747ed61ea23e110b6a25bc033ab382ae,Chronos-2,outputs/chronos_zero_shot_v1/metrics_full.csv,e1fcf53d5b66dd5ceaf6321aec03411a39ea92d22575b4cb768e2712bc3eb10d,reports/results/E03_chronos_zero_shot.md,f28c18312c1e87264d3ae184e4508bd451d40f878bca428dfe03ae3e460ff625,outputs/national_local_lightgbm_v1/strategy_keys.csv,fb5b99ff5db3efa79f6c54d7462d106e2adb219cc98e9826a425eb9efe454c15,25dda020b218677465804771f40210402f5cefded2d9ca95aba8f738e628577f,model=Chronos-2; finite y_true; exact E01/E05d keys; split=holdout; horizon=3; fallback retained,E03,nominal_RUB
Chronos-2,holdout,6,4150.59328238674,4150.59328238674,0.7887302611847988,378,63,6,0,378,0,complete,real,outputs/chronos_zero_shot_v1/predictions.csv.gz,48aa4dba220a86a37e242a84adaccbe7747ed61ea23e110b6a25bc033ab382ae,Chronos-2,outputs/chronos_zero_shot_v1/metrics_full.csv,e1fcf53d5b66dd5ceaf6321aec03411a39ea92d22575b4cb768e2712bc3eb10d,reports/results/E03_chronos_zero_shot.md,f28c18312c1e87264d3ae184e4508bd451d40f878bca428dfe03ae3e460ff625,outputs/national_local_lightgbm_v1/strategy_keys.csv,fb5b99ff5db3efa79f6c54d7462d106e2adb219cc98e9826a425eb9efe454c15,25dda020b218677465804771f40210402f5cefded2d9ca95aba8f738e628577f,model=Chronos-2; finite y_true; exact E01/E05d keys; split=holdout; horizon=6; fallback retained,E03,nominal_RUB
Chronos-2,holdout,12,9163.471044146825,9163.471044146825,0.3446605954848365,63,63,1,0,63,0,complete,real,outputs/chronos_zero_shot_v1/predictions.csv.gz,48aa4dba220a86a37e242a84adaccbe7747ed61ea23e110b6a25bc033ab382ae,Chronos-2,outputs/chronos_zero_shot_v1/metrics_full.csv,e1fcf53d5b66dd5ceaf6321aec03411a39ea92d22575b4cb768e2712bc3eb10d,reports/results/E03_chronos_zero_shot.md,f28c18312c1e87264d3ae184e4508bd451d40f878bca428dfe03ae3e460ff625,outputs/national_local_lightgbm_v1/strategy_keys.csv,fb5b99ff5db3efa79f6c54d7462d106e2adb219cc98e9826a425eb9efe454c15,25dda020b218677465804771f40210402f5cefded2d9ca95aba8f738e628577f,model=Chronos-2; finite y_true; exact E01/E05d keys; split=holdout; horizon=12; fallback retained,E03,nominal_RUB
