table_id,title,report_section,source_path,source_selector,data_status,unit,rounding,source_sha256,source_role
1,Target panel,2,reports/final/results_summary.json,"target.{history,history_months,municipalities,definition}",real,months; municipalities; nominal_RUB,integers; text,2ad46fc62bea4804dd281b8b8f040f92fc76929cdff5886ebd2e1c7482fa4359,final_source_of_truth
1,Target missingness,2,outputs/prophet_comparison_v1/data_audit.json,observations; complete_series; missing_grid_cells; publication_dates_verified,real,observations; series; cells,integers; boolean,dbb2f9c24fa813e01864b5163b7a1b9b758d848c6b706b31763472ef29003f97,original_artifact_explicitly_named_in_F1_target_provenance
1,Category schema,2,reports/audit_report.md,sections 2-4; category list and annual time-aware join; not a new raw-archive audit,real,category count; schema,category-list length only,f04fb93aa2919dd55a5beaac0858ef8b297c76d3c55c0f3a6d74701cb25ff396,saved_primary_description_methodology_only
2,Holdout forecasting MAE,5,reports/final/forecasting_metrics.csv,"split=holdout; all 9 models; horizon in [1,3,6,12]; mae_macro; fallback retained",real,nominal_RUB,2 decimals directly from full-precision CSV; h12 direct marker,ecb91aada02b7b87d1da019c8969eb17f6535077c9095f3a09531c209f02a1cd,final_source_of_truth
3,Validation forecasting MAE,5,reports/final/forecasting_metrics.csv,"split=validation; model in [SeasonalNaiveYoY,ProphetAuto,National/Local + CatBoost,National/Local + LightGBM]; horizon in [1,3,6]; mae_macro",real,nominal_RUB,2 decimals directly from full-precision CSV,ecb91aada02b7b87d1da019c8969eb17f6535077c9095f3a09531c209f02a1cd,final_source_of_truth
4,Online detection,7.2,reports/final/detection_metrics.csv,"family=online; data_status=synthetic; split=test; scope=primary_level; precision,recall,f1,false_positives_per_12_months,median_detection_delay",synthetic,fractions; FP per 12 monitoring months; delay months,3 decimals; integer median,1d89f04c640402ce716dedf77b851878f06fa345d989479cf4804ca7720db0ce,final_source_of_truth
5,Offline detection,8,reports/final/detection_metrics.csv,"family=offline; data_status=synthetic; split=test; scope=primary_level; precision,recall,f1,false_positives_per_12_months,median_absolute_localisation_error; BinSeg displayed as Binary Segmentation",synthetic,fractions; FP per 12 monitoring months; absolute localisation months,3 decimals; integer median,1d89f04c640402ce716dedf77b851878f06fa345d989479cf4804ca7720db0ce,final_source_of_truth
6,News corpus,9.1,reports/final/results_summary.json,"news.{documents,snapshots,canonical_events,value_features,missing_flags,unique_temporal_vectors,historical_by_geography}",real,documents; versions; groups; features; vectors,integers,2ad46fc62bea4804dd281b8b8f040f92fc76929cdff5886ebd2e1c7482fa4359,final_source_of_truth
7,Real warning split,10.2,reports/final/early_warning_metrics.csv,"experiment=E07b; data_status=not_evaluated; k in [1,3]; train_positives,test_positives,train_positive_onset_dates,test_positive_onset_dates; counts not quality metrics",not_evaluated,real weak-label rows; onset dates,integers,db1f621bb09f2091cb5c4373719486f11b82e141cb66186e11c56a05d352b2e2,final_source_of_truth
8,Synthetic cohorts,11.1,reports/final/results_summary.json,"synthetic_early_warning.cohorts; train,validation,test; series,events,anticipated_events,unanticipated_events,controls,false_precursor_controls",synthetic,series; events; controls,integers,2ad46fc62bea4804dd281b8b8f040f92fc76929cdff5886ebd2e1c7482fa4359,final_source_of_truth
9,Synthetic warning TEST,11.3,reports/final/early_warning_metrics.csv,"data_status=synthetic; cohort=test; scenario=base_all; model in [S0,S1,S2,S3]; k in [1,3]; pr_auc,event_recall,alert_precision,median_lead_time_months,false_alerts_per_12_monitored_months",synthetic,average precision; fractions; lead months; false alerts per 12 at-risk months,3 decimals; integer median; undefined shown as dash,db1f621bb09f2091cb5c4373719486f11b82e141cb66186e11c56a05d352b2e2,final_source_of_truth
10,S3 cue and false cue slices,11.3,reports/final/early_warning_metrics.csv,"data_status=synthetic; cohort=test; model=S3; scenario in [anticipated_events,unanticipated_events,controls_false_precursor]; k in [1,3]; eligible_events,event_recall,false_alerts_per_12_monitored_months",synthetic,events; fractions; false alerts per 12 at-risk months,3 decimals; integer counts; undefined shown as dash,db1f621bb09f2091cb5c4373719486f11b82e141cb66186e11c56a05d352b2e2,final_source_of_truth
11,Seasonal and Prophet,B,configs/prophet_comparison.yaml,models and seed; daily/weekly and uncertainty implementation in saved E01 report,configuration,parameters,saved values; no metric calculation,24f957ffa47efc54578e6c4ed905cb15c6d16a3f20a9ff6ebc23a816c15f2647,F1-referenced methodology/configuration
11,CatBoost Direct,B,configs/catboost_direct.yaml,models.catboost; seed,configuration,parameters,saved values; no metric calculation,ac94adb5e66e319c3d0f115e133fe4f4fb190c2905d3828d496732a38deac0f5,F1-referenced methodology/configuration
11,LightGBM and National/Local,B,configs/national_local_lightgbm.yaml,lightgbm; models; national_local; seed,configuration,parameters,saved values; no metric calculation,7239b515584867ab34811dd9e7b7d4bf62f0662c83a1d0f71642aa2faee5d142,F1-referenced methodology/configuration
11,Chronos,B,configs/chronos_zero_shot.yaml,model; device; quantile; revision; runtime,configuration,parameters,saved values; no metric calculation,db1b283c68afef9c10f5fdca4504a7a4759757c1a2076e3139fdaff0cf025820,F1-referenced methodology/configuration
11,Online calibration,B,reports/results/E04a_online_detection.md,selected validation working points; CUSUM allowance 0.5 threshold 3; EWMA alpha 0.4 threshold 2.5; BOCPD hazard 1/24 threshold 0.2,configuration,parameters,saved values; no metric calculation,8a9c368054545d054c365c3ad1fa89baf6f08ffa5b21a05ea63e5f2f30bc27bf,F1-referenced methodology/configuration
11,Offline settings,B,configs/offline_detection.yaml,cost; min_size; jump; penalty grid; selected penalty in saved report,configuration,parameters,saved values; no metric calculation,07e1e1b34a2e8f69e5c80eb92afe6a38e39711c7a7de77e1fb4f56580df4cfb3,F1-referenced methodology/configuration
11,Offline selected penalty,B,reports/results/E06a_offline_detection.md,selected penalty=4 for PELT and Binary Segmentation,configuration,parameters,saved values; no metric calculation,d1f2243fd10646cbb5a3f2af2e1004e8462c9efa23d8db7f36ff6f2a660c1333,F1-referenced methodology/configuration
11,Synthetic settings,B,configs/early_warning_synthetic.yaml,models; cohorts; evaluation; features.detector_warmup; not online detection working points,configuration,parameters,saved values; no metric calculation,d7277fd317e64d543224ccb034f960edbe0a555203fbc8ddb10c90e97f6dde61,F1-referenced methodology/configuration
12,Figure provenance,E,reports/final/figure_manifest.csv,9 figures embedded in report; see figure and selection columns; real_warning_sufficiency quality status not_evaluated,mixed,figure identifiers; status,no metric calculation,e21ad21f705f59470c13affb2af9ed3b95a825e039cad91b1b87e4e9be13abea,final_source_of_truth
