forecast_origin,key_rate_level,key_rate_delta_last,key_rate_change_3m,key_rate_change_6m,months_since_rate_change,usd_rub_last,usd_rub_change_1m,usd_rub_change_3m,usd_rub_vol_1m,usd_rub_vol_3m,key_rate_last_available_date,key_rate_last_available_at,key_rate_last_effective_date,usd_rub_last_available_date,usd_rub_last_available_at,usd_rub_last_effective_date,key_rate_anchor_3m_date,key_rate_anchor_6m_date,usd_rub_anchor_1m_date,usd_rub_return_count_1m,usd_rub_anchor_3m_date,usd_rub_return_count_3m,usd_rub_method_change_known,usd_rub_method_regime,usd_rub_method_setting_boundary,usd_rub_method_first_effective_date,usd_rub_window_crosses_method_1m,usd_rub_window_crosses_method_3m,max_source_date_used,max_source_available_at_used,key_rate_level_missing,key_rate_delta_last_missing,key_rate_change_3m_missing,key_rate_change_6m_missing,months_since_rate_change_missing,usd_rub_last_missing,usd_rub_change_1m_missing,usd_rub_change_3m_missing,usd_rub_vol_1m_missing,usd_rub_vol_3m_missing
2023-12-31 00:00:00+03:00,16.0,1.0,3.0,8.5,0,89.6883,0.009007051894387722,-0.08263679751045958,0.008150683215557165,0.00841394133214156,2023-12-18 00:00:00+03:00,2023-12-18 00:00:00+03:00,2023-12-18 00:00:00+03:00,2023-12-30 00:00:00+03:00,2023-12-30 00:00:00+03:00,2023-12-30 00:00:00+03:00,2023-09-18 00:00:00+03:00,2022-09-19 00:00:00+03:00,2023-11-30 00:00:00+03:00,22,2023-09-30 00:00:00+03:00,64,False,pre_june_2024_setting_method,,,False,False,2023-12-30 00:00:00+03:00,2023-12-30 00:00:00+03:00,False,False,False,False,False,False,False,False,False,False
2024-01-31 00:00:00+03:00,16.0,1.0,1.0,7.5,1,89.2887,-0.004465385652801756,-0.043339410878594234,0.006243600518780483,0.007290747329978779,2023-12-18 00:00:00+03:00,2023-12-18 00:00:00+03:00,2023-12-18 00:00:00+03:00,2024-01-31 00:00:00+03:00,2024-01-31 00:00:00+03:00,2024-01-31 00:00:00+03:00,2023-10-30 00:00:00+03:00,2023-07-24 00:00:00+03:00,2023-12-30 00:00:00+03:00,16,2023-10-31 00:00:00+03:00,59,False,pre_june_2024_setting_method,,,False,False,2024-01-31 00:00:00+03:00,2024-01-31 00:00:00+03:00,False,False,False,False,False,False,False,False,False,False
2024-02-29 00:00:00+03:00,16.0,1.0,1.0,4.0,2,91.8692,0.025949563155007977,0.0361188511503077,0.0040194136633889075,0.0063356775927867265,2023-12-18 00:00:00+03:00,2023-12-18 00:00:00+03:00,2023-12-18 00:00:00+03:00,2024-02-29 00:00:00+03:00,2024-02-29 00:00:00+03:00,2024-02-29 00:00:00+03:00,2023-10-30 00:00:00+03:00,2023-08-15 00:00:00+03:00,2024-01-27 00:00:00+03:00,22,2023-11-29 00:00:00+03:00,59,False,pre_june_2024_setting_method,,,False,False,2024-02-29 00:00:00+03:00,2024-02-29 00:00:00+03:00,False,False,False,False,False,False,False,False,False,False
2024-03-31 00:00:00+03:00,16.0,1.0,0.0,3.0,3,92.366,0.005393119275240083,0.029418619789019603,0.005004013599197445,0.005051456367675763,2023-12-18 00:00:00+03:00,2023-12-18 00:00:00+03:00,2023-12-18 00:00:00+03:00,2024-03-30 00:00:00+03:00,2024-03-30 00:00:00+03:00,2024-03-30 00:00:00+03:00,2023-12-18 00:00:00+03:00,2023-09-18 00:00:00+03:00,2024-02-29 00:00:00+03:00,21,2023-12-30 00:00:00+03:00,57,False,pre_june_2024_setting_method,,,False,False,2024-03-30 00:00:00+03:00,2024-03-30 00:00:00+03:00,False,False,False,False,False,False,False,False,False,False
2024-04-30 00:00:00+03:00,16.0,1.0,0.0,1.0,4,91.7791,-0.0063743427031622,0.023928841495591567,0.0036760053821802844,0.004276891325260771,2023-12-18 00:00:00+03:00,2023-12-18 00:00:00+03:00,2023-12-18 00:00:00+03:00,2024-04-28 00:00:00+03:00,2024-04-28 00:00:00+03:00,2024-04-28 00:00:00+03:00,2023-12-18 00:00:00+03:00,2023-10-30 00:00:00+03:00,2024-03-30 00:00:00+03:00,21,2024-01-30 00:00:00+03:00,63,False,pre_june_2024_setting_method,,,False,False,2024-04-28 00:00:00+03:00,2024-04-28 00:00:00+03:00,False,False,False,False,False,False,False,False,False,False
2024-05-31 00:00:00+03:00,16.0,1.0,0.0,1.0,5,89.7869,-0.021945517926711705,-0.02292674135463363,0.004887255943166134,0.004511187621786826,2023-12-18 00:00:00+03:00,2023-12-18 00:00:00+03:00,2023-12-18 00:00:00+03:00,2024-05-31 00:00:00+03:00,2024-05-31 00:00:00+03:00,2024-05-31 00:00:00+03:00,2023-12-18 00:00:00+03:00,2023-10-30 00:00:00+03:00,2024-04-28 00:00:00+03:00,19,2024-02-29 00:00:00+03:00,61,False,pre_june_2024_setting_method,,,False,False,2024-05-31 00:00:00+03:00,2024-05-31 00:00:00+03:00,False,False,False,False,False,False,False,False,False,False
2024-06-30 00:00:00+03:00,16.0,1.0,0.0,0.0,6,85.748,-0.040128373417116864,-0.07434618340491589,0.01834383366994683,0.011204701124745137,2023-12-18 00:00:00+03:00,2023-12-18 00:00:00+03:00,2023-12-18 00:00:00+03:00,2024-06-29 00:00:00+03:00,2024-06-29 00:00:00+03:00,2024-06-29 00:00:00+03:00,2023-12-18 00:00:00+03:00,2023-12-18 00:00:00+03:00,2024-05-30 00:00:00+03:00,21,2024-03-30 00:00:00+03:00,60,True,bank_otc_reporting,2024-06-13,2024-06-14,True,True,2024-06-29 00:00:00+03:00,2024-06-29 00:00:00+03:00,False,False,False,False,False,False,False,False,False,False
2024-07-31 00:00:00+03:00,18.0,2.0,2.0,2.0,0,86.33,0.006764400088542063,-0.06120744061321174,0.006456162416467753,0.011578060208373183,2024-07-29 00:00:00+03:00,2024-07-29 00:00:00+03:00,2024-07-29 00:00:00+03:00,2024-07-31 00:00:00+03:00,2024-07-31 00:00:00+03:00,2024-07-31 00:00:00+03:00,2023-12-18 00:00:00+03:00,2023-12-18 00:00:00+03:00,2024-06-29 00:00:00+03:00,22,2024-04-28 00:00:00+03:00,61,True,bank_otc_reporting,2024-06-13,2024-06-14,False,True,2024-07-31 00:00:00+03:00,2024-07-31 00:00:00+03:00,False,False,False,False,False,False,False,False,False,False
2024-08-31 00:00:00+03:00,18.0,2.0,2.0,2.0,1,91.1868,0.05473298751536166,0.015471064828861656,0.01198444916457997,0.013071666442723342,2024-07-29 00:00:00+03:00,2024-07-29 00:00:00+03:00,2024-07-29 00:00:00+03:00,2024-08-31 00:00:00+03:00,2024-08-31 00:00:00+03:00,2024-08-31 00:00:00+03:00,2023-12-18 00:00:00+03:00,2023-12-18 00:00:00+03:00,2024-07-31 00:00:00+03:00,23,2024-05-31 00:00:00+03:00,65,True,bank_otc_reporting,2024-06-13,2024-06-14,False,True,2024-08-31 00:00:00+03:00,2024-08-31 00:00:00+03:00,False,False,False,False,False,False,False,False,False,False
2024-09-30 00:00:00+03:00,19.0,1.0,3.0,3.0,0,92.7126,0.013659524507664162,0.07809162350641434,0.006377147895567618,0.008738615363173274,2024-09-16 00:00:00+03:00,2024-09-16 00:00:00+03:00,2024-09-16 00:00:00+03:00,2024-09-28 00:00:00+03:00,2024-09-28 00:00:00+03:00,2024-09-28 00:00:00+03:00,2023-12-18 00:00:00+03:00,2023-12-18 00:00:00+03:00,2024-08-30 00:00:00+03:00,21,2024-06-29 00:00:00+03:00,65,True,bank_otc_reporting,2024-06-13,2024-06-14,False,False,2024-09-28 00:00:00+03:00,2024-09-28 00:00:00+03:00,False,False,False,False,False,False,False,False,False,False
2024-10-31 00:00:00+03:00,21.0,2.0,3.0,5.0,0,97.053,0.04575283537303457,0.11708005879090683,0.005832020522253032,0.008535239279811221,2024-10-28 00:00:00+03:00,2024-10-28 00:00:00+03:00,2024-10-28 00:00:00+03:00,2024-10-31 00:00:00+03:00,2024-10-31 00:00:00+03:00,2024-10-31 00:00:00+03:00,2024-07-29 00:00:00+03:00,2023-12-18 00:00:00+03:00,2024-09-28 00:00:00+03:00,23,2024-07-31 00:00:00+03:00,66,True,bank_otc_reporting,2024-06-13,2024-06-14,False,False,2024-10-31 00:00:00+03:00,2024-10-31 00:00:00+03:00,False,False,False,False,False,False,False,False,False,False
2024-11-30 00:00:00+03:00,21.0,2.0,3.0,5.0,1,107.7409,0.1016620748907955,0.1638844095033334,0.008781311266086526,0.007224428079307501,2024-10-28 00:00:00+03:00,2024-10-28 00:00:00+03:00,2024-10-28 00:00:00+03:00,2024-11-30 00:00:00+03:00,2024-11-30 00:00:00+03:00,2024-11-30 00:00:00+03:00,2024-07-29 00:00:00+03:00,2023-12-18 00:00:00+03:00,2024-10-30 00:00:00+03:00,23,2024-08-30 00:00:00+03:00,66,True,bank_otc_reporting,2024-06-13,2024-06-14,False,False,2024-11-30 00:00:00+03:00,2024-11-30 00:00:00+03:00,False,False,False,False,False,False,False,False,False,False
