anchor_case,forecast_origin,key_rate_level,key_rate_delta_last,key_rate_change_3m,key_rate_change_6m,months_since_rate_change,usd_rub_last,usd_rub_change_1m,usd_rub_change_3m,usd_rub_vol_1m,usd_rub_vol_3m,key_rate_last_available_date,key_rate_last_available_at,key_rate_last_effective_date,usd_rub_last_available_date,usd_rub_last_available_at,usd_rub_last_effective_date,key_rate_anchor_3m_date,key_rate_anchor_6m_date,usd_rub_anchor_1m_date,usd_rub_return_count_1m,usd_rub_anchor_3m_date,usd_rub_return_count_3m,usd_rub_method_change_known,usd_rub_method_regime,usd_rub_method_setting_boundary,usd_rub_method_first_effective_date,usd_rub_window_crosses_method_1m,usd_rub_window_crosses_method_3m,max_source_date_used,max_source_available_at_used,key_rate_level_missing,key_rate_delta_last_missing,key_rate_change_3m_missing,key_rate_change_6m_missing,months_since_rate_change_missing,usd_rub_last_missing,usd_rub_change_1m_missing,usd_rub_change_3m_missing,usd_rub_vol_1m_missing,usd_rub_vol_3m_missing
2022_date_only_decision_day,2022-02-28 00:00:00+03:00,9.5,1.0,2.0,3.0,0,83.5485,0.05665056031257,0.10013902190318036,0.024162454109071793,0.0148463280547447,2022-02-14 00:00:00+03:00,2022-02-14 00:00:00+03:00,2022-02-14 00:00:00+03:00,2022-02-26 00:00:00+03:00,2022-02-26 00:00:00+03:00,2022-02-26 00:00:00+03:00,2021-10-25 00:00:00+03:00,2021-07-26 00:00:00+03:00,2022-01-28 00:00:00+03:00,20,2021-11-27 00:00:00+03:00,58,False,pre_june_2024_setting_method,,,False,False,2022-02-26 00:00:00+03:00,2022-02-26 00:00:00+03:00,False,False,False,False,False,False,False,False,False,False
2022_date_only_available_next_day,2022-03-01 00:00:00+03:00,20.0,10.5,12.5,13.5,1,93.5589,0.18869783820069594,0.22253609724125542,0.03492646992491582,0.020962384631436386,2022-03-01 00:00:00+03:00,2022-03-01 00:00:00+03:00,2022-02-28 00:00:00+03:00,2022-03-01 00:00:00+03:00,2022-03-01 00:00:00+03:00,2022-03-01 00:00:00+03:00,2021-10-25 00:00:00+03:00,2021-07-26 00:00:00+03:00,2022-02-01 00:00:00+03:00,19,2021-12-01 00:00:00+03:00,57,False,pre_june_2024_setting_method,,,False,False,2022-03-01 00:00:00+03:00,2022-03-01 00:00:00+03:00,False,False,False,False,False,False,False,False,False,False
2023_same_day_before,2023-08-15 10:29:00+03:00,8.5,1.0,1.0,1.0,1,101.0399,0.11438446914824318,0.2690629239059014,0.008536502483974133,0.008007002046778374,2023-07-24 00:00:00+03:00,2023-07-24 00:00:00+03:00,2023-07-24 00:00:00+03:00,2023-08-15 00:00:00+03:00,2023-08-15 00:00:00+03:00,2023-08-15 00:00:00+03:00,2022-09-19 00:00:00+03:00,2022-09-19 00:00:00+03:00,2023-07-15 00:00:00+03:00,21,2023-05-13 00:00:00+03:00,65,False,pre_june_2024_setting_method,,,False,False,2023-08-15 00:00:00+03:00,2023-08-15 00:00:00+03:00,False,False,False,False,False,False,False,False,False,False
2023_same_day_after,2023-08-15 10:30:00+03:00,12.0,3.5,4.5,4.5,0,101.0399,0.11438446914824318,0.2690629239059014,0.008536502483974133,0.008007002046778374,2023-08-15 00:00:00+03:00,2023-08-15 10:30:00+03:00,2023-08-15 00:00:00+03:00,2023-08-15 00:00:00+03:00,2023-08-15 00:00:00+03:00,2023-08-15 00:00:00+03:00,2022-09-19 00:00:00+03:00,2022-09-19 00:00:00+03:00,2023-07-15 00:00:00+03:00,21,2023-05-13 00:00:00+03:00,65,False,pre_june_2024_setting_method,,,False,False,2023-08-15 00:00:00+03:00,2023-08-15 10:30:00+03:00,False,False,False,False,False,False,False,False,False,False
2023_weekend_month_end_actual_origin,2023-12-31 00:00:00+03:00,16.0,1.0,3.0,8.5,0,89.6883,0.009007051894387722,-0.08263679751045958,0.008150683215557165,0.00841394133214156,2023-12-18 00:00:00+03:00,2023-12-18 00:00:00+03:00,2023-12-18 00:00:00+03:00,2023-12-30 00:00:00+03:00,2023-12-30 00:00:00+03:00,2023-12-30 00:00:00+03:00,2023-09-18 00:00:00+03:00,2022-09-19 00:00:00+03:00,2023-11-30 00:00:00+03:00,22,2023-09-30 00:00:00+03:00,64,False,pre_june_2024_setting_method,,,False,False,2023-12-30 00:00:00+03:00,2023-12-30 00:00:00+03:00,False,False,False,False,False,False,False,False,False,False
2024_fx_before_announcement,2024-06-13 00:00:00+03:00,16.0,1.0,0.0,1.0,6,89.0214,-0.030995822058502195,-0.02068297084771741,0.004705677863513859,0.004299356772106996,2023-12-18 00:00:00+03:00,2023-12-18 00:00:00+03:00,2023-12-18 00:00:00+03:00,2024-06-12 00:00:00+03:00,2024-06-12 00:00:00+03:00,2024-06-12 00:00:00+03:00,2023-12-18 00:00:00+03:00,2023-10-30 00:00:00+03:00,2024-05-09 00:00:00+03:00,22,2024-03-13 00:00:00+03:00,61,False,pre_june_2024_setting_method,,,False,False,2024-06-12 00:00:00+03:00,2024-06-12 00:00:00+03:00,False,False,False,False,False,False,False,False,False,False
2024_fx_announcement_not_yet_effective,2024-06-13 14:40:00+03:00,16.0,1.0,0.0,1.0,6,89.0214,-0.030995822058502195,-0.02068297084771741,0.004705677863513859,0.004299356772106996,2023-12-18 00:00:00+03:00,2023-12-18 00:00:00+03:00,2023-12-18 00:00:00+03:00,2024-06-12 00:00:00+03:00,2024-06-12 00:00:00+03:00,2024-06-12 00:00:00+03:00,2023-12-18 00:00:00+03:00,2023-10-30 00:00:00+03:00,2024-05-09 00:00:00+03:00,22,2024-03-13 00:00:00+03:00,61,True,pre_june_2024_setting_method,2024-06-13,2024-06-14,False,False,2024-06-13 00:00:00+03:00,2024-06-13 14:40:00+03:00,False,False,False,False,False,False,False,False,False,False
2024_fx_first_effective,2024-06-14 00:00:00+03:00,16.0,1.0,0.0,1.0,6,88.208,-0.03809380696271475,-0.03713190045769442,0.004988777635407839,0.004329904662870209,2023-12-18 00:00:00+03:00,2023-12-18 00:00:00+03:00,2023-12-18 00:00:00+03:00,2024-06-14 00:00:00+03:00,2024-06-14 00:00:00+03:00,2024-06-14 00:00:00+03:00,2023-12-18 00:00:00+03:00,2023-10-30 00:00:00+03:00,2024-05-14 00:00:00+03:00,22,2024-03-14 00:00:00+03:00,61,True,bank_otc_reporting,2024-06-13,2024-06-14,True,True,2024-06-14 00:00:00+03:00,2024-06-14 00:00:00+03:00,False,False,False,False,False,False,False,False,False,False
2024_weekend_month_end_actual_origin,2024-06-30 00:00:00+03:00,16.0,1.0,0.0,0.0,6,85.748,-0.040128373417116864,-0.07434618340491589,0.01834383366994683,0.011204701124745137,2023-12-18 00:00:00+03:00,2023-12-18 00:00:00+03:00,2023-12-18 00:00:00+03:00,2024-06-29 00:00:00+03:00,2024-06-29 00:00:00+03:00,2024-06-29 00:00:00+03:00,2023-12-18 00:00:00+03:00,2023-12-18 00:00:00+03:00,2024-05-30 00:00:00+03:00,21,2024-03-30 00:00:00+03:00,60,True,bank_otc_reporting,2024-06-13,2024-06-14,True,True,2024-06-29 00:00:00+03:00,2024-06-29 00:00:00+03:00,False,False,False,False,False,False,False,False,False,False
2024_rate_announcement_future_effective,2024-07-26 13:30:00+03:00,16.0,1.0,0.0,0.0,7,85.41,-0.021623778840368788,-0.07575262896613835,0.009555382824899983,0.011552736581874229,2023-12-18 00:00:00+03:00,2023-12-18 00:00:00+03:00,2023-12-18 00:00:00+03:00,2024-07-26 00:00:00+03:00,2024-07-26 00:00:00+03:00,2024-07-26 00:00:00+03:00,2023-12-18 00:00:00+03:00,2023-12-18 00:00:00+03:00,2024-06-26 00:00:00+03:00,22,2024-04-26 00:00:00+03:00,60,True,bank_otc_reporting,2024-06-13,2024-06-14,False,True,2024-07-26 00:00:00+03:00,2024-07-26 00:00:00+03:00,False,False,False,False,False,False,False,False,False,False
2024_rate_effective,2024-07-29 00:00:00+03:00,18.0,2.0,2.0,2.0,0,85.565,-0.0021364411294742284,-0.07010828183122794,0.006232061053935429,0.011657434405179063,2024-07-29 00:00:00+03:00,2024-07-29 00:00:00+03:00,2024-07-29 00:00:00+03:00,2024-07-27 00:00:00+03:00,2024-07-27 00:00:00+03:00,2024-07-27 00:00:00+03:00,2023-12-18 00:00:00+03:00,2023-12-18 00:00:00+03:00,2024-06-29 00:00:00+03:00,20,2024-04-28 00:00:00+03:00,59,True,bank_otc_reporting,2024-06-13,2024-06-14,False,True,2024-07-29 00:00:00+03:00,2024-07-29 00:00:00+03:00,False,False,False,False,False,False,False,False,False,False
2024_month_end_actual_origin,2024-07-31 00:00:00+03:00,18.0,2.0,2.0,2.0,0,86.33,0.006764400088542063,-0.06120744061321174,0.006456162416467753,0.011578060208373183,2024-07-29 00:00:00+03:00,2024-07-29 00:00:00+03:00,2024-07-29 00:00:00+03:00,2024-07-31 00:00:00+03:00,2024-07-31 00:00:00+03:00,2024-07-31 00:00:00+03:00,2023-12-18 00:00:00+03:00,2023-12-18 00:00:00+03:00,2024-06-29 00:00:00+03:00,22,2024-04-28 00:00:00+03:00,61,True,bank_otc_reporting,2024-06-13,2024-06-14,False,True,2024-07-31 00:00:00+03:00,2024-07-31 00:00:00+03:00,False,False,False,False,False,False,False,False,False,False
