municipality_id,forecast_origin,target_period,y_true,y_pred,split
21,2023-12-31,2024-01-01,31106.0,26892.0,validation
21,2024-01-31,2024-02-01,33061.0,32105.38955823293,validation
21,2024-02-29,2024-03-01,36705.0,36438.3328269122,validation
21,2024-03-31,2024-04-01,35833.0,35217.4068943299,validation
21,2024-04-30,2024-05-01,35615.0,36628.43388816832,validation
21,2024-05-31,2024-06-01,35988.0,35644.29172036083,validation
21,2024-06-30,2024-07-01,36788.0,37642.75792057857,holdout
21,2024-07-31,2024-08-01,37597.0,38242.9981287069,holdout
21,2024-08-31,2024-09-01,34999.0,35980.57521646738,holdout
21,2024-09-30,2024-10-01,36530.0,36830.744325115935,holdout
21,2024-10-31,2024-11-01,37011.0,37441.31587143391,holdout
21,2024-11-30,2024-12-01,42485.0,42968.74342510621,holdout
