pair,baseline,candidate,primary_pair,split,horizon,descriptive_only,delta_convention,unit,observed_delta_mae,n_origins,n_municipalities,iterations,seed,bootstrap_mean,ci_lower,ci_upper,share_positive_draws,draw_sha256,interval_status
A,SeasonalNaiveYoY,National/Local + LightGBM,True,holdout,1,False,MAE baseline − MAE candidate; positive = candidate better,origin,121.1468690863241,6,63,10000,42,121.08792328351723,39.30855805293919,188.9650466158052,0.9969,e818bbf2b950d30d7a261aedc7b6fe8aec53c68a77490c015e9340e7bde40810,DESCRIPTIVE_EMPIRICAL_SENSITIVITY
A,SeasonalNaiveYoY,National/Local + LightGBM,True,holdout,3,False,MAE baseline − MAE candidate; positive = candidate better,origin,27.67618149056692,6,63,10000,42,27.157606844153616,-184.12980687997037,218.3561820806682,0.6212,91a7a23cf32421f4a60a3845536ce14332e510286f15e94428fa0c94f1ce0f01,DESCRIPTIVE_EMPIRICAL_SENSITIVITY
A,SeasonalNaiveYoY,National/Local + LightGBM,True,holdout,6,False,MAE baseline − MAE candidate; positive = candidate better,origin,8.791576357414753,6,63,10000,42,8.197649885840164,-480.4451058535862,467.32927847331723,0.5151,abafcb3840a1cef1b35a28058689471cb70ac6b8959455656916452ce7aeaf9f,DESCRIPTIVE_EMPIRICAL_SENSITIVITY
A,SeasonalNaiveYoY,National/Local + LightGBM,True,holdout,12,True,MAE baseline − MAE candidate; positive = candidate better,origin,0.0,1,63,0,42,,,,,,DESCRIPTIVE_ONLY_H12
A,SeasonalNaiveYoY,National/Local + LightGBM,True,validation,1,False,MAE baseline − MAE candidate; positive = candidate better,origin,-15.649128549729285,6,63,10000,42,-15.717921828653111,-198.78554248637755,141.568104100304,0.443,b88700af2ecdcef58a6920bda394d44f1494b191ea9f0b302cfb7369a8ac22b7,DESCRIPTIVE_EMPIRICAL_SENSITIVITY
A,SeasonalNaiveYoY,National/Local + LightGBM,True,validation,3,False,MAE baseline − MAE candidate; positive = candidate better,origin,-351.52047891116734,4,63,10000,42,-349.39226404241487,-838.3812648943511,388.59386477423243,0.1441,c67db5bc447f7b3871587cca6bc275f7857a7b13616e0f4ddf71f49f446b451b,DESCRIPTIVE_EMPIRICAL_SENSITIVITY
A,SeasonalNaiveYoY,National/Local + LightGBM,True,validation,6,False,MAE baseline − MAE candidate; positive = candidate better,origin,-748.1766589800719,1,63,0,42,,,,,,NOT_ESTIMABLE_ONE_ORIGIN
B,ProphetAuto,SeasonalNaiveYoY,True,holdout,1,False,MAE baseline − MAE candidate; positive = candidate better,origin,947.8580715586417,6,63,10000,42,944.4108011233428,263.94020575464356,1894.1153845179842,1.0,e01a3b0199586a501e664cf670a79b77f7c437960d1eaee37b96eb4c1f939eca,DESCRIPTIVE_EMPIRICAL_SENSITIVITY
B,ProphetAuto,SeasonalNaiveYoY,True,holdout,3,False,MAE baseline − MAE candidate; positive = candidate better,origin,800.9088437633297,6,63,10000,42,798.8107399891024,322.0679862525808,1560.1544825329615,1.0,5d9ea9d6a5580391bb96af777062ad6c8ee0804421e60e4b195931bd639d7d94,DESCRIPTIVE_EMPIRICAL_SENSITIVITY
B,ProphetAuto,SeasonalNaiveYoY,True,holdout,6,False,MAE baseline − MAE candidate; positive = candidate better,origin,259.77039058965886,6,63,10000,42,257.9145752218443,-270.26969229785215,960.6883310901783,0.7739,b4d10a49be7317b860035c2eaf92cc4b5625dbda234aadf1a0dc60fdfba66646,DESCRIPTIVE_EMPIRICAL_SENSITIVITY
B,ProphetAuto,SeasonalNaiveYoY,True,holdout,12,True,MAE baseline − MAE candidate; positive = candidate better,origin,-1267.9674011937611,1,63,0,42,,,,,,DESCRIPTIVE_ONLY_H12
B,ProphetAuto,SeasonalNaiveYoY,True,validation,1,False,MAE baseline − MAE candidate; positive = candidate better,origin,375.4442029243758,6,63,10000,42,374.5643878993385,-288.97308271874215,1102.0228256836997,0.8515,d74f966c791d085847b571daeb7e409121f445b53e5e92f1bbe4ee8de602e258,DESCRIPTIVE_EMPIRICAL_SENSITIVITY
B,ProphetAuto,SeasonalNaiveYoY,True,validation,3,False,MAE baseline − MAE candidate; positive = candidate better,origin,-1031.3752685325644,4,63,10000,42,-1033.7300659843365,-1897.7320660039836,-299.9437606575302,0.0,cb8c03559136b4a85a1454e575bbd6c0c0d022f8d58c8a3963118b2c6c89e06f,DESCRIPTIVE_EMPIRICAL_SENSITIVITY
B,ProphetAuto,SeasonalNaiveYoY,True,validation,6,False,MAE baseline − MAE candidate; positive = candidate better,origin,-2795.8966657317574,1,63,0,42,,,,,,NOT_ESTIMABLE_ONE_ORIGIN
C,ProphetYearly,SeasonalNaiveYoY,True,holdout,1,False,MAE baseline − MAE candidate; positive = candidate better,origin,761.6127572297638,6,63,10000,42,760.5149925375345,54.283706606927936,1659.1212549293314,0.9953,012ecec92d330f50fa3bbc2b004e3f3a295252c234a2338b49b261a919299a37,DESCRIPTIVE_EMPIRICAL_SENSITIVITY
C,ProphetYearly,SeasonalNaiveYoY,True,holdout,3,False,MAE baseline − MAE candidate; positive = candidate better,origin,439.2200410815921,6,63,10000,42,438.5356458974722,-113.76308136078818,1099.382140471152,0.9258,110c37f494b6eaf851cbe0601dc150a3cf7e30972554b68e87de3a2fab429606,DESCRIPTIVE_EMPIRICAL_SENSITIVITY
C,ProphetYearly,SeasonalNaiveYoY,True,holdout,6,False,MAE baseline − MAE candidate; positive = candidate better,origin,31.634445630834502,6,63,10000,42,30.77667945281464,-466.4659486376745,621.0526487384325,0.54,06cca11a3cb2ab2dddae1ba4dbe04ee55232200f177f385a0930468fea52d463,DESCRIPTIVE_EMPIRICAL_SENSITIVITY
C,ProphetYearly,SeasonalNaiveYoY,True,holdout,12,True,MAE baseline − MAE candidate; positive = candidate better,origin,4173.862820738054,1,63,0,42,,,,,,DESCRIPTIVE_ONLY_H12
C,ProphetYearly,SeasonalNaiveYoY,True,validation,1,False,MAE baseline − MAE candidate; positive = candidate better,origin,1381.7797797078956,6,63,10000,42,1384.3226662490217,-330.8410302789856,4267.676053764277,0.851,7a430ff58c00bdf609ac59c9b701a933f6fb00ca802f66a7b5e33cf86e86154d,DESCRIPTIVE_EMPIRICAL_SENSITIVITY
C,ProphetYearly,SeasonalNaiveYoY,True,validation,3,False,MAE baseline − MAE candidate; positive = candidate better,origin,740.7959185189131,4,63,10000,42,754.6021006195524,-1136.8015195928442,3412.0533854058112,0.6939,c019e980d770ccfdb2c988a32849a3ecae4648dc650e16f1d200785bfb169982,DESCRIPTIVE_EMPIRICAL_SENSITIVITY
C,ProphetYearly,SeasonalNaiveYoY,True,validation,6,False,MAE baseline − MAE candidate; positive = candidate better,origin,3585.3270324456344,1,63,0,42,,,,,,NOT_ESTIMABLE_ONE_ORIGIN
D,ProphetAuto,National/Local + LightGBM,True,holdout,1,False,MAE baseline − MAE candidate; positive = candidate better,origin,1069.0049406449662,6,63,10000,42,1065.4987244068602,341.9144478940434,2015.4822299871553,1.0,0b37708b5116036ffa320cdeccde6625b0a8b73c0758299cdc7d89dd387e843f,DESCRIPTIVE_EMPIRICAL_SENSITIVITY
D,ProphetAuto,National/Local + LightGBM,True,holdout,3,False,MAE baseline − MAE candidate; positive = candidate better,origin,828.5850252538964,6,63,10000,42,825.9683468332561,238.19583350346585,1607.3723218417888,0.9997,6a534b160a2ca6b45a6f66faafc1d4aa74379eca3c069970438704ddc445f7f1,DESCRIPTIVE_EMPIRICAL_SENSITIVITY
D,ProphetAuto,National/Local + LightGBM,True,holdout,6,False,MAE baseline − MAE candidate; positive = candidate better,origin,268.56196694707364,6,63,10000,42,266.1122251076845,-362.9109119084616,960.459083835817,0.7726,e5b2e3e4e45a528b3f8cc5ac11232e1809674aa0b26fd84242b2158faca2b8a1,DESCRIPTIVE_EMPIRICAL_SENSITIVITY
D,ProphetAuto,National/Local + LightGBM,True,holdout,12,True,MAE baseline − MAE candidate; positive = candidate better,origin,-1267.9674011937611,1,63,0,42,,,,,,DESCRIPTIVE_ONLY_H12
D,ProphetAuto,National/Local + LightGBM,True,validation,1,False,MAE baseline − MAE candidate; positive = candidate better,origin,359.7950743746465,6,63,10000,42,358.8464660706853,-444.7623784323425,1214.8834055287302,0.7977,00c931bb9421742f74f067350a1c9725efbe630d4948a8f82ccefe5aedc8e9e2,DESCRIPTIVE_EMPIRICAL_SENSITIVITY
D,ProphetAuto,National/Local + LightGBM,True,validation,3,False,MAE baseline − MAE candidate; positive = candidate better,origin,-1382.8957474437314,4,63,10000,42,-1383.1223300267513,-1666.2869694504236,-1099.50452543704,0.0,edff88ea868abc8a589fc3c4cfe79f29efebbce350c66f29b324208fd44d6b5b,DESCRIPTIVE_EMPIRICAL_SENSITIVITY
D,ProphetAuto,National/Local + LightGBM,True,validation,6,False,MAE baseline − MAE candidate; positive = candidate better,origin,-3544.073324711829,1,63,0,42,,,,,,NOT_ESTIMABLE_ONE_ORIGIN
E,ProphetYearly,National/Local + LightGBM,True,holdout,1,False,MAE baseline − MAE candidate; positive = candidate better,origin,882.759626316088,6,63,10000,42,881.6029158210516,147.63274791683648,1810.823479253441,1.0,8f0b3e98c28aa6be2147f0cdca5691cbd7f4812e2a91d5f9a9e629f82be89836,DESCRIPTIVE_EMPIRICAL_SENSITIVITY
E,ProphetYearly,National/Local + LightGBM,True,holdout,3,False,MAE baseline − MAE candidate; positive = candidate better,origin,466.896222572159,6,63,10000,42,465.6932527416258,-97.58476734020023,1171.1960488902391,0.945,4597a970439f5b1aa032fe78b18328707e221edd1a52033139c4ca784b09f19c,DESCRIPTIVE_EMPIRICAL_SENSITIVITY
E,ProphetYearly,National/Local + LightGBM,True,holdout,6,False,MAE baseline − MAE candidate; positive = candidate better,origin,40.42602198824926,6,63,10000,42,38.97432933865481,-810.1354948801271,827.2804316654313,0.5526,50f3366c54c1f88c3e9d43a635d91865affc0a8151bd288a7e29e31b5c1913b3,DESCRIPTIVE_EMPIRICAL_SENSITIVITY
E,ProphetYearly,National/Local + LightGBM,True,holdout,12,True,MAE baseline − MAE candidate; positive = candidate better,origin,4173.862820738054,1,63,0,42,,,,,,DESCRIPTIVE_ONLY_H12
E,ProphetYearly,National/Local + LightGBM,True,validation,1,False,MAE baseline − MAE candidate; positive = candidate better,origin,1366.130651158166,6,63,10000,42,1368.6047444203687,-527.2879729148766,4400.751602195186,0.7644,4807a0a27aa5fb96876d2adda8fe25e8d4af13fd5981fb9258977a0f5f0d5d67,DESCRIPTIVE_EMPIRICAL_SENSITIVITY
E,ProphetYearly,National/Local + LightGBM,True,validation,3,False,MAE baseline − MAE candidate; positive = candidate better,origin,389.2754396077459,4,63,10000,42,405.20983657713754,-1780.396056321069,3800.647250180044,0.6744,cd66eca45e4fc21622b5da9a4e31322bbafc77fb0fe6317ce610c8fca406628b,DESCRIPTIVE_EMPIRICAL_SENSITIVITY
E,ProphetYearly,National/Local + LightGBM,True,validation,6,False,MAE baseline − MAE candidate; positive = candidate better,origin,2837.150373465562,1,63,0,42,,,,,,NOT_ESTIMABLE_ONE_ORIGIN
F,LightGBMDirect,National/Local + LightGBM,False,holdout,1,False,MAE baseline − MAE candidate; positive = candidate better,origin,203.73039954482522,6,63,10000,42,203.01476654457323,-117.63303768237759,610.8382989147117,0.8465,6694000ec9f359506a89d485da1a9f988f41ca7680b419fe3f9cc4eb44184219,DESCRIPTIVE_EMPIRICAL_SENSITIVITY
F,LightGBMDirect,National/Local + LightGBM,False,holdout,3,False,MAE baseline − MAE candidate; positive = candidate better,origin,237.09431428975623,6,63,10000,42,236.98399136056312,110.77383590552122,380.71820067040943,1.0,46f497d73f79511d2e83429b35caf970f5ac155bba4215a8b6b8b1a5ccde7a47,DESCRIPTIVE_EMPIRICAL_SENSITIVITY
F,LightGBMDirect,National/Local + LightGBM,False,holdout,6,False,MAE baseline − MAE candidate; positive = candidate better,origin,565.9925707578269,6,63,10000,42,568.1745226519257,-86.74934243598784,1327.5381761864296,0.9562,310d07194e9a12bb759add289841768ef724202b3187fb7b6c06a7f445e6e32b,DESCRIPTIVE_EMPIRICAL_SENSITIVITY
F,LightGBMDirect,National/Local + LightGBM,False,holdout,12,True,MAE baseline − MAE candidate; positive = candidate better,origin,0.0,1,63,0,42,,,,,,DESCRIPTIVE_ONLY_H12
F,LightGBMDirect,National/Local + LightGBM,False,validation,1,False,MAE baseline − MAE candidate; positive = candidate better,origin,1362.7529651521352,6,63,10000,42,1364.9074351547108,-247.69735504923977,3323.7090384766575,0.9361,3ffa6799605b322fddb6c2072ecea27ced65c4aed3461466f9756a1597bd0bed,DESCRIPTIVE_EMPIRICAL_SENSITIVITY
F,LightGBMDirect,National/Local + LightGBM,False,validation,3,False,MAE baseline − MAE candidate; positive = candidate better,origin,60.28420422528056,4,63,10000,42,57.150074788587865,-1270.7457453924656,1391.314153843026,0.546,95f7c66c19af70a860ff0828286f0154537ab0d7764561a1ad9096ce3dc04a63,DESCRIPTIVE_EMPIRICAL_SENSITIVITY
F,LightGBMDirect,National/Local + LightGBM,False,validation,6,False,MAE baseline − MAE candidate; positive = candidate better,origin,852.7307495104102,1,63,0,42,,,,,,NOT_ESTIMABLE_ONE_ORIGIN
