pair,baseline,candidate,primary_pair,split,horizon,descriptive_only,delta_convention,positive_mass,negative_mass,net_mass,n_positive,n_negative,n_municipalities,top5_count,top5_positive_share,top5_negative_share,top10_count,top10_positive_share,top10_negative_share,top20pct_count,top20pct_positive_share,top20pct_negative_share,winsorized_mean_5pct_sensitivity_only,median_delta_mae
A,SeasonalNaiveYoY,National/Local + LightGBM,True,holdout,1,False,MAE baseline − MAE candidate; positive = candidate better,12997.229821690753,5364.977069252333,7632.2527524384195,35,28,63,5,0.3419286219549627,0.5162577554113268,10,0.5597715930999597,0.7210070680036994,13,0.6632817712754774,0.8203159906252506,123.1872725353883,72.19213216186233
A,SeasonalNaiveYoY,National/Local + LightGBM,True,holdout,3,False,MAE baseline − MAE candidate; positive = candidate better,18575.400316414307,16831.800882508585,1743.5994339057152,33,30,63,5,0.33415972385318177,0.6267921356884829,10,0.5244422542003095,0.804953659151519,13,0.6232096119286213,0.8699556351315425,92.03723938927783,111.47722014341707
A,SeasonalNaiveYoY,National/Local + LightGBM,True,holdout,6,False,MAE baseline − MAE candidate; positive = candidate better,21201.454110698498,20647.584800181376,553.8693105171296,36,27,63,5,0.3767487305875496,0.5419243706240686,10,0.6080753216359531,0.7516890166572615,13,0.693391245066339,0.8354145480744195,82.67826956134756,77.35889992987222
A,SeasonalNaiveYoY,National/Local + LightGBM,True,holdout,12,True,MAE baseline − MAE candidate; positive = candidate better,0.0,0.0,0.0,0,0,63,5,,,10,,,13,,,0.0,0.0
A,SeasonalNaiveYoY,National/Local + LightGBM,True,validation,1,False,MAE baseline − MAE candidate; positive = candidate better,8290.359075599112,9276.254174232059,-985.895098632945,31,32,63,5,0.4208495247124993,0.3109998964399722,10,0.6966155356771757,0.5203833472078596,13,0.7842655610738601,0.6329723431128068,-12.337560970261995,-17.711658764653066
A,SeasonalNaiveYoY,National/Local + LightGBM,True,validation,3,False,MAE baseline − MAE candidate; positive = candidate better,9225.74037961722,31371.53055102076,-22145.790171403543,26,37,63,5,0.43560647321824725,0.28045909045638917,10,0.6859434705082995,0.5003590432483644,13,0.8050807668881812,0.5935834504127322,-354.49960581604967,-423.68501351075975
A,SeasonalNaiveYoY,National/Local + LightGBM,True,validation,6,False,MAE baseline − MAE candidate; positive = candidate better,22046.623372906823,69181.75288865135,-47135.12951574453,23,40,63,5,0.5537018679214547,0.4261580520327839,10,0.756857472747455,0.6258246167569116,13,0.8500389121228432,0.7117696869115983,-684.7210181703829,-432.89569043667507
B,ProphetAuto,SeasonalNaiveYoY,True,holdout,1,False,MAE baseline − MAE candidate; positive = candidate better,59895.25837180494,180.19986361051633,59715.058508194415,62,1,63,5,0.21415521716143748,1.0,10,0.34115090009539917,1.0,13,0.41112408248601706,1.0,894.5992301888374,898.6050874813458
B,ProphetAuto,SeasonalNaiveYoY,True,holdout,3,False,MAE baseline − MAE candidate; positive = candidate better,52449.40379671284,1992.1466396230612,50457.25715708977,54,9,63,5,0.2576735274626144,0.9087459673919099,10,0.4002360115512228,1.0,13,0.47464239109000195,1.0,746.881623745868,732.9043548378097
B,ProphetAuto,SeasonalNaiveYoY,True,holdout,6,False,MAE baseline − MAE candidate; positive = candidate better,25228.31348699186,8862.778879843347,16365.534607148507,39,24,63,5,0.28290875984227554,0.5187577159459041,10,0.4960545947513827,0.7738913881598568,13,0.6035358605019167,0.8792702389247515,264.0244906756615,187.90587169261426
B,ProphetAuto,SeasonalNaiveYoY,True,holdout,12,True,MAE baseline − MAE candidate; positive = candidate better,40414.68429559959,120296.63057080655,-79881.94627520695,23,40,63,5,0.5128884523429849,0.3503125916719337,10,0.7809614176167454,0.5820130886537334,13,0.8641466683693807,0.6944952474346682,-1228.7978465277804,-713.0591363062449
B,ProphetAuto,SeasonalNaiveYoY,True,validation,1,False,MAE baseline − MAE candidate; positive = candidate better,25667.806621923777,2014.8218376880989,23652.98478423568,51,12,63,5,0.3595197213974173,0.7383015760190317,10,0.5236171929904424,0.9819852872592639,13,0.604083980279476,0.9999999999999999,355.3233152746709,279.46859199039545
B,ProphetAuto,SeasonalNaiveYoY,True,validation,3,False,MAE baseline − MAE candidate; positive = candidate better,7102.439761176171,72079.08167872773,-64976.641917551555,7,56,63,5,0.9559144485866629,0.1876785754441314,10,1.0,0.32129802851115596,13,1.0,0.393596964934507,-1054.862399162112,-1208.158646370881
B,ProphetAuto,SeasonalNaiveYoY,True,validation,6,False,MAE baseline − MAE candidate; positive = candidate better,6366.089193549087,182507.57913464977,-176141.4899411007,5,58,63,5,1.0,0.17611424620749697,10,1.0,0.3006002505403,13,1.0,0.3691552049516384,-2773.9188599244308,-3121.5685656979913
C,ProphetYearly,SeasonalNaiveYoY,True,holdout,1,False,MAE baseline − MAE candidate; positive = candidate better,48159.229613779564,177.6259083044447,47981.60370547512,61,2,63,5,0.15983420200188045,1.0,10,0.3044286864397651,1.0,13,0.3806859568969817,1.0,762.9038052956172,778.5628189280305
C,ProphetYearly,SeasonalNaiveYoY,True,holdout,3,False,MAE baseline − MAE candidate; positive = candidate better,31675.11203974587,4004.2494516055644,27670.862588140306,52,11,63,5,0.20524238994991187,0.7496109471649508,10,0.37172255231182416,0.9816513794985542,13,0.44536380927955654,1.0,448.2581787975476,514.5184061179849
C,ProphetYearly,SeasonalNaiveYoY,True,holdout,6,False,MAE baseline − MAE candidate; positive = candidate better,12541.940592830713,10548.970518088141,1992.9700747425734,38,25,63,5,0.2749890317914124,0.49562105567022163,10,0.49753781704550987,0.7814244372794111,13,0.6042751972404973,0.8841180424542567,41.52720703810001,119.04559252895274
C,ProphetYearly,SeasonalNaiveYoY,True,holdout,12,True,MAE baseline − MAE candidate; positive = candidate better,273185.95027106645,10232.592564568997,262953.3577064974,54,9,63,5,0.2559308461544356,0.8327949881751779,10,0.41787282406419374,1.0,13,0.4916525040410516,1.0,4103.495888521667,3654.5968107624503
C,ProphetYearly,SeasonalNaiveYoY,True,validation,1,False,MAE baseline − MAE candidate; positive = candidate better,87052.12612159741,0.0,87052.12612159741,63,0,63,5,0.14153806004644715,,10,0.2596868886693812,,13,0.3260113975822884,,1377.8364003247736,1297.621489478154
C,ProphetYearly,SeasonalNaiveYoY,True,validation,3,False,MAE baseline − MAE candidate; positive = candidate better,49429.93338146605,2759.7905147745196,46670.14286669153,55,8,63,5,0.21260385158245265,0.72147476367301,10,0.3592276714450453,1.0,13,0.43616989983805704,1.0,716.3288081771841,790.2308589819249
C,ProphetYearly,SeasonalNaiveYoY,True,validation,6,False,MAE baseline − MAE candidate; positive = candidate better,235008.47432485223,9132.871280777246,225875.60304407496,54,9,63,5,0.19951448170732056,0.78588123721952,10,0.3521605148912848,1.0,13,0.43377659516572076,1.0,3488.8920224421113,3461.990607277261
D,ProphetAuto,National/Local + LightGBM,True,holdout,1,False,MAE baseline − MAE candidate; positive = candidate better,67347.31126063287,0.0,67347.31126063287,63,0,63,5,0.1768962633551235,,10,0.30286334612644167,,13,0.37181907401198705,,1038.5184795416428,1008.2648381633759
D,ProphetAuto,National/Local + LightGBM,True,holdout,3,False,MAE baseline − MAE candidate; positive = candidate better,52200.85659099548,0.0,52200.85659099548,63,0,63,5,0.1543534445529705,,10,0.27220547032503334,,13,0.33904492048664325,,815.7157150568064,787.2096453855665
D,ProphetAuto,National/Local + LightGBM,True,holdout,6,False,MAE baseline − MAE candidate; positive = candidate better,28776.74640724816,11857.342489582514,16919.403917665637,43,20,63,5,0.3174889972917543,0.6609954512224799,10,0.5211397489103983,0.8571458463223784,13,0.6121799364258899,0.9439654875670115,316.5556191606448,256.24394240279116
D,ProphetAuto,National/Local + LightGBM,True,holdout,12,True,MAE baseline − MAE candidate; positive = candidate better,40414.68429559959,120296.63057080655,-79881.94627520695,23,40,63,5,0.5128884523429849,0.3503125916719337,10,0.7809614176167454,0.5820130886537334,13,0.8641466683693807,0.6944952474346682,-1228.7978465277804,-713.0591363062449
D,ProphetAuto,National/Local + LightGBM,True,validation,1,False,MAE baseline − MAE candidate; positive = candidate better,24989.950987774286,2322.8613021715582,22667.08968560273,50,13,63,5,0.30926667885545245,0.6270141709706315,10,0.4911543920042722,0.9329442322876697,13,0.5701619337925019,1.0,328.5642691530181,244.51217152652453
D,ProphetAuto,National/Local + LightGBM,True,validation,3,False,MAE baseline − MAE candidate; positive = candidate better,2940.290945221165,90062.72303417625,-87122.43208895507,3,60,63,5,1.0,0.2136559084022836,10,1.0,0.3489058211552483,13,1.0,0.420739288990468,-1388.5514891155312,-1309.794683137773
D,ProphetAuto,National/Local + LightGBM,True,validation,6,False,MAE baseline − MAE candidate; positive = candidate better,7280.017321181607,230556.63677802685,-223276.61945684525,3,60,63,5,1.0,0.2009069416360462,10,1.0,0.3443202086751682,13,1.0,0.4109893919734464,-3619.1160741532185,-3222.6143439980115
E,ProphetYearly,National/Local + LightGBM,True,holdout,1,False,MAE baseline − MAE candidate; positive = candidate better,55908.75529299183,294.89883507829165,55613.85645791354,61,2,63,5,0.16331980815074854,1.0,10,0.29666834692206545,1.0,13,0.3697667741167907,1.0,876.8241403946959,837.0732633973305
E,ProphetYearly,National/Local + LightGBM,True,holdout,3,False,MAE baseline − MAE candidate; positive = candidate better,36161.22407497844,6746.762052932421,29414.462022046024,49,14,63,5,0.252970583446643,0.9015268496925959,10,0.3969795016139113,0.9788408789977701,13,0.47398357794837387,0.9970579827301043,511.68582516544785,556.4341558816662
E,ProphetYearly,National/Local + LightGBM,True,holdout,6,False,MAE baseline − MAE candidate; positive = candidate better,22131.444969896816,19584.605584637113,2546.839385259702,34,29,63,5,0.3541759156079185,0.5949210572502398,10,0.5772054716895264,0.7877067480043668,13,0.6782559829179479,0.8687707049637072,105.55369692198876,90.26767355660377
E,ProphetYearly,National/Local + LightGBM,True,holdout,12,True,MAE baseline − MAE candidate; positive = candidate better,273185.95027106645,10232.592564568997,262953.3577064974,54,9,63,5,0.2559308461544356,0.8327949881751779,10,0.41787282406419374,1.0,13,0.4916525040410516,1.0,4103.495888521667,3654.5968107624503
E,ProphetYearly,National/Local + LightGBM,True,validation,1,False,MAE baseline − MAE candidate; positive = candidate better,86066.23102296446,0.0,86066.23102296446,63,0,63,5,0.1349972582944556,,10,0.2542361634788237,,13,0.3218686640992852,,1359.3786225608694,1322.2392732263957
E,ProphetYearly,National/Local + LightGBM,True,validation,3,False,MAE baseline − MAE candidate; positive = candidate better,39617.108409422435,15092.75571413444,24524.35269528799,43,20,63,5,0.2907330631822972,0.5134376143978695,10,0.4893421491082383,0.7623420977041839,13,0.5906479753162762,0.865746549094839,395.703045927137,336.0879248467245
E,ProphetYearly,National/Local + LightGBM,True,validation,6,False,MAE baseline − MAE candidate; positive = candidate better,198645.4808840522,19905.007355721755,178740.47352833042,52,11,63,5,0.23039464894426676,0.6618383487651699,10,0.41186201021405483,0.98767840346168,13,0.5098469130137431,1.0,2778.186075360364,2438.8479369535926
F,LightGBMDirect,National/Local + LightGBM,False,holdout,1,False,MAE baseline − MAE candidate; positive = candidate better,13520.875603669538,685.8604323455504,12835.015171323987,55,8,63,5,0.22154975368189664,0.9271158440200001,10,0.3917176569140782,1.0,13,0.4790471928802158,1.0,201.95161330366295,187.87802201248815
F,LightGBMDirect,National/Local + LightGBM,False,holdout,3,False,MAE baseline − MAE candidate; positive = candidate better,19285.172333897703,4348.230533643065,14936.941800254643,41,22,63,5,0.3242192276348053,0.5471807592353967,10,0.5460509527138389,0.7890818398204811,13,0.6601215712931325,0.8871220237775252,228.98059405650395,146.63275891630542
F,LightGBMDirect,National/Local + LightGBM,False,holdout,6,False,MAE baseline − MAE candidate; positive = candidate better,39166.80187001364,3509.2699122705426,35657.53195774309,50,13,63,5,0.2862414966233717,0.6943563077339174,10,0.49768562004572414,0.9638334059410638,13,0.6000656281772069,1.0,548.086790906562,381.3617024311643
F,LightGBMDirect,National/Local + LightGBM,False,holdout,12,True,MAE baseline − MAE candidate; positive = candidate better,0.0,0.0,0.0,0,0,63,5,,,10,,,13,,,0.0,0.0
F,LightGBMDirect,National/Local + LightGBM,False,validation,1,False,MAE baseline − MAE candidate; positive = candidate better,85853.43680458453,0.0,85853.43680458453,63,0,63,5,0.15069055543192098,,10,0.28162417117614885,,13,0.3513949335253602,,1360.2751524544728,1239.4851871805963
F,LightGBMDirect,National/Local + LightGBM,False,validation,3,False,MAE baseline − MAE candidate; positive = candidate better,12489.492944413538,8691.588078220862,3797.9048661926754,34,29,63,5,0.37696448030222024,0.4543815125095363,10,0.583327725924572,0.6926097557462805,13,0.6684564222647781,0.7776430081206932,67.69734524324036,79.00257786737711
F,LightGBMDirect,National/Local + LightGBM,False,validation,6,False,MAE baseline − MAE candidate; positive = candidate better,121466.97427789273,67744.93705873692,53722.03721915584,41,22,63,5,0.30038687795353053,0.560926685432042,10,0.4983466051922215,0.7943848991896071,13,0.5939415722181964,0.8825122704473108,809.2749313088951,1168.976319238267
