pair,baseline,candidate,primary_pair,split,horizon,descriptive_only,delta_convention,forecast_origin,mae_baseline,mae_candidate,n_cases,delta_mae,relative_delta_pct
A,SeasonalNaiveYoY,National/Local + LightGBM,True,holdout,1,False,MAE baseline − MAE candidate; positive = candidate better,2024-06-30,883.348165099423,952.4819841563946,63,-69.13381905697156,-7.826338672384108
A,SeasonalNaiveYoY,National/Local + LightGBM,True,holdout,1,False,MAE baseline − MAE candidate; positive = candidate better,2024-07-31,705.9251868180946,570.4647021356964,63,135.46048468239826,19.18907091174581
A,SeasonalNaiveYoY,National/Local + LightGBM,True,holdout,1,False,MAE baseline − MAE candidate; positive = candidate better,2024-08-31,982.0429171797681,785.8171313877508,63,196.2257857920173,19.98138598214615
A,SeasonalNaiveYoY,National/Local + LightGBM,True,holdout,1,False,MAE baseline − MAE candidate; positive = candidate better,2024-09-30,929.6506947859473,818.0841597718133,63,111.56653501413393,12.000909119938022
A,SeasonalNaiveYoY,National/Local + LightGBM,True,holdout,1,False,MAE baseline − MAE candidate; positive = candidate better,2024-10-31,941.9081856999366,705.29032029878,63,236.61786540115656,25.12111785346941
A,SeasonalNaiveYoY,National/Local + LightGBM,True,holdout,1,False,MAE baseline − MAE candidate; positive = candidate better,2024-11-30,1081.3064450101247,965.1620823249149,63,116.14436268520979,10.74111443811123
A,SeasonalNaiveYoY,National/Local + LightGBM,True,holdout,3,False,MAE baseline − MAE candidate; positive = candidate better,2024-04-30,1195.700881892556,1612.7956730598892,63,-417.09479116733314,-34.88287058107336
A,SeasonalNaiveYoY,National/Local + LightGBM,True,holdout,3,False,MAE baseline − MAE candidate; positive = candidate better,2024-05-31,1107.4397619504564,1024.004187885285,63,83.4355740651713,7.534095932967229
A,SeasonalNaiveYoY,National/Local + LightGBM,True,holdout,3,False,MAE baseline − MAE candidate; positive = candidate better,2024-06-30,1432.7967942156529,1023.7244490388445,63,409.0723451768084,28.550618400897832
A,SeasonalNaiveYoY,National/Local + LightGBM,True,holdout,3,False,MAE baseline − MAE candidate; positive = candidate better,2024-07-31,1160.4169915814643,1041.6663088210134,63,118.7506827604509,10.233449149913994
A,SeasonalNaiveYoY,National/Local + LightGBM,True,holdout,3,False,MAE baseline − MAE candidate; positive = candidate better,2024-08-31,1296.8047184566901,1352.4854430601363,63,-55.68072460344615,-4.293686151120042
A,SeasonalNaiveYoY,National/Local + LightGBM,True,holdout,3,False,MAE baseline − MAE candidate; positive = candidate better,2024-09-30,1249.2546968640877,1221.6806941523382,63,27.574002711749472,2.2072362650279773
A,SeasonalNaiveYoY,National/Local + LightGBM,True,holdout,6,False,MAE baseline − MAE candidate; positive = candidate better,2024-01-31,2083.3470371818858,2933.496583352325,63,-850.1495461704394,-40.806909794559466
A,SeasonalNaiveYoY,National/Local + LightGBM,True,holdout,6,False,MAE baseline − MAE candidate; positive = candidate better,2024-02-29,2018.09599274245,2684.0516583422987,63,-665.9556655998485,-32.999206578615805
A,SeasonalNaiveYoY,National/Local + LightGBM,True,holdout,6,False,MAE baseline − MAE candidate; positive = candidate better,2024-03-31,1872.4293712872807,1223.8855077068674,63,648.5438635804132,34.63649275777726
A,SeasonalNaiveYoY,National/Local + LightGBM,True,holdout,6,False,MAE baseline − MAE candidate; positive = candidate better,2024-04-30,1959.3525326615556,1372.7753953168428,63,586.5771373447128,29.93729446675505
A,SeasonalNaiveYoY,National/Local + LightGBM,True,holdout,6,False,MAE baseline − MAE candidate; positive = candidate better,2024-05-31,1619.1505966826103,1146.4700777978042,63,472.68051888480613,29.19311643112479
A,SeasonalNaiveYoY,National/Local + LightGBM,True,holdout,6,False,MAE baseline − MAE candidate; positive = candidate better,2024-06-30,1883.6901577910794,2022.6370076862352,63,-138.94684989515576,-7.376311296232105
A,SeasonalNaiveYoY,National/Local + LightGBM,True,holdout,12,True,MAE baseline − MAE candidate; positive = candidate better,2023-12-31,4322.142857142857,4322.142857142857,63,0.0,0.0
A,SeasonalNaiveYoY,National/Local + LightGBM,True,validation,1,False,MAE baseline − MAE candidate; positive = candidate better,2023-12-31,2247.15873015873,1991.6418241161525,63,255.5169060425776,11.370665659409335
A,SeasonalNaiveYoY,National/Local + LightGBM,True,validation,1,False,MAE baseline − MAE candidate; positive = candidate better,2024-01-31,1090.5842307089536,926.9009270059274,63,163.68330370302613,15.008772279480045
A,SeasonalNaiveYoY,National/Local + LightGBM,True,validation,1,False,MAE baseline − MAE candidate; positive = candidate better,2024-02-29,908.7593194639088,942.0979960088996,63,-33.33867654499079,-3.6685925339019128
A,SeasonalNaiveYoY,National/Local + LightGBM,True,validation,1,False,MAE baseline − MAE candidate; positive = candidate better,2024-03-31,1706.8607087674602,2105.7916160375134,63,-398.93090727005324,-23.372200509444315
A,SeasonalNaiveYoY,National/Local + LightGBM,True,validation,1,False,MAE baseline − MAE candidate; positive = candidate better,2024-04-30,1239.047358556476,1365.3125188226172,63,-126.26516026614127,-10.190503163111023
A,SeasonalNaiveYoY,National/Local + LightGBM,True,validation,1,False,MAE baseline − MAE candidate; positive = candidate better,2024-05-31,936.9716943784659,891.5319313412605,63,45.439763037205466,4.849640956053388
A,SeasonalNaiveYoY,National/Local + LightGBM,True,validation,3,False,MAE baseline − MAE candidate; positive = candidate better,2023-12-31,3806.3650793650795,3067.1242928055676,63,739.2407865595119,19.42117403732647
A,SeasonalNaiveYoY,National/Local + LightGBM,True,validation,3,False,MAE baseline − MAE candidate; positive = candidate better,2024-01-31,2554.7330162324024,3100.9341888775634,63,-546.201172645161,-21.379970790477053
A,SeasonalNaiveYoY,National/Local + LightGBM,True,validation,3,False,MAE baseline − MAE candidate; positive = candidate better,2024-02-29,1724.7549232926845,2660.529552270099,63,-935.7746289774145,-54.25551284648324
A,SeasonalNaiveYoY,National/Local + LightGBM,True,validation,3,False,MAE baseline − MAE candidate; positive = candidate better,2024-03-31,1787.0186793956736,2450.3655799772787,63,-663.346900581605,-37.12031151268843
A,SeasonalNaiveYoY,National/Local + LightGBM,True,validation,6,False,MAE baseline − MAE candidate; positive = candidate better,2023-12-31,4777.158730158731,5525.3353891388015,63,-748.1766589800709,-15.661540703195586
B,ProphetAuto,SeasonalNaiveYoY,True,holdout,1,False,MAE baseline − MAE candidate; positive = candidate better,2024-06-30,1160.6577566565086,883.348165099423,63,277.3095915570856,23.892451497151722
B,ProphetAuto,SeasonalNaiveYoY,True,holdout,1,False,MAE baseline − MAE candidate; positive = candidate better,2024-07-31,1036.43434827269,705.9251868180946,63,330.5091614545953,31.8890590615236
B,ProphetAuto,SeasonalNaiveYoY,True,holdout,1,False,MAE baseline − MAE candidate; positive = candidate better,2024-08-31,2399.0376270134034,982.0429171797681,63,1416.9947098336352,59.06513069566451
B,ProphetAuto,SeasonalNaiveYoY,True,holdout,1,False,MAE baseline − MAE candidate; positive = candidate better,2024-09-30,1055.3103637248655,929.6506947859473,63,125.65966893891823,11.907366141595052
B,ProphetAuto,SeasonalNaiveYoY,True,holdout,1,False,MAE baseline − MAE candidate; positive = candidate better,2024-10-31,1335.9021678836855,941.9081856999366,63,393.9939821837489,29.4927272112978
B,ProphetAuto,SeasonalNaiveYoY,True,holdout,1,False,MAE baseline − MAE candidate; positive = candidate better,2024-11-30,4223.987760393993,1081.3064450101247,63,3142.6813153838684,74.40081490886551
B,ProphetAuto,SeasonalNaiveYoY,True,holdout,3,False,MAE baseline − MAE candidate; positive = candidate better,2024-04-30,1514.0636638656604,1195.700881892556,63,318.36278197310435,21.027040643738214
B,ProphetAuto,SeasonalNaiveYoY,True,holdout,3,False,MAE baseline − MAE candidate; positive = candidate better,2024-05-31,1491.5029947809091,1107.4397619504564,63,384.06323283045276,25.750081238480437
B,ProphetAuto,SeasonalNaiveYoY,True,holdout,3,False,MAE baseline − MAE candidate; positive = candidate better,2024-06-30,2106.520968590315,1432.7967942156529,63,673.7241743746622,31.982789842605687
B,ProphetAuto,SeasonalNaiveYoY,True,holdout,3,False,MAE baseline − MAE candidate; positive = candidate better,2024-07-31,1337.383613486553,1160.4169915814643,63,176.9666219050887,13.23230074905266
B,ProphetAuto,SeasonalNaiveYoY,True,holdout,3,False,MAE baseline − MAE candidate; positive = candidate better,2024-08-31,1920.1910462426852,1296.8047184566901,63,623.386327785995,32.46480755161316
B,ProphetAuto,SeasonalNaiveYoY,True,holdout,3,False,MAE baseline − MAE candidate; positive = candidate better,2024-09-30,3878.204620574763,1249.2546968640877,63,2628.949923710675,67.78780855872056
B,ProphetAuto,SeasonalNaiveYoY,True,holdout,6,False,MAE baseline − MAE candidate; positive = candidate better,2024-01-31,2074.786871324753,2083.3470371818858,63,-8.560165857132688,-0.4125804908176913
B,ProphetAuto,SeasonalNaiveYoY,True,holdout,6,False,MAE baseline − MAE candidate; positive = candidate better,2024-02-29,2351.0336922092556,2018.09599274245,63,332.9376994668055,14.161332547894942
B,ProphetAuto,SeasonalNaiveYoY,True,holdout,6,False,MAE baseline − MAE candidate; positive = candidate better,2024-03-31,2019.277948562995,1872.4293712872807,63,146.84857727571443,7.272331051810782
B,ProphetAuto,SeasonalNaiveYoY,True,holdout,6,False,MAE baseline − MAE candidate; positive = candidate better,2024-04-30,1294.4976236524487,1959.3525326615556,63,-664.8549090091069,-51.360071804010474
B,ProphetAuto,SeasonalNaiveYoY,True,holdout,6,False,MAE baseline − MAE candidate; positive = candidate better,2024-05-31,1512.310893180299,1619.1505966826103,63,-106.8397035023113,-7.064665339917893
B,ProphetAuto,SeasonalNaiveYoY,True,holdout,6,False,MAE baseline − MAE candidate; positive = candidate better,2024-06-30,3742.7810029550637,1883.6901577910794,63,1859.0908451639843,49.67137654316839
B,ProphetAuto,SeasonalNaiveYoY,True,holdout,12,True,MAE baseline − MAE candidate; positive = candidate better,2023-12-31,3054.175455949096,4322.142857142857,63,-1267.967401193761,-41.51586637643696
B,ProphetAuto,SeasonalNaiveYoY,True,validation,1,False,MAE baseline − MAE candidate; positive = candidate better,2023-12-31,4149.785033577988,2247.15873015873,63,1902.6263034192575,45.84879187775164
B,ProphetAuto,SeasonalNaiveYoY,True,validation,1,False,MAE baseline − MAE candidate; positive = candidate better,2024-01-31,1283.6295327116882,1090.5842307089536,63,193.04530200273462,15.03901998849491
B,ProphetAuto,SeasonalNaiveYoY,True,validation,1,False,MAE baseline − MAE candidate; positive = candidate better,2024-02-29,1920.2837623862101,908.7593194639088,63,1011.5244429223013,52.67577962880583
B,ProphetAuto,SeasonalNaiveYoY,True,validation,1,False,MAE baseline − MAE candidate; positive = candidate better,2024-03-31,934.81944233092,1706.8607087674602,63,-772.0412664365402,-82.58720684194355
B,ProphetAuto,SeasonalNaiveYoY,True,validation,1,False,MAE baseline − MAE candidate; positive = candidate better,2024-04-30,938.7356574758668,1239.047358556476,63,-300.31170108060917,-31.99108275998663
B,ProphetAuto,SeasonalNaiveYoY,True,validation,1,False,MAE baseline − MAE candidate; positive = candidate better,2024-05-31,1154.793831097577,936.9716943784659,63,217.82213671911097,18.86242642221957
B,ProphetAuto,SeasonalNaiveYoY,True,validation,3,False,MAE baseline − MAE candidate; positive = candidate better,2023-12-31,1393.1696434223818,3806.3650793650795,63,-2413.1954359426977,-173.21619426149556
B,ProphetAuto,SeasonalNaiveYoY,True,validation,3,False,MAE baseline − MAE candidate; positive = candidate better,2024-01-31,1442.3148993599032,2554.7330162324024,63,-1112.4181168724992,-77.12727070670826
B,ProphetAuto,SeasonalNaiveYoY,True,validation,3,False,MAE baseline − MAE candidate; positive = candidate better,2024-02-29,1476.209358165466,1724.7549232926845,63,-248.54556512721842,-16.83674227862193
B,ProphetAuto,SeasonalNaiveYoY,True,validation,3,False,MAE baseline − MAE candidate; positive = candidate better,2024-03-31,1435.6767232078316,1787.0186793956736,63,-351.341956187842,-24.472219303160006
B,ProphetAuto,SeasonalNaiveYoY,True,validation,6,False,MAE baseline − MAE candidate; positive = candidate better,2023-12-31,1981.262064426973,4777.158730158731,63,-2795.896665731758,-141.11695347785283
C,ProphetYearly,SeasonalNaiveYoY,True,holdout,1,False,MAE baseline − MAE candidate; positive = candidate better,2024-06-30,962.5839964589918,883.348165099423,63,79.2358313595688,8.23157580544135
C,ProphetYearly,SeasonalNaiveYoY,True,holdout,1,False,MAE baseline − MAE candidate; positive = candidate better,2024-07-31,1071.3955498689916,705.9251868180946,63,365.47036305089694,34.11161854233817
C,ProphetYearly,SeasonalNaiveYoY,True,holdout,1,False,MAE baseline − MAE candidate; positive = candidate better,2024-08-31,911.7202550996202,982.0429171797681,63,-70.3226620801479,-7.713184135901862
C,ProphetYearly,SeasonalNaiveYoY,True,holdout,1,False,MAE baseline − MAE candidate; positive = candidate better,2024-09-30,937.4634054971433,929.6506947859473,63,7.812710711196019,0.8333883397883551
C,ProphetYearly,SeasonalNaiveYoY,True,holdout,1,False,MAE baseline − MAE candidate; positive = candidate better,2024-10-31,2393.3387219029223,941.9081856999366,63,1451.4305362029859,60.644593384131035
C,ProphetYearly,SeasonalNaiveYoY,True,holdout,1,False,MAE baseline − MAE candidate; positive = candidate better,2024-11-30,3817.3562091442086,1081.3064450101247,63,2736.049764134084,71.67394432775409
C,ProphetYearly,SeasonalNaiveYoY,True,holdout,3,False,MAE baseline − MAE candidate; positive = candidate better,2024-04-30,978.2519130715312,1195.700881892556,63,-217.44896882102478,-22.22832032480008
C,ProphetYearly,SeasonalNaiveYoY,True,holdout,3,False,MAE baseline − MAE candidate; positive = candidate better,2024-05-31,1244.7975566217838,1107.4397619504564,63,137.35779467132738,11.034548866250855
C,ProphetYearly,SeasonalNaiveYoY,True,holdout,3,False,MAE baseline − MAE candidate; positive = candidate better,2024-06-30,1186.1817579868662,1432.7967942156529,63,-246.61503622878672,-20.790661681337145
C,ProphetYearly,SeasonalNaiveYoY,True,holdout,3,False,MAE baseline − MAE candidate; positive = candidate better,2024-07-31,1220.9984578407482,1160.4169915814643,63,60.58146625928384,4.961633314952584
C,ProphetYearly,SeasonalNaiveYoY,True,holdout,3,False,MAE baseline − MAE candidate; positive = candidate better,2024-08-31,2310.7801958815144,1296.8047184566901,63,1013.9754774248242,43.88022189354162
C,ProphetYearly,SeasonalNaiveYoY,True,holdout,3,False,MAE baseline − MAE candidate; positive = candidate better,2024-09-30,3136.7242100480157,1249.2546968640877,63,1887.469513183928,60.173269525503976
C,ProphetYearly,SeasonalNaiveYoY,True,holdout,6,False,MAE baseline − MAE candidate; positive = candidate better,2024-01-31,1340.0231379744214,2083.3470371818858,63,-743.3238992074644,-55.470974951303646
C,ProphetYearly,SeasonalNaiveYoY,True,holdout,6,False,MAE baseline − MAE candidate; positive = candidate better,2024-02-29,1673.9538153546116,2018.09599274245,63,-344.1421773878385,-20.558642313254932
C,ProphetYearly,SeasonalNaiveYoY,True,holdout,6,False,MAE baseline − MAE candidate; positive = candidate better,2024-03-31,1588.1716330056602,1872.4293712872807,63,-284.2577382816205,-17.89842686861587
C,ProphetYearly,SeasonalNaiveYoY,True,holdout,6,False,MAE baseline − MAE candidate; positive = candidate better,2024-04-30,1617.507255037777,1959.3525326615556,63,-341.84527762377866,-21.134080020914332
C,ProphetYearly,SeasonalNaiveYoY,True,holdout,6,False,MAE baseline − MAE candidate; positive = candidate better,2024-05-31,2296.8563420611476,1619.1505966826103,63,677.7057453785374,29.505795942395743
C,ProphetYearly,SeasonalNaiveYoY,True,holdout,6,False,MAE baseline − MAE candidate; positive = candidate better,2024-06-30,3109.3601786982517,1883.6901577910794,63,1225.6700209071723,39.41872123094806
C,ProphetYearly,SeasonalNaiveYoY,True,holdout,12,True,MAE baseline − MAE candidate; positive = candidate better,2023-12-31,8496.005677880912,4322.142857142857,63,4173.862820738055,49.12735441790697
C,ProphetYearly,SeasonalNaiveYoY,True,validation,1,False,MAE baseline − MAE candidate; positive = candidate better,2023-12-31,10577.010780579025,2247.15873015873,63,8329.852050420295,78.75431181100005
C,ProphetYearly,SeasonalNaiveYoY,True,validation,1,False,MAE baseline − MAE candidate; positive = candidate better,2024-01-31,1237.4791810114493,1090.5842307089536,63,146.89495030249577,11.870498716789054
C,ProphetYearly,SeasonalNaiveYoY,True,validation,1,False,MAE baseline − MAE candidate; positive = candidate better,2024-02-29,1152.5747055654606,908.7593194639088,63,243.81538610155178,21.153976824602825
C,ProphetYearly,SeasonalNaiveYoY,True,validation,1,False,MAE baseline − MAE candidate; positive = candidate better,2024-03-31,807.3717791682122,1706.8607087674602,63,-899.488929599248,-111.40950833405876
C,ProphetYearly,SeasonalNaiveYoY,True,validation,1,False,MAE baseline − MAE candidate; positive = candidate better,2024-04-30,1592.3478772697417,1239.047358556476,63,353.3005187132658,22.187395339706732
C,ProphetYearly,SeasonalNaiveYoY,True,validation,1,False,MAE baseline − MAE candidate; positive = candidate better,2024-05-31,1053.2763966874793,936.9716943784659,63,116.30470230901335,11.042182533928221
C,ProphetYearly,SeasonalNaiveYoY,True,validation,3,False,MAE baseline − MAE candidate; positive = candidate better,2023-12-31,8420.642210552967,3806.3650793650795,63,4614.277131187888,54.79721161178367
C,ProphetYearly,SeasonalNaiveYoY,True,validation,3,False,MAE baseline − MAE candidate; positive = candidate better,2024-01-31,1009.3677796326223,2554.7330162324024,63,-1545.36523659978,-153.1022950982489
C,ProphetYearly,SeasonalNaiveYoY,True,validation,3,False,MAE baseline − MAE candidate; positive = candidate better,2024-02-29,1813.6445547206476,1724.7549232926845,63,88.8896314279632,4.901160549711721
C,ProphetYearly,SeasonalNaiveYoY,True,validation,3,False,MAE baseline − MAE candidate; positive = candidate better,2024-03-31,1592.4008274552555,1787.0186793956736,63,-194.61785194041818,-12.221662321755275
C,ProphetYearly,SeasonalNaiveYoY,True,validation,6,False,MAE baseline − MAE candidate; positive = candidate better,2023-12-31,8362.485762604365,4777.158730158731,63,3585.3270324456344,42.87393885294987
D,ProphetAuto,National/Local + LightGBM,True,holdout,1,False,MAE baseline − MAE candidate; positive = candidate better,2024-06-30,1160.6577566565086,952.4819841563946,63,208.17577250011402,17.936016996069817
D,ProphetAuto,National/Local + LightGBM,True,holdout,1,False,MAE baseline − MAE candidate; positive = candidate better,2024-07-31,1036.43434827269,570.4647021356964,63,465.96964613699356,44.958915816865144
D,ProphetAuto,National/Local + LightGBM,True,holdout,1,False,MAE baseline − MAE candidate; positive = candidate better,2024-08-31,2399.0376270134034,785.8171313877508,63,1613.2204956256526,67.24448493265085
D,ProphetAuto,National/Local + LightGBM,True,holdout,1,False,MAE baseline − MAE candidate; positive = candidate better,2024-09-30,1055.3103637248655,818.0841597718133,63,237.22620395305216,22.479283072301982
D,ProphetAuto,National/Local + LightGBM,True,holdout,1,False,MAE baseline − MAE candidate; positive = candidate better,2024-10-31,1335.9021678836855,705.29032029878,63,630.6118475849055,47.204942303814846
D,ProphetAuto,National/Local + LightGBM,True,holdout,1,False,MAE baseline − MAE candidate; positive = candidate better,2024-11-30,4223.987760393993,965.1620823249149,63,3258.825678069078,77.15045267472817
D,ProphetAuto,National/Local + LightGBM,True,holdout,3,False,MAE baseline − MAE candidate; positive = candidate better,2024-04-30,1514.0636638656604,1612.7956730598892,63,-98.7320091942288,-6.520994562550249
D,ProphetAuto,National/Local + LightGBM,True,holdout,3,False,MAE baseline − MAE candidate; positive = candidate better,2024-05-31,1491.5029947809091,1024.004187885285,63,467.49880689562406,31.344141348123557
D,ProphetAuto,National/Local + LightGBM,True,holdout,3,False,MAE baseline − MAE candidate; positive = candidate better,2024-06-30,2106.520968590315,1023.7244490388445,63,1082.7965195514707,51.40212396158006
D,ProphetAuto,National/Local + LightGBM,True,holdout,3,False,MAE baseline − MAE candidate; positive = candidate better,2024-07-31,1337.383613486553,1041.6663088210134,63,295.7173046655396,22.111629130448662
D,ProphetAuto,National/Local + LightGBM,True,holdout,3,False,MAE baseline − MAE candidate; positive = candidate better,2024-08-31,1920.1910462426852,1352.4854430601363,63,567.7056031825489,29.56505834632451
D,ProphetAuto,National/Local + LightGBM,True,holdout,3,False,MAE baseline − MAE candidate; positive = candidate better,2024-09-30,3878.204620574763,1221.6806941523382,63,2656.5239264224247,68.49880772997273
D,ProphetAuto,National/Local + LightGBM,True,holdout,6,False,MAE baseline − MAE candidate; positive = candidate better,2024-01-31,2074.786871324753,2933.496583352325,63,-858.7097120275721,-41.387851634095085
D,ProphetAuto,National/Local + LightGBM,True,holdout,6,False,MAE baseline − MAE candidate; positive = candidate better,2024-02-29,2351.0336922092556,2684.0516583422987,63,-333.01796613304305,-14.164746648956257
D,ProphetAuto,National/Local + LightGBM,True,holdout,6,False,MAE baseline − MAE candidate; positive = candidate better,2024-03-31,2019.277948562995,1223.8855077068674,63,795.3924408561277,39.38994339150601
D,ProphetAuto,National/Local + LightGBM,True,holdout,6,False,MAE baseline − MAE candidate; positive = candidate better,2024-04-30,1294.4976236524487,1372.7753953168428,63,-78.2777716643941,-6.046961402951975
D,ProphetAuto,National/Local + LightGBM,True,holdout,6,False,MAE baseline − MAE candidate; positive = candidate better,2024-05-31,1512.310893180299,1146.4700777978042,63,365.84081538249484,24.19084706935844
D,ProphetAuto,National/Local + LightGBM,True,holdout,6,False,MAE baseline − MAE candidate; positive = candidate better,2024-06-30,3742.7810029550637,2022.6370076862352,63,1720.1439952688286,45.95898060588401
D,ProphetAuto,National/Local + LightGBM,True,holdout,12,True,MAE baseline − MAE candidate; positive = candidate better,2023-12-31,3054.175455949096,4322.142857142857,63,-1267.967401193761,-41.51586637643696
D,ProphetAuto,National/Local + LightGBM,True,validation,1,False,MAE baseline − MAE candidate; positive = candidate better,2023-12-31,4149.785033577988,1991.6418241161525,63,2158.143209461835,52.006144703863406
D,ProphetAuto,National/Local + LightGBM,True,validation,1,False,MAE baseline − MAE candidate; positive = candidate better,2024-01-31,1283.6295327116882,926.9009270059274,63,356.72860570576074,27.790620004836267
D,ProphetAuto,National/Local + LightGBM,True,validation,1,False,MAE baseline − MAE candidate; positive = candidate better,2024-02-29,1920.2837623862101,942.0979960088996,63,978.1857663773105,50.939646813540904
D,ProphetAuto,National/Local + LightGBM,True,validation,1,False,MAE baseline − MAE candidate; positive = candidate better,2024-03-31,934.81944233092,2105.7916160375134,63,-1170.9721737065934,-125.26185492963644
D,ProphetAuto,National/Local + LightGBM,True,validation,1,False,MAE baseline − MAE candidate; positive = candidate better,2024-04-30,938.7356574758668,1365.3125188226172,63,-426.57686134675043,-45.44163822366756
D,ProphetAuto,National/Local + LightGBM,True,validation,1,False,MAE baseline − MAE candidate; positive = candidate better,2024-05-31,1154.793831097577,891.5319313412605,63,263.26189975631644,22.797307421195562
D,ProphetAuto,National/Local + LightGBM,True,validation,3,False,MAE baseline − MAE candidate; positive = candidate better,2023-12-31,1393.1696434223818,3067.1242928055676,63,-1673.9546493831858,-120.15440167581053
D,ProphetAuto,National/Local + LightGBM,True,validation,3,False,MAE baseline − MAE candidate; positive = candidate better,2024-01-31,1442.3148993599032,3100.9341888775634,63,-1658.6192895176603,-114.99702944577169
D,ProphetAuto,National/Local + LightGBM,True,validation,3,False,MAE baseline − MAE candidate; positive = candidate better,2024-02-29,1476.209358165466,2660.529552270099,63,-1184.320194104633,-80.22711599501216
D,ProphetAuto,National/Local + LightGBM,True,validation,3,False,MAE baseline − MAE candidate; positive = candidate better,2024-03-31,1435.6767232078316,2450.3655799772787,63,-1014.688856769447,-70.6766948552497
D,ProphetAuto,National/Local + LightGBM,True,validation,6,False,MAE baseline − MAE candidate; positive = candidate better,2023-12-31,1981.262064426973,5525.3353891388015,63,-3544.0733247118287,-178.8795832890919
E,ProphetYearly,National/Local + LightGBM,True,holdout,1,False,MAE baseline − MAE candidate; positive = candidate better,2024-06-30,962.5839964589918,952.4819841563946,63,10.102012302597245,1.0494681336651137
E,ProphetYearly,National/Local + LightGBM,True,holdout,1,False,MAE baseline − MAE candidate; positive = candidate better,2024-07-31,1071.3955498689916,570.4647021356964,63,500.9308477332952,46.75498678285048
E,ProphetYearly,National/Local + LightGBM,True,holdout,1,False,MAE baseline − MAE candidate; positive = candidate better,2024-08-31,911.7202550996202,785.8171313877508,63,125.9031237118694,13.8094029399525
E,ProphetYearly,National/Local + LightGBM,True,holdout,1,False,MAE baseline − MAE candidate; positive = candidate better,2024-09-30,937.4634054971433,818.0841597718133,63,119.37924572532995,12.734283282452216
E,ProphetYearly,National/Local + LightGBM,True,holdout,1,False,MAE baseline − MAE candidate; positive = candidate better,2024-10-31,2393.3387219029223,705.29032029878,63,1688.0484016041423,70.53111146181557
E,ProphetYearly,National/Local + LightGBM,True,holdout,1,False,MAE baseline − MAE candidate; positive = candidate better,2024-11-30,3817.3562091442086,965.1620823249149,63,2852.1941268192936,74.71647838331312
E,ProphetYearly,National/Local + LightGBM,True,holdout,3,False,MAE baseline − MAE candidate; positive = candidate better,2024-04-30,978.2519130715312,1612.7956730598892,63,-634.5437599883579,-64.86506711711988
E,ProphetYearly,National/Local + LightGBM,True,holdout,3,False,MAE baseline − MAE candidate; positive = candidate better,2024-05-31,1244.7975566217838,1024.004187885285,63,220.79336873649868,17.737291301864595
E,ProphetYearly,National/Local + LightGBM,True,holdout,3,False,MAE baseline − MAE candidate; positive = candidate better,2024-06-30,1186.1817579868662,1023.7244490388445,63,162.4573089480217,13.695819199220942
E,ProphetYearly,National/Local + LightGBM,True,holdout,3,False,MAE baseline − MAE candidate; positive = candidate better,2024-07-31,1220.9984578407482,1041.6663088210134,63,179.33214901973474,14.687336242575714
E,ProphetYearly,National/Local + LightGBM,True,holdout,3,False,MAE baseline − MAE candidate; positive = candidate better,2024-08-31,2310.7801958815144,1352.4854430601363,63,958.2947528213781,41.47061475294532
E,ProphetYearly,National/Local + LightGBM,True,holdout,3,False,MAE baseline − MAE candidate; positive = candidate better,2024-09-30,3136.7242100480157,1221.6806941523382,63,1915.0435158956775,61.052339563712
E,ProphetYearly,National/Local + LightGBM,True,holdout,6,False,MAE baseline − MAE candidate; positive = candidate better,2024-01-31,1340.0231379744214,2933.496583352325,63,-1593.4734453779038,-118.91387545640426
E,ProphetYearly,National/Local + LightGBM,True,holdout,6,False,MAE baseline − MAE candidate; positive = candidate better,2024-02-29,1673.9538153546116,2684.0516583422987,63,-1010.097842987687,-60.34203773858045
E,ProphetYearly,National/Local + LightGBM,True,holdout,6,False,MAE baseline − MAE candidate; positive = candidate better,2024-03-31,1588.1716330056602,1223.8855077068674,63,364.28612529879274,22.937453215265585
E,ProphetYearly,National/Local + LightGBM,True,holdout,6,False,MAE baseline − MAE candidate; positive = candidate better,2024-04-30,1617.507255037777,1372.7753953168428,63,244.73185972093415,15.130186214541487
E,ProphetYearly,National/Local + LightGBM,True,holdout,6,False,MAE baseline − MAE candidate; positive = candidate better,2024-05-31,2296.8563420611476,1146.4700777978042,63,1150.3862642633435,50.085251010126846
E,ProphetYearly,National/Local + LightGBM,True,holdout,6,False,MAE baseline − MAE candidate; positive = candidate better,2024-06-30,3109.3601786982517,2022.6370076862352,63,1086.7231710120166,34.95005752170462
E,ProphetYearly,National/Local + LightGBM,True,holdout,12,True,MAE baseline − MAE candidate; positive = candidate better,2023-12-31,8496.005677880912,4322.142857142857,63,4173.862820738055,49.12735441790697
E,ProphetYearly,National/Local + LightGBM,True,validation,1,False,MAE baseline − MAE candidate; positive = candidate better,2023-12-31,10577.010780579025,1991.6418241161525,63,8585.368956462873,81.17008798201186
E,ProphetYearly,National/Local + LightGBM,True,validation,1,False,MAE baseline − MAE candidate; positive = candidate better,2024-01-31,1237.4791810114493,926.9009270059274,63,310.5782540055219,25.097654875427626
E,ProphetYearly,National/Local + LightGBM,True,validation,1,False,MAE baseline − MAE candidate; positive = candidate better,2024-02-29,1152.5747055654606,942.0979960088996,63,210.476709556561,18.261437505111633
E,ProphetYearly,National/Local + LightGBM,True,validation,1,False,MAE baseline − MAE candidate; positive = candidate better,2024-03-31,807.3717791682122,2105.7916160375134,63,-1298.4198368693012,-160.82056251792537
E,ProphetYearly,National/Local + LightGBM,True,validation,1,False,MAE baseline − MAE candidate; positive = candidate better,2024-04-30,1592.3478772697417,1365.3125188226172,63,227.0353584471245,14.257899400500474
E,ProphetYearly,National/Local + LightGBM,True,validation,1,False,MAE baseline − MAE candidate; positive = candidate better,2024-05-31,1053.2763966874793,891.5319313412605,63,161.74446534621882,15.356317283374052
E,ProphetYearly,National/Local + LightGBM,True,validation,3,False,MAE baseline − MAE candidate; positive = candidate better,2023-12-31,8420.642210552967,3067.1242928055676,63,5353.5179177474,63.576123814383564
E,ProphetYearly,National/Local + LightGBM,True,validation,3,False,MAE baseline − MAE candidate; positive = candidate better,2024-01-31,1009.3677796326223,3100.9341888775634,63,-2091.566409244941,-207.21549186028156
E,ProphetYearly,National/Local + LightGBM,True,validation,3,False,MAE baseline − MAE candidate; positive = candidate better,2024-02-29,1813.6445547206476,2660.529552270099,63,-846.8849975494513,-46.69520250509591
E,ProphetYearly,National/Local + LightGBM,True,validation,3,False,MAE baseline − MAE candidate; positive = candidate better,2024-03-31,1592.4008274552555,2450.3655799772787,63,-857.9647525220232,-53.878692960308136
E,ProphetYearly,National/Local + LightGBM,True,validation,6,False,MAE baseline − MAE candidate; positive = candidate better,2023-12-31,8362.485762604365,5525.3353891388015,63,2837.1503734655635,33.92711753427221
F,LightGBMDirect,National/Local + LightGBM,False,holdout,1,False,MAE baseline − MAE candidate; positive = candidate better,2024-06-30,748.7410527139289,952.4819841563946,63,-203.7409314424657,-27.211134036790806
F,LightGBMDirect,National/Local + LightGBM,False,holdout,1,False,MAE baseline − MAE candidate; positive = candidate better,2024-07-31,537.5540748875593,570.4647021356964,63,-32.910627248137075,-6.122291465285799
F,LightGBMDirect,National/Local + LightGBM,False,holdout,1,False,MAE baseline − MAE candidate; positive = candidate better,2024-08-31,1888.8150501521084,785.8171313877508,63,1102.9979187643576,58.39629023897983
F,LightGBMDirect,National/Local + LightGBM,False,holdout,1,False,MAE baseline − MAE candidate; positive = candidate better,2024-09-30,787.2517575124477,818.0841597718133,63,-30.832402259365608,-3.9164602638410875
F,LightGBMDirect,National/Local + LightGBM,False,holdout,1,False,MAE baseline − MAE candidate; positive = candidate better,2024-10-31,1230.5719179310554,705.29032029878,63,525.2815976322754,42.685973081152746
F,LightGBMDirect,National/Local + LightGBM,False,holdout,1,False,MAE baseline − MAE candidate; positive = candidate better,2024-11-30,826.7489241472011,965.1620823249149,63,-138.41315817771374,-16.7418612997275
F,LightGBMDirect,National/Local + LightGBM,False,holdout,3,False,MAE baseline − MAE candidate; positive = candidate better,2024-04-30,1732.5651693840855,1612.7956730598892,63,119.76949632419633,6.912842208802658
F,LightGBMDirect,National/Local + LightGBM,False,holdout,3,False,MAE baseline − MAE candidate; positive = candidate better,2024-05-31,1310.4218808278197,1024.004187885285,63,286.4176929425346,21.856907087174005
F,LightGBMDirect,National/Local + LightGBM,False,holdout,3,False,MAE baseline − MAE candidate; positive = candidate better,2024-06-30,1563.0119831057978,1023.7244490388445,63,539.2875340669533,34.50309657865559
F,LightGBMDirect,National/Local + LightGBM,False,holdout,3,False,MAE baseline − MAE candidate; positive = candidate better,2024-07-31,1186.3590478784388,1041.6663088210134,63,144.69273905742534,12.196370004188767
F,LightGBMDirect,National/Local + LightGBM,False,holdout,3,False,MAE baseline − MAE candidate; positive = candidate better,2024-08-31,1668.934818061876,1352.4854430601363,63,316.4493750017398,18.96115843333118
F,LightGBMDirect,National/Local + LightGBM,False,holdout,3,False,MAE baseline − MAE candidate; positive = candidate better,2024-09-30,1237.629742498025,1221.6806941523382,63,15.949048345686833,1.2886768795241912
F,LightGBMDirect,National/Local + LightGBM,False,holdout,6,False,MAE baseline − MAE candidate; positive = candidate better,2024-01-31,3532.5615109980095,2933.496583352325,63,599.0649276456843,16.958372155179774
F,LightGBMDirect,National/Local + LightGBM,False,holdout,6,False,MAE baseline − MAE candidate; positive = candidate better,2024-02-29,5018.661227618031,2684.0516583422987,63,2334.6095692757326,46.5185726509735
F,LightGBMDirect,National/Local + LightGBM,False,holdout,6,False,MAE baseline − MAE candidate; positive = candidate better,2024-03-31,1276.91678256394,1223.8855077068674,63,53.0312748570725,4.153072117244025
F,LightGBMDirect,National/Local + LightGBM,False,holdout,6,False,MAE baseline − MAE candidate; positive = candidate better,2024-04-30,1441.2685312641163,1372.7753953168428,63,68.49313594727346,4.752281373076196
F,LightGBMDirect,National/Local + LightGBM,False,holdout,6,False,MAE baseline − MAE candidate; positive = candidate better,2024-05-31,1986.3460162848378,1146.4700777978042,63,839.8759384870336,42.282458927165955
F,LightGBMDirect,National/Local + LightGBM,False,holdout,6,False,MAE baseline − MAE candidate; positive = candidate better,2024-06-30,1523.5175860203994,2022.6370076862352,63,-499.1194216658357,-32.76098853375183
F,LightGBMDirect,National/Local + LightGBM,False,holdout,12,True,MAE baseline − MAE candidate; positive = candidate better,2023-12-31,4322.142857142857,4322.142857142857,63,0.0,0.0
F,LightGBMDirect,National/Local + LightGBM,False,validation,1,False,MAE baseline − MAE candidate; positive = candidate better,2023-12-31,7635.841382500963,1991.6418241161525,63,5644.19955838481,73.91719229945774
F,LightGBMDirect,National/Local + LightGBM,False,validation,1,False,MAE baseline − MAE candidate; positive = candidate better,2024-01-31,3932.2514907812665,926.9009270059274,63,3005.350563775339,76.42823890641418
F,LightGBMDirect,National/Local + LightGBM,False,validation,1,False,MAE baseline − MAE candidate; positive = candidate better,2024-02-29,1623.33236669791,942.0979960088996,63,681.2343706890103,41.96518129400318
F,LightGBMDirect,National/Local + LightGBM,False,validation,1,False,MAE baseline − MAE candidate; positive = candidate better,2024-03-31,1285.2530732023683,2105.7916160375134,63,-820.5385428351451,-63.84256610183945
F,LightGBMDirect,National/Local + LightGBM,False,validation,1,False,MAE baseline − MAE candidate; positive = candidate better,2024-04-30,1029.7736289792992,1365.3125188226172,63,-335.538889843318,-32.58375242876442
F,LightGBMDirect,National/Local + LightGBM,False,validation,1,False,MAE baseline − MAE candidate; positive = candidate better,2024-05-31,893.3426620833748,891.5319313412605,63,1.8107307421142878,0.20269162315515768
F,LightGBMDirect,National/Local + LightGBM,False,validation,3,False,MAE baseline − MAE candidate; positive = candidate better,2023-12-31,1617.8180131123436,3067.1242928055676,63,-1449.306279693224,-89.58401179531076
F,LightGBMDirect,National/Local + LightGBM,False,validation,3,False,MAE baseline − MAE candidate; positive = candidate better,2024-01-31,4856.88138295774,3100.9341888775634,63,1755.9471940801768,36.15380026042228
F,LightGBMDirect,National/Local + LightGBM,False,validation,3,False,MAE baseline − MAE candidate; positive = candidate better,2024-02-29,3687.210665875975,2660.529552270099,63,1026.681113605876,27.84438445862344
F,LightGBMDirect,National/Local + LightGBM,False,validation,3,False,MAE baseline − MAE candidate; positive = candidate better,2024-03-31,1358.1803688855728,2450.3655799772787,63,-1092.185211091706,-80.41532892924054
F,LightGBMDirect,National/Local + LightGBM,False,validation,6,False,MAE baseline − MAE candidate; positive = candidate better,2023-12-31,6378.066138649212,5525.3353891388015,63,852.7307495104105,13.369738271340776
