pair,baseline,candidate,primary_pair,split,horizon,descriptive_only,delta_convention,n_units,candidate_wins,candidate_losses,ties,candidate_win_rate,mean_delta_mae,median_delta_mae,q25,q75,min_delta_mae,max_delta_mae,best_unit,worst_unit
A,SeasonalNaiveYoY,National/Local + LightGBM,True,holdout,1,False,MAE baseline − MAE candidate; positive = candidate better,6,5,1,0,0.8333333333333334,121.14686908632405,125.80242368380402,112.7109919319029,181.03446051461253,-69.13381905697156,236.61786540115656,2024-10-31,2024-06-30
A,SeasonalNaiveYoY,National/Local + LightGBM,True,holdout,3,False,MAE baseline − MAE candidate; positive = candidate better,6,4,2,0,0.6666666666666666,27.6761814905668,55.50478838846038,-34.867042774647246,109.921905586631,-417.09479116733314,409.0723451768084,2024-06-30,2024-04-30
A,SeasonalNaiveYoY,National/Local + LightGBM,True,holdout,6,False,MAE baseline − MAE candidate; positive = candidate better,6,3,3,0,0.5,8.791576357414746,166.86683449482518,-534.2034616736753,558.1029827297361,-850.1495461704394,648.5438635804132,2024-03-31,2024-01-31
A,SeasonalNaiveYoY,National/Local + LightGBM,True,holdout,12,True,MAE baseline − MAE candidate; positive = candidate better,1,0,0,1,0.0,0.0,0.0,0.0,0.0,0.0,0.0,2023-12-31,2023-12-31
A,SeasonalNaiveYoY,National/Local + LightGBM,True,validation,1,False,MAE baseline − MAE candidate; positive = candidate better,6,3,3,0,0.5,-15.64912854972935,6.050543246107338,-103.03353933585365,134.12241853657096,-398.93090727005324,255.5169060425776,2023-12-31,2024-03-31
A,SeasonalNaiveYoY,National/Local + LightGBM,True,validation,3,False,MAE baseline − MAE candidate; positive = candidate better,4,1,3,0,0.25,-351.5204789111672,-604.774036613383,-731.4538326805574,-224.8406828439928,-935.7746289774145,739.2407865595119,2023-12-31,2024-02-29
A,SeasonalNaiveYoY,National/Local + LightGBM,True,validation,6,False,MAE baseline − MAE candidate; positive = candidate better,1,0,1,0,0.0,-748.1766589800709,-748.1766589800709,-748.1766589800709,-748.1766589800709,-748.1766589800709,-748.1766589800709,2023-12-31,2023-12-31
B,ProphetAuto,SeasonalNaiveYoY,True,holdout,1,False,MAE baseline − MAE candidate; positive = candidate better,6,6,0,0,1.0,947.8580715586419,362.2515718191721,290.609484031463,1161.2445279211636,125.65966893891823,3142.6813153838684,2024-11-30,2024-09-30
B,ProphetAuto,SeasonalNaiveYoY,True,holdout,3,False,MAE baseline − MAE candidate; positive = candidate better,6,6,0,0,1.0,800.9088437633296,503.7247803082239,334.78789468744145,661.1397127274954,176.9666219050887,2628.949923710675,2024-09-30,2024-07-31
B,ProphetAuto,SeasonalNaiveYoY,True,holdout,6,False,MAE baseline − MAE candidate; positive = candidate better,6,3,3,0,0.5,259.7703905896589,69.14420570929087,-82.26981909101664,286.41541891903273,-664.8549090091069,1859.0908451639843,2024-06-30,2024-04-30
B,ProphetAuto,SeasonalNaiveYoY,True,holdout,12,True,MAE baseline − MAE candidate; positive = candidate better,1,0,1,0,0.0,-1267.967401193761,-1267.967401193761,-1267.967401193761,-1267.967401193761,-1267.967401193761,-1267.967401193761,2023-12-31,2023-12-31
B,ProphetAuto,SeasonalNaiveYoY,True,validation,1,False,MAE baseline − MAE candidate; positive = candidate better,6,4,2,0,0.6666666666666666,375.4442029243758,205.4337193609228,-176.97245030977322,813.0988663715037,-772.0412664365402,1902.6263034192575,2023-12-31,2024-03-31
B,ProphetAuto,SeasonalNaiveYoY,True,validation,3,False,MAE baseline − MAE candidate; positive = candidate better,4,0,4,0,0.0,-1031.3752685325644,-731.8800365301706,-1437.6124466400488,-325.6428584226861,-2413.1954359426977,-248.54556512721842,2024-02-29,2023-12-31
B,ProphetAuto,SeasonalNaiveYoY,True,validation,6,False,MAE baseline − MAE candidate; positive = candidate better,1,0,1,0,0.0,-2795.896665731758,-2795.896665731758,-2795.896665731758,-2795.896665731758,-2795.896665731758,-2795.896665731758,2023-12-31,2023-12-31
C,ProphetYearly,SeasonalNaiveYoY,True,holdout,1,False,MAE baseline − MAE candidate; positive = candidate better,6,5,1,0,0.8333333333333334,761.612757229764,222.35309720523287,25.668490873289215,1179.9404929149637,-70.3226620801479,2736.049764134084,2024-11-30,2024-08-31
C,ProphetYearly,SeasonalNaiveYoY,True,holdout,3,False,MAE baseline − MAE candidate; positive = candidate better,6,4,2,0,0.6666666666666666,439.220041081592,98.96963046530561,-147.94136005094762,794.82105673645,-246.61503622878672,1887.469513183928,2024-09-30,2024-06-30
C,ProphetYearly,SeasonalNaiveYoY,True,holdout,6,False,MAE baseline − MAE candidate; positive = candidate better,6,2,4,0,0.3333333333333333,31.63444563083461,-313.0515079526996,-343.56795244682354,437.2148744634979,-743.3238992074644,1225.6700209071723,2024-06-30,2024-01-31
C,ProphetYearly,SeasonalNaiveYoY,True,holdout,12,True,MAE baseline − MAE candidate; positive = candidate better,1,1,0,0,1.0,4173.862820738055,4173.862820738055,4173.862820738055,4173.862820738055,4173.862820738055,4173.862820738055,2023-12-31,2023-12-31
C,ProphetYearly,SeasonalNaiveYoY,True,validation,1,False,MAE baseline − MAE candidate; positive = candidate better,6,5,1,0,0.8333333333333334,1381.7797797078958,195.35516820202378,123.95226430738396,325.92923556033725,-899.488929599248,8329.852050420295,2023-12-31,2024-03-31
C,ProphetYearly,SeasonalNaiveYoY,True,validation,3,False,MAE baseline − MAE candidate; positive = candidate better,4,2,2,0,0.5,740.7959185189131,-52.86411025622749,-532.3046981052587,1220.2365063679445,-1545.36523659978,4614.277131187888,2023-12-31,2024-01-31
C,ProphetYearly,SeasonalNaiveYoY,True,validation,6,False,MAE baseline − MAE candidate; positive = candidate better,1,1,0,0,1.0,3585.3270324456344,3585.3270324456344,3585.3270324456344,3585.3270324456344,3585.3270324456344,3585.3270324456344,2023-12-31,2023-12-31
D,ProphetAuto,National/Local + LightGBM,True,holdout,1,False,MAE baseline − MAE candidate; positive = candidate better,6,6,0,0,1.0,1069.004940644966,548.2907468609495,294.4120644990375,1367.5683336154657,208.17577250011402,3258.825678069078,2024-11-30,2024-06-30
D,ProphetAuto,National/Local + LightGBM,True,holdout,3,False,MAE baseline − MAE candidate; positive = candidate better,6,5,1,0,0.8333333333333334,828.5850252538966,517.6022050390865,338.6626802230607,954.0237904592402,-98.7320091942288,2656.5239264224247,2024-09-30,2024-04-30
D,ProphetAuto,National/Local + LightGBM,True,holdout,6,False,MAE baseline − MAE candidate; positive = candidate better,6,3,3,0,0.5,268.56196694707364,143.78152185905037,-269.3329175158808,688.0045344877194,-858.7097120275721,1720.1439952688286,2024-06-30,2024-01-31
D,ProphetAuto,National/Local + LightGBM,True,holdout,12,True,MAE baseline − MAE candidate; positive = candidate better,1,0,1,0,0.0,-1267.967401193761,-1267.967401193761,-1267.967401193761,-1267.967401193761,-1267.967401193761,-1267.967401193761,2023-12-31,2023-12-31
D,ProphetAuto,National/Local + LightGBM,True,validation,1,False,MAE baseline − MAE candidate; positive = candidate better,6,4,2,0,0.6666666666666666,359.7950743746465,309.9952527310386,-254.11717107098372,822.821476209423,-1170.9721737065934,2158.143209461835,2023-12-31,2024-03-31
D,ProphetAuto,National/Local + LightGBM,True,validation,3,False,MAE baseline − MAE candidate; positive = candidate better,4,0,4,0,0.0,-1382.8957474437314,-1421.4697418111466,-1662.4531294840417,-1141.9123597708365,-1673.9546493831858,-1014.688856769447,2024-03-31,2023-12-31
D,ProphetAuto,National/Local + LightGBM,True,validation,6,False,MAE baseline − MAE candidate; positive = candidate better,1,0,1,0,0.0,-3544.0733247118287,-3544.0733247118287,-3544.0733247118287,-3544.0733247118287,-3544.0733247118287,-3544.0733247118287,2023-12-31,2023-12-31
E,ProphetYearly,National/Local + LightGBM,True,holdout,1,False,MAE baseline − MAE candidate; positive = candidate better,6,6,0,0,1.0,882.759626316088,313.4169857225823,121.01021522196481,1391.2690131364307,10.102012302597245,2852.1941268192936,2024-11-30,2024-06-30
E,ProphetYearly,National/Local + LightGBM,True,holdout,3,False,MAE baseline − MAE candidate; positive = candidate better,6,5,1,0,0.8333333333333334,466.8962225721588,200.0627588781167,166.67601896594996,773.9194068001582,-634.5437599883579,1915.0435158956775,2024-09-30,2024-04-30
E,ProphetYearly,National/Local + LightGBM,True,holdout,6,False,MAE baseline − MAE candidate; positive = candidate better,6,4,2,0,0.6666666666666666,40.426021988249396,304.50899250986345,-696.3904173105318,906.1139095837107,-1593.4734453779038,1150.3862642633435,2024-05-31,2024-01-31
E,ProphetYearly,National/Local + LightGBM,True,holdout,12,True,MAE baseline − MAE candidate; positive = candidate better,1,1,0,0,1.0,4173.862820738055,4173.862820738055,4173.862820738055,4173.862820738055,4173.862820738055,4173.862820738055,2023-12-31,2023-12-31
E,ProphetYearly,National/Local + LightGBM,True,validation,1,False,MAE baseline − MAE candidate; positive = candidate better,6,5,1,0,0.8333333333333334,1366.1306511581663,218.75603400184275,173.92752639880436,289.6925301159225,-1298.4198368693012,8585.368956462873,2023-12-31,2024-03-31
E,ProphetYearly,National/Local + LightGBM,True,validation,3,False,MAE baseline − MAE candidate; positive = candidate better,4,1,3,0,0.25,389.27543960774614,-852.4248750357373,-1166.3651667027527,703.2157312747615,-2091.566409244941,5353.5179177474,2023-12-31,2024-01-31
E,ProphetYearly,National/Local + LightGBM,True,validation,6,False,MAE baseline − MAE candidate; positive = candidate better,1,1,0,0,1.0,2837.1503734655635,2837.1503734655635,2837.1503734655635,2837.1503734655635,2837.1503734655635,2837.1503734655635,2023-12-31,2023-12-31
F,LightGBMDirect,National/Local + LightGBM,False,holdout,1,False,MAE baseline − MAE candidate; positive = candidate better,6,2,4,0,0.3333333333333333,203.73039954482513,-31.87151475375134,-112.03752544531957,386.25309765936515,-203.7409314424657,1102.9979187643576,2024-08-31,2024-06-30
F,LightGBMDirect,National/Local + LightGBM,False,holdout,3,False,MAE baseline − MAE candidate; positive = candidate better,6,6,0,0,1.0,237.094314289756,215.55521599997996,126.00030700750358,308.9414544869385,15.949048345686833,539.2875340669533,2024-06-30,2024-09-30
F,LightGBMDirect,National/Local + LightGBM,False,holdout,6,False,MAE baseline − MAE candidate; positive = candidate better,6,5,1,0,0.8333333333333334,565.9925707578268,333.7790317964789,56.89674012962274,779.6731857766963,-499.1194216658357,2334.6095692757326,2024-02-29,2024-06-30
F,LightGBMDirect,National/Local + LightGBM,False,holdout,12,True,MAE baseline − MAE candidate; positive = candidate better,1,0,0,1,0.0,0.0,0.0,0.0,0.0,0.0,0.0,2023-12-31,2023-12-31
F,LightGBMDirect,National/Local + LightGBM,False,validation,1,False,MAE baseline − MAE candidate; positive = candidate better,6,4,2,0,0.6666666666666666,1362.7529651521352,341.5225507155623,-251.2014846969599,2424.321515503757,-820.5385428351451,5644.19955838481,2023-12-31,2024-03-31
F,LightGBMDirect,National/Local + LightGBM,False,validation,3,False,MAE baseline − MAE candidate; positive = candidate better,4,2,2,0,0.5,60.28420422528069,-32.75204874291501,-1181.4654782420855,1208.9976337244511,-1449.306279693224,1755.9471940801768,2024-01-31,2023-12-31
F,LightGBMDirect,National/Local + LightGBM,False,validation,6,False,MAE baseline − MAE candidate; positive = candidate better,1,1,0,0,1.0,852.7307495104105,852.7307495104105,852.7307495104105,852.7307495104105,852.7307495104105,852.7307495104105,2023-12-31,2023-12-31
