pair,baseline,candidate,primary_pair,split,horizon,descriptive_only,delta_convention,n_comparable_rows,n_municipalities,n_origins,mae_baseline,mae_candidate,delta_mae,relative_delta_pct,interpretation,baseline_fallback_count,candidate_fallback_count
A,SeasonalNaiveYoY,National/Local + LightGBM,True,holdout,1,False,MAE baseline − MAE candidate; positive = candidate better,378,63,6,920.6969324322156,799.5500633458918,121.14686908632412,13.158170166407425,A,0,0
A,SeasonalNaiveYoY,National/Local + LightGBM,True,holdout,3,False,MAE baseline − MAE candidate; positive = candidate better,378,63,6,1240.4023074934842,1212.7261260029177,27.676181490566908,2.231226217765827,B,0,0
A,SeasonalNaiveYoY,National/Local + LightGBM,True,holdout,6,False,MAE baseline − MAE candidate; positive = candidate better,378,63,6,1906.0109480578103,1897.2193717003956,8.791576357414757,0.46125529165366075,B,0,0
A,SeasonalNaiveYoY,National/Local + LightGBM,True,holdout,12,True,MAE baseline − MAE candidate; positive = candidate better,63,63,1,4322.142857142857,4322.142857142857,0.0,0.0,DESCRIPTIVE_ONLY,0,63
A,SeasonalNaiveYoY,National/Local + LightGBM,True,validation,1,False,MAE baseline − MAE candidate; positive = candidate better,378,63,6,1354.8970070056657,1370.546135555395,-15.649128549729285,-1.1550050276008799,D,0,0
A,SeasonalNaiveYoY,National/Local + LightGBM,True,validation,3,False,MAE baseline − MAE candidate; positive = candidate better,252,63,4,2468.2179245714597,2819.738403482627,-351.52047891116734,-14.241873677835782,D,0,0
A,SeasonalNaiveYoY,National/Local + LightGBM,True,validation,6,False,MAE baseline − MAE candidate; positive = candidate better,63,63,1,4777.158730158731,5525.335389138803,-748.1766589800719,-15.661540703195607,D,0,0
B,ProphetAuto,SeasonalNaiveYoY,True,holdout,1,False,MAE baseline − MAE candidate; positive = candidate better,378,63,6,1868.5550039908576,920.6969324322156,947.8580715586415,50.72679527946501,A,0,0
B,ProphetAuto,SeasonalNaiveYoY,True,holdout,3,False,MAE baseline − MAE candidate; positive = candidate better,378,63,6,2041.3111512568144,1240.4023074934842,800.9088437633297,39.235020259905916,A,0,0
B,ProphetAuto,SeasonalNaiveYoY,True,holdout,6,False,MAE baseline − MAE candidate; positive = candidate better,378,63,6,2165.781338647469,1906.0109480578103,259.77039058965886,11.994303670188863,B,0,0
B,ProphetAuto,SeasonalNaiveYoY,True,holdout,12,True,MAE baseline − MAE candidate; positive = candidate better,63,63,1,3054.1754559490955,4322.142857142857,-1267.9674011937611,-41.515866376436975,DESCRIPTIVE_ONLY,0,0
B,ProphetAuto,SeasonalNaiveYoY,True,validation,1,False,MAE baseline − MAE candidate; positive = candidate better,378,63,6,1730.3412099300417,1354.8970070056657,375.4442029243759,21.697697585296208,B,0,0
B,ProphetAuto,SeasonalNaiveYoY,True,validation,3,False,MAE baseline − MAE candidate; positive = candidate better,252,63,4,1436.8426560388955,2468.2179245714597,-1031.3752685325644,-71.7806688295204,D,0,0
B,ProphetAuto,SeasonalNaiveYoY,True,validation,6,False,MAE baseline − MAE candidate; positive = candidate better,63,63,1,1981.2620644269725,4777.158730158731,-2795.8966657317574,-141.11695347785283,D,0,0
C,ProphetYearly,SeasonalNaiveYoY,True,holdout,1,False,MAE baseline − MAE candidate; positive = candidate better,378,63,6,1682.3096896619793,920.6969324322156,761.6127572297638,45.27185225823624,A,0,0
C,ProphetYearly,SeasonalNaiveYoY,True,holdout,3,False,MAE baseline − MAE candidate; positive = candidate better,378,63,6,1679.6223485750766,1240.4023074934842,439.22004108159217,26.149928372542117,B,0,0
C,ProphetYearly,SeasonalNaiveYoY,True,holdout,6,False,MAE baseline − MAE candidate; positive = candidate better,378,63,6,1937.6453936886448,1906.0109480578103,31.6344456308345,1.6326230658032237,B,0,0
C,ProphetYearly,SeasonalNaiveYoY,True,holdout,12,True,MAE baseline − MAE candidate; positive = candidate better,63,63,1,8496.005677880912,4322.142857142857,4173.862820738054,49.127354417906965,DESCRIPTIVE_ONLY,0,0
C,ProphetYearly,SeasonalNaiveYoY,True,validation,1,False,MAE baseline − MAE candidate; positive = candidate better,378,63,6,2736.6767867135613,1354.8970070056657,1381.7797797078954,50.491157246495895,B,0,0
C,ProphetYearly,SeasonalNaiveYoY,True,validation,3,False,MAE baseline − MAE candidate; positive = candidate better,252,63,4,3209.0138430903735,2468.2179245714597,740.7959185189131,23.084846458795738,B,0,0
C,ProphetYearly,SeasonalNaiveYoY,True,validation,6,False,MAE baseline − MAE candidate; positive = candidate better,63,63,1,8362.485762604363,4777.158730158731,3585.3270324456344,42.873938852949884,B,0,0
D,ProphetAuto,National/Local + LightGBM,True,holdout,1,False,MAE baseline − MAE candidate; positive = candidate better,378,63,6,1868.5550039908576,799.5500633458918,1069.0049406449662,57.21024740303532,A,0,0
D,ProphetAuto,National/Local + LightGBM,True,holdout,3,False,MAE baseline − MAE candidate; positive = candidate better,378,63,6,2041.3111512568144,1212.7261260029177,828.5850252538964,40.59082441908698,A,0,0
D,ProphetAuto,National/Local + LightGBM,True,holdout,6,False,MAE baseline − MAE candidate; positive = candidate better,378,63,6,2165.781338647469,1897.2193717003956,268.5619669470736,12.400234601466767,B,0,0
D,ProphetAuto,National/Local + LightGBM,True,holdout,12,True,MAE baseline − MAE candidate; positive = candidate better,63,63,1,3054.1754559490955,4322.142857142857,-1267.9674011937611,-41.515866376436975,DESCRIPTIVE_ONLY,0,63
D,ProphetAuto,National/Local + LightGBM,True,validation,1,False,MAE baseline − MAE candidate; positive = candidate better,378,63,6,1730.3412099300417,1370.546135555395,359.7950743746465,20.79330205567913,B,0,0
D,ProphetAuto,National/Local + LightGBM,True,validation,3,False,MAE baseline − MAE candidate; positive = candidate better,252,63,4,1436.8426560388955,2819.738403482627,-1382.8957474437314,-96.24545468716208,D,0,0
D,ProphetAuto,National/Local + LightGBM,True,validation,6,False,MAE baseline − MAE candidate; positive = candidate better,63,63,1,1981.2620644269725,5525.335389138803,-3544.073324711829,-178.87958328909195,D,0,0
E,ProphetYearly,National/Local + LightGBM,True,holdout,1,False,MAE baseline − MAE candidate; positive = candidate better,378,63,6,1682.3096896619793,799.5500633458918,882.759626316088,52.47307506702038,A,0,0
E,ProphetYearly,National/Local + LightGBM,True,holdout,3,False,MAE baseline − MAE candidate; positive = candidate better,378,63,6,1679.6223485750766,1212.7261260029177,466.8962225721591,27.797690532532798,B,0,0
E,ProphetYearly,National/Local + LightGBM,True,holdout,6,False,MAE baseline − MAE candidate; positive = candidate better,378,63,6,1937.6453936886448,1897.2193717003956,40.42602198824924,2.086347797173108,B,0,0
E,ProphetYearly,National/Local + LightGBM,True,holdout,12,True,MAE baseline − MAE candidate; positive = candidate better,63,63,1,8496.005677880912,4322.142857142857,4173.862820738054,49.127354417906965,DESCRIPTIVE_ONLY,0,63
E,ProphetYearly,National/Local + LightGBM,True,validation,1,False,MAE baseline − MAE candidate; positive = candidate better,378,63,6,2736.6767867135613,1370.546135555395,1366.130651158166,49.91932762358591,B,0,0
E,ProphetYearly,National/Local + LightGBM,True,validation,3,False,MAE baseline − MAE candidate; positive = candidate better,252,63,4,3209.0138430903735,2819.738403482627,389.2754396077459,12.130687452344,B,0,0
E,ProphetYearly,National/Local + LightGBM,True,validation,6,False,MAE baseline − MAE candidate; positive = candidate better,63,63,1,8362.485762604363,5525.335389138803,2837.150373465562,33.92711753427221,B,0,0
F,LightGBMDirect,National/Local + LightGBM,False,holdout,1,False,MAE baseline − MAE candidate; positive = candidate better,378,63,6,1003.280462890717,799.5500633458918,203.7303995448252,20.306425479254713,B,0,0
F,LightGBMDirect,National/Local + LightGBM,False,holdout,3,False,MAE baseline − MAE candidate; positive = candidate better,378,63,6,1449.820440292674,1212.7261260029177,237.09431428975623,16.35335712620345,A,0,0
F,LightGBMDirect,National/Local + LightGBM,False,holdout,6,False,MAE baseline − MAE candidate; positive = candidate better,378,63,6,2463.211942458223,1897.2193717003956,565.9925707578269,22.9778266742642,B,0,0
F,LightGBMDirect,National/Local + LightGBM,False,holdout,12,True,MAE baseline − MAE candidate; positive = candidate better,63,63,1,4322.142857142857,4322.142857142857,0.0,0.0,DESCRIPTIVE_ONLY,63,63
F,LightGBMDirect,National/Local + LightGBM,False,validation,1,False,MAE baseline − MAE candidate; positive = candidate better,378,63,6,2733.2991007075298,1370.546135555395,1362.7529651521354,49.857440219381004,B,0,0
F,LightGBMDirect,National/Local + LightGBM,False,validation,3,False,MAE baseline − MAE candidate; positive = candidate better,252,63,4,2880.022607707908,2819.738403482627,60.28420422528056,2.0931851043092435,B,0,0
F,LightGBMDirect,National/Local + LightGBM,False,validation,6,False,MAE baseline − MAE candidate; positive = candidate better,63,63,1,6378.066138649212,5525.335389138803,852.7307495104102,13.369738271340772,B,0,0
