series_id,cohort,series_seed,cohort_seed
train_000000,train,42110100000,421101
train_000001,train,42110100001,421101
train_000002,train,42110100002,421101
train_000003,train,42110100003,421101
train_000004,train,42110100004,421101
train_000005,train,42110100005,421101
train_000006,train,42110100006,421101
train_000007,train,42110100007,421101
train_000008,train,42110100008,421101
train_000009,train,42110100009,421101
train_000010,train,42110100010,421101
train_000011,train,42110100011,421101
train_000012,train,42110100012,421101
train_000013,train,42110100013,421101
train_000014,train,42110100014,421101
train_000015,train,42110100015,421101
train_000016,train,42110100016,421101
train_000017,train,42110100017,421101
train_000018,train,42110100018,421101
train_000019,train,42110100019,421101
train_000020,train,42110100020,421101
train_000021,train,42110100021,421101
train_000022,train,42110100022,421101
train_000023,train,42110100023,421101
train_000024,train,42110100024,421101
train_000025,train,42110100025,421101
train_000026,train,42110100026,421101
train_000027,train,42110100027,421101
train_000028,train,42110100028,421101
train_000029,train,42110100029,421101
train_000030,train,42110100030,421101
train_000031,train,42110100031,421101
train_000032,train,42110100032,421101
train_000033,train,42110100033,421101
train_000034,train,42110100034,421101
train_000035,train,42110100035,421101
train_000036,train,42110100036,421101
train_000037,train,42110100037,421101
train_000038,train,42110100038,421101
train_000039,train,42110100039,421101
validation_000000,validation,42120100000,421201
validation_000001,validation,42120100001,421201
validation_000002,validation,42120100002,421201
validation_000003,validation,42120100003,421201
validation_000004,validation,42120100004,421201
validation_000005,validation,42120100005,421201
validation_000006,validation,42120100006,421201
validation_000007,validation,42120100007,421201
validation_000008,validation,42120100008,421201
validation_000009,validation,42120100009,421201
validation_000010,validation,42120100010,421201
validation_000011,validation,42120100011,421201
validation_000012,validation,42120100012,421201
validation_000013,validation,42120100013,421201
validation_000014,validation,42120100014,421201
validation_000015,validation,42120100015,421201
test_000000,test,42130100000,421301
test_000001,test,42130100001,421301
test_000002,test,42130100002,421301
test_000003,test,42130100003,421301
test_000004,test,42130100004,421301
test_000005,test,42130100005,421301
test_000006,test,42130100006,421301
test_000007,test,42130100007,421301
test_000008,test,42130100008,421301
test_000009,test,42130100009,421301
test_000010,test,42130100010,421301
test_000011,test,42130100011,421301
test_000012,test,42130100012,421301
test_000013,test,42130100013,421301
test_000014,test,42130100014,421301
test_000015,test,42130100015,421301
test_000016,test,42130100016,421301
test_000017,test,42130100017,421301
test_000018,test,42130100018,421301
test_000019,test,42130100019,421301
