series_id,cohort,has_event,is_anticipated,false_precursor,precursor_class,noise_class,series_seed,cohort_seed,base_level,trend_monthly_fraction,seasonality_amplitude_fraction,seasonal_phase,noise_fraction,shift_magnitude_fraction,shift_direction,precursor_strength,precursor_lead_months,precursor_start_index,precursor_end_index,endogenous_channel,external_channel,origin
train_000000,train,False,False,True,strong,low,42110100000,421101,1239.3983987132367,0.001763198634901595,0.14184446829630615,6.044779566756715,0.036077939444557915,0.0,0,0.9025457319186397,2,15.0,16.0,True,False,controlled_synthetic_generator_not_real_economic_data
train_000001,train,False,False,False,none,low,42110100001,421101,1457.8237886684128,-0.00021596011495889403,0.19021426750455195,5.516342011504012,0.04049373827771456,0.0,0,0.0,0,,,False,False,controlled_synthetic_generator_not_real_economic_data
train_000002,train,False,False,False,none,low,42110100002,421101,1162.87743896568,-0.00019932647587523038,0.12439657358812117,6.246945622090663,0.023315441550645008,0.0,0,0.0,0,,,False,False,controlled_synthetic_generator_not_real_economic_data
train_000003,train,False,False,True,strong,low,42110100003,421101,1546.9823390531776,0.00045290978604883413,0.11325418978326901,4.180166287404284,0.03523648382462072,0.0,0,0.9042595659413821,2,14.0,15.0,False,True,controlled_synthetic_generator_not_real_economic_data
train_000004,train,True,False,False,none,low,42110100004,421101,1250.2522676760746,-0.00160536412704247,0.11570337083684086,3.951902071379676,0.04172958379184509,0.43696493458731955,1,0.0,0,,,False,False,controlled_synthetic_generator_not_real_economic_data
train_000005,train,True,True,False,strong,low,42110100005,421101,1357.646357727709,-0.0009975999391904444,0.1509801629192685,5.717214946807008,0.04984636493799071,0.26237420377152787,-1,1.483692257553754,3,17.0,19.0,True,True,controlled_synthetic_generator_not_real_economic_data
train_000006,train,True,True,False,strong,low,42110100006,421101,1038.196963806435,-0.001041756908360159,0.1135074972932757,5.069544931379711,0.03484526879382608,0.2609961996257951,1,1.4690648227482188,3,16.0,18.0,False,True,controlled_synthetic_generator_not_real_economic_data
train_000007,train,True,False,False,none,low,42110100007,421101,1049.7975177296369,-0.0001273018329141127,0.19970388644777826,1.8722827364975931,0.032012247446104695,0.2967154285075887,-1,0.0,0,,,False,False,controlled_synthetic_generator_not_real_economic_data
train_000008,train,False,False,False,none,high,42110100008,421101,1022.5271018460849,-0.0006261263781348807,0.12041141114488756,0.7987509413703512,0.1012165755668949,0.0,0,0.0,0,,,False,False,controlled_synthetic_generator_not_real_economic_data
train_000009,train,True,True,False,strong,low,42110100009,421101,879.4814488625299,0.00048027651665475757,0.175555595908541,0.4387985563106809,0.03582777657103013,0.450544961736553,-1,1.0330827268084266,2,18.0,19.0,True,True,controlled_synthetic_generator_not_real_economic_data
train_000010,train,False,False,False,none,low,42110100010,421101,1168.2435263521083,-0.0019745833571554704,0.1308725919382065,5.703851278017656,0.04572229194435975,0.0,0,0.0,0,,,False,False,controlled_synthetic_generator_not_real_economic_data
train_000011,train,True,False,False,none,low,42110100011,421101,1495.5204465001543,0.0013003533330050946,0.15391757577915544,1.4263712663385544,0.022205136529246834,0.38823962615575214,1,0.0,0,,,False,False,controlled_synthetic_generator_not_real_economic_data
train_000012,train,False,False,True,weak,low,42110100012,421101,1083.5351540654538,-0.0018363694317030225,0.12120524526378787,5.3545164414637965,0.04989683306436637,0.0,0,0.6713193379383632,3,17.0,19.0,True,True,controlled_synthetic_generator_not_real_economic_data
train_000013,train,True,False,False,none,high,42110100013,421101,1437.6070294327362,0.0014030583806353548,0.0805058133073027,3.031899982008105,0.09608827123420426,0.29286578532917196,1,0.0,0,,,False,False,controlled_synthetic_generator_not_real_economic_data
train_000014,train,True,True,False,strong,high,42110100014,421101,872.5758042287438,0.0015199638575736415,0.10574206533122316,3.8459506442868054,0.09706875504681402,0.3194155931938092,-1,1.6912939009202406,2,17.0,18.0,True,True,controlled_synthetic_generator_not_real_economic_data
train_000015,train,False,False,False,none,low,42110100015,421101,1032.6076630063594,-0.001496879211300347,0.18772429756467165,1.9388987171685121,0.046064682965662025,0.0,0,0.0,0,,,False,False,controlled_synthetic_generator_not_real_economic_data
train_000016,train,True,True,False,weak,low,42110100016,421101,1248.5527961244397,0.002427899658979586,0.10646801108457284,5.8896947228114405,0.03115918709693325,0.35557205075867593,-1,0.7991002072558409,1,18.0,18.0,True,True,controlled_synthetic_generator_not_real_economic_data
train_000017,train,True,True,False,strong,low,42110100017,421101,1469.1544563851935,-0.0013787990700679013,0.16852385313999618,4.899792405136315,0.027333751628391016,0.34538595454068965,-1,0.9857338192571902,1,18.0,18.0,False,True,controlled_synthetic_generator_not_real_economic_data
train_000018,train,True,True,False,weak,low,42110100018,421101,1068.9612465969396,-0.00015096486789679823,0.10196404726668445,3.8567232636942146,0.03071506866890118,0.4494221777828775,-1,0.47459084634492416,2,16.0,17.0,True,True,controlled_synthetic_generator_not_real_economic_data
train_000019,train,True,False,False,none,high,42110100019,421101,839.792450632509,-0.00027148299589173624,0.12149975952119577,1.2586264801765397,0.10290907351340968,0.34621329945344065,1,0.0,0,,,False,False,controlled_synthetic_generator_not_real_economic_data
train_000020,train,False,False,True,weak,low,42110100020,421101,1150.7591567858756,0.0023622448915004224,0.17490309856296155,3.3698888846152535,0.0318372365959383,0.0,0,0.606804836279798,3,16.0,18.0,True,True,controlled_synthetic_generator_not_real_economic_data
train_000021,train,False,False,False,none,low,42110100021,421101,1099.5231021366521,-0.0017686918653933847,0.1816991716458689,3.8833444315238697,0.032389236981230904,0.0,0,0.0,0,,,False,False,controlled_synthetic_generator_not_real_economic_data
train_000022,train,True,True,False,weak,low,42110100022,421101,1254.7453886879111,0.0009254973609302383,0.18814087107259272,2.6631525071894675,0.023833943535267296,0.4195749366311685,-1,0.5363329913340598,3,16.0,18.0,True,True,controlled_synthetic_generator_not_real_economic_data
train_000023,train,True,True,False,strong,low,42110100023,421101,1256.8858273320166,-0.001360162042325466,0.19060989580232052,3.9299848431438273,0.03278493705155838,0.3282641751745476,-1,1.6550687881063695,2,14.0,15.0,True,True,controlled_synthetic_generator_not_real_economic_data
train_000024,train,False,False,True,weak,low,42110100024,421101,1264.5576341210658,8.575034797070336e-05,0.1867775836747647,5.219219419904199,0.028928988797307497,0.0,0,0.3565334846874721,3,16.0,18.0,True,True,controlled_synthetic_generator_not_real_economic_data
train_000025,train,True,True,False,weak,low,42110100025,421101,1517.1676877409373,0.002731907578457189,0.13479676899254245,3.51533709909474,0.041996607490844884,0.4432614883331327,1,0.7481400584788441,3,16.0,18.0,True,True,controlled_synthetic_generator_not_real_economic_data
train_000026,train,False,False,False,none,low,42110100026,421101,963.4493092299626,-4.695330356114299e-05,0.19188447898111133,0.20023872161585848,0.02889075682432942,0.0,0,0.0,0,,,False,False,controlled_synthetic_generator_not_real_economic_data
train_000027,train,True,True,False,weak,high,42110100027,421101,1271.174612808025,0.0016324433347802616,0.15962794773519476,0.63239249423722,0.10594918113610588,0.35386432935524137,1,0.7382229917670153,1,16.0,16.0,True,True,controlled_synthetic_generator_not_real_economic_data
train_000028,train,True,True,False,weak,low,42110100028,421101,911.1081505517375,0.002156800362588052,0.10524480028203502,4.707106910524839,0.03469988013326461,0.4764807967871397,1,0.3613801240332304,3,17.0,19.0,True,True,controlled_synthetic_generator_not_real_economic_data
train_000029,train,True,True,False,weak,high,42110100029,421101,1535.8629934911714,0.001173452156874628,0.13165907004524183,6.1938896996518595,0.0936872708354322,0.25855932182885977,-1,0.3544450683618648,1,19.0,19.0,False,True,controlled_synthetic_generator_not_real_economic_data
train_000030,train,False,False,False,none,high,42110100030,421101,1233.919120295864,0.0021918882944697987,0.14817499047839644,2.9342296161215526,0.08146481751020995,0.0,0,0.0,0,,,False,False,controlled_synthetic_generator_not_real_economic_data
train_000031,train,False,False,False,none,high,42110100031,421101,1204.813464269651,0.0021559731986167154,0.11394994113901649,0.2223981553794052,0.10583941115117015,0.0,0,0.0,0,,,False,False,controlled_synthetic_generator_not_real_economic_data
train_000032,train,True,True,False,weak,low,42110100032,421101,852.8600447803041,0.0020592718164326633,0.0872038941425851,6.242966626533199,0.020102946399282333,0.43907734101703233,1,0.3880225734162309,1,19.0,19.0,True,True,controlled_synthetic_generator_not_real_economic_data
train_000033,train,True,True,False,strong,low,42110100033,421101,985.0761346528025,-0.000833179337300584,0.09828004323713142,3.9991327571798094,0.03313665695644588,0.4365082434322659,-1,1.2322655049435278,3,17.0,19.0,True,True,controlled_synthetic_generator_not_real_economic_data
train_000034,train,False,False,True,strong,low,42110100034,421101,995.26800613603,0.0024932575914089978,0.0869291837236943,3.5596177321675087,0.04435242376092503,0.0,0,1.133817991768061,3,16.0,18.0,True,True,controlled_synthetic_generator_not_real_economic_data
train_000035,train,True,True,False,weak,low,42110100035,421101,832.9098441919635,-0.0007305681427119241,0.12704155689770136,1.7925764166481808,0.02975681754064577,0.283966676953574,1,0.48532470147636997,3,15.0,17.0,True,True,controlled_synthetic_generator_not_real_economic_data
train_000036,train,True,False,False,none,low,42110100036,421101,996.1704048692262,0.0017006093405123393,0.10627236521365804,4.434345769137786,0.04895854337253328,0.4714753039306633,-1,0.0,0,,,False,False,controlled_synthetic_generator_not_real_economic_data
train_000037,train,True,True,False,strong,high,42110100037,421101,956.4090629479867,-0.000684102262689421,0.12523675480733615,3.4893010557151243,0.10230645259594123,0.43187097230503757,-1,1.2862286135523207,3,13.0,15.0,True,False,controlled_synthetic_generator_not_real_economic_data
train_000038,train,False,False,False,none,low,42110100038,421101,1025.7277752101802,0.0015410527740357667,0.15206806614995744,4.206476321708891,0.045613295265207354,0.0,0,0.0,0,,,False,False,controlled_synthetic_generator_not_real_economic_data
train_000039,train,True,True,False,strong,high,42110100039,421101,829.9435034487052,-0.0008631038995797213,0.09318566466644156,5.066269321181648,0.0969992665438806,0.4069624406332908,-1,1.4067381123539433,3,13.0,15.0,False,True,controlled_synthetic_generator_not_real_economic_data
validation_000000,validation,True,False,False,none,low,42120100000,421201,1157.5379869771766,-0.0015199856339466638,0.10548833693014947,2.7334036411418663,0.040676907254171744,0.32546117095986593,-1,0.0,0,,,False,False,controlled_synthetic_generator_not_real_economic_data
validation_000001,validation,True,True,False,weak,high,42120100001,421201,1068.8090324329821,0.0008482598974589263,0.1790263435271563,4.764809795558549,0.08387144006309669,0.4098907299667708,1,0.6036196416830435,1,17.0,17.0,True,True,controlled_synthetic_generator_not_real_economic_data
validation_000002,validation,False,False,False,none,low,42120100002,421201,870.2883737612844,0.00135986043445592,0.18085329292071672,1.8629824778838666,0.03549854300458202,0.0,0,0.0,0,,,False,False,controlled_synthetic_generator_not_real_economic_data
validation_000003,validation,False,False,True,weak,high,42120100003,421201,991.3778153802199,-0.0015447638483294555,0.19914600849947683,2.3925849469719895,0.10155802463229101,0.0,0,0.4040130632715868,2,17.0,18.0,True,True,controlled_synthetic_generator_not_real_economic_data
validation_000004,validation,True,True,False,strong,low,42120100004,421201,1364.690749358413,0.001961267798583133,0.1254810069336285,0.533412708051045,0.021358202015329883,0.3001076445480217,1,0.9582993665090419,3,13.0,15.0,False,True,controlled_synthetic_generator_not_real_economic_data
validation_000005,validation,True,True,False,strong,high,42120100005,421201,939.6492659699783,0.0016024301656667973,0.10691840504958466,3.426616908567085,0.10245594451400938,0.47453455191486527,1,1.6493116272452064,2,14.0,15.0,True,True,controlled_synthetic_generator_not_real_economic_data
validation_000006,validation,False,False,False,none,low,42120100006,421201,1456.7364036243116,-8.79397710084771e-06,0.08784691245981102,3.7543181908411905,0.03434319460412357,0.0,0,0.0,0,,,False,False,controlled_synthetic_generator_not_real_economic_data
validation_000007,validation,True,True,False,weak,low,42120100007,421201,1567.3125903093585,0.00039252180089213457,0.09944794580473956,1.6749280989785464,0.037128630375476424,0.2962526111085768,-1,0.43859714533992844,2,15.0,16.0,True,True,controlled_synthetic_generator_not_real_economic_data
validation_000008,validation,True,False,False,none,high,42120100008,421201,1269.4719242819801,0.0017565034521021972,0.10223869720864187,5.801310271723186,0.10307253433459368,0.3433793043814666,1,0.0,0,,,False,False,controlled_synthetic_generator_not_real_economic_data
validation_000009,validation,True,True,False,strong,low,42120100009,421201,1476.80904098686,-0.0015252260171851482,0.19764501889782876,4.830231456303316,0.049314376695226286,0.34341038287836695,-1,1.055019237691575,3,14.0,16.0,True,True,controlled_synthetic_generator_not_real_economic_data
validation_000010,validation,True,True,False,weak,low,42120100010,421201,898.1470154716494,0.0015017874423818279,0.08529045790394359,1.1383848536660262,0.03372836742169868,0.455054498815982,1,0.6681073135666873,1,16.0,16.0,True,True,controlled_synthetic_generator_not_real_economic_data
validation_000011,validation,True,False,False,none,low,42120100011,421201,940.6010183601924,0.0001974835403343849,0.19089016225588418,4.834291431476303,0.048823371859009035,0.42557762258542126,1,0.0,0,,,False,False,controlled_synthetic_generator_not_real_economic_data
validation_000012,validation,True,True,False,weak,low,42120100012,421201,1470.6367113937504,0.0022090458185046605,0.12405897824507373,4.5558735479214185,0.04845554002450186,0.40463216138179625,1,0.44994814727968374,2,18.0,19.0,True,True,controlled_synthetic_generator_not_real_economic_data
validation_000013,validation,False,False,True,weak,low,42120100013,421201,1263.6853510657254,-0.001355803363898656,0.1877205784259138,0.7108688245149427,0.03272671763968998,0.0,0,0.5963345954933794,1,18.0,18.0,True,True,controlled_synthetic_generator_not_real_economic_data
validation_000014,validation,False,False,False,none,low,42120100014,421201,1306.4712961337843,-0.001471220644961128,0.11096490818305954,2.569212580973188,0.027818460623092733,0.0,0,0.0,0,,,False,False,controlled_synthetic_generator_not_real_economic_data
validation_000015,validation,False,False,False,none,low,42120100015,421201,1467.3234064199319,0.0010863071121121194,0.1003742877249659,1.8525119893442243,0.044285544601376015,0.0,0,0.0,0,,,False,False,controlled_synthetic_generator_not_real_economic_data
test_000000,test,True,True,False,strong,low,42130100000,421301,1291.542387088749,-0.0001250575130412289,0.14872481777280733,0.2876727112004683,0.040702508539841906,0.39604271805725744,1,1.1501471338151503,3,13.0,15.0,False,True,controlled_synthetic_generator_not_real_economic_data
test_000001,test,True,True,False,strong,high,42130100001,421301,914.1952732592653,0.000675733210858434,0.19131456228963145,3.5310848169785296,0.10483639665316279,0.35755370793905905,1,1.3661589260724945,1,16.0,16.0,False,True,controlled_synthetic_generator_not_real_economic_data
test_000002,test,True,True,False,strong,low,42130100002,421301,1163.3158932053161,0.0018673492673775094,0.11777750211102539,1.2985359613013465,0.0496024496286491,0.34829830449974697,1,1.4351700790063906,1,16.0,16.0,True,False,controlled_synthetic_generator_not_real_economic_data
test_000003,test,True,False,False,none,high,42130100003,421301,1585.9222169301856,0.0028503900972139144,0.11976759516135743,0.6492419038377736,0.09237606754866586,0.3977651611267693,-1,0.0,0,,,False,False,controlled_synthetic_generator_not_real_economic_data
test_000004,test,True,False,False,none,high,42130100004,421301,1177.910153560402,-0.0012525887748272046,0.1774394245019628,5.954926255330122,0.08384110190707708,0.45547296677105037,1,0.0,0,,,False,False,controlled_synthetic_generator_not_real_economic_data
test_000005,test,False,False,False,none,low,42130100005,421301,1216.5135104510946,0.0007634203530195323,0.11276092182944977,4.163112021611359,0.033917069391108404,0.0,0,0.0,0,,,False,False,controlled_synthetic_generator_not_real_economic_data
test_000006,test,True,True,False,strong,high,42130100006,421301,913.4133293630692,-0.0011410414706592847,0.1838085805781539,1.8009504148579154,0.09517284632750302,0.37843038036021326,-1,1.0269724807160017,1,19.0,19.0,True,True,controlled_synthetic_generator_not_real_economic_data
test_000007,test,True,False,False,none,low,42130100007,421301,1447.2957977659232,2.639249126939417e-05,0.14014224976559062,0.3988451292098378,0.03870483344194184,0.45244330070756855,1,0.0,0,,,False,False,controlled_synthetic_generator_not_real_economic_data
test_000008,test,False,False,True,weak,high,42130100008,421301,1237.817450591192,0.0024441005638939396,0.09901623394033805,3.9278381908777065,0.081659486246216,0.0,0,0.7908176153810202,3,16.0,18.0,True,True,controlled_synthetic_generator_not_real_economic_data
test_000009,test,True,True,False,strong,low,42130100009,421301,1057.4865506080753,0.0011637134481895517,0.17033647980838734,0.13217021537777107,0.0211682881562326,0.27491529990877195,-1,1.009491137447543,2,14.0,15.0,True,True,controlled_synthetic_generator_not_real_economic_data
test_000010,test,True,True,False,strong,low,42130100010,421301,1076.753232084402,-0.0005378682369399155,0.16604206420884693,3.709633064996416,0.03176252532220261,0.3210457609578138,1,0.9874844140555947,3,17.0,19.0,True,True,controlled_synthetic_generator_not_real_economic_data
test_000011,test,True,True,False,weak,low,42130100011,421301,1364.4814382131663,-0.0004074471859221195,0.1778298237486053,4.246859655876417,0.0488717960882069,0.2863148116069625,-1,0.4606909689576094,3,15.0,17.0,True,True,controlled_synthetic_generator_not_real_economic_data
test_000012,test,False,False,True,strong,low,42130100012,421301,1393.3019642935574,0.0018203228449738488,0.14850626855565466,5.091251509575251,0.029375099244289576,0.0,0,1.683827775861042,2,14.0,15.0,False,True,controlled_synthetic_generator_not_real_economic_data
test_000013,test,False,False,False,none,high,42130100013,421301,990.6631430842756,0.0017704167369572517,0.110181989168356,5.174290770085862,0.10496326463297323,0.0,0,0.0,0,,,False,False,controlled_synthetic_generator_not_real_economic_data
test_000014,test,True,True,False,strong,low,42130100014,421301,1370.1289947254484,0.002675257435691617,0.1573736293426219,1.5343337362104192,0.03845164302016188,0.33002514685959483,1,1.0188149885788707,3,16.0,18.0,True,True,controlled_synthetic_generator_not_real_economic_data
test_000015,test,False,False,False,none,low,42130100015,421301,1321.0442111072216,0.002807753686373533,0.10944243436647046,1.4625555089378315,0.03443528827609857,0.0,0,0.0,0,,,False,False,controlled_synthetic_generator_not_real_economic_data
test_000016,test,True,True,False,weak,high,42130100016,421301,1591.0620703565723,0.00287561503638883,0.1965072938890185,4.937392213846701,0.10834450064962557,0.4501633556957976,-1,0.5153435883013646,2,17.0,18.0,False,True,controlled_synthetic_generator_not_real_economic_data
test_000017,test,False,False,False,none,low,42130100017,421301,1193.3524524854251,0.0018299434840430158,0.10701829436100599,0.2868274324207099,0.0469922835369261,0.0,0,0.0,0,,,False,False,controlled_synthetic_generator_not_real_economic_data
test_000018,test,False,False,True,strong,low,42130100018,421301,854.7775544818915,3.844482630032233e-05,0.11044237443106232,2.8292890850817662,0.03363485196718028,0.0,0,1.050993210210026,1,17.0,17.0,False,True,controlled_synthetic_generator_not_real_economic_data
test_000019,test,False,False,False,none,low,42130100019,421301,1063.9716050724937,-0.0013333153102677601,0.10559096582564835,0.3406754862945936,0.030634537114767765,0.0,0,0.0,0,,,False,False,controlled_synthetic_generator_not_real_economic_data
