series_id,cohort,event_id,onset_index,is_anticipated,precursor_class,noise_class,direction,shift_magnitude_fraction
train_000004,train,train_000004_level_shift,16,False,none,low,positive,0.43696493458731955
train_000005,train,train_000005_level_shift,20,True,strong,low,negative,0.26237420377152787
train_000006,train,train_000006_level_shift,19,True,strong,low,positive,0.2609961996257951
train_000007,train,train_000007_level_shift,20,False,none,low,negative,0.2967154285075887
train_000009,train,train_000009_level_shift,20,True,strong,low,negative,0.450544961736553
train_000011,train,train_000011_level_shift,19,False,none,low,positive,0.38823962615575214
train_000013,train,train_000013_level_shift,19,False,none,high,positive,0.29286578532917196
train_000014,train,train_000014_level_shift,19,True,strong,high,negative,0.3194155931938092
train_000016,train,train_000016_level_shift,19,True,weak,low,negative,0.35557205075867593
train_000017,train,train_000017_level_shift,19,True,strong,low,negative,0.34538595454068965
train_000018,train,train_000018_level_shift,18,True,weak,low,negative,0.4494221777828775
train_000019,train,train_000019_level_shift,16,False,none,high,positive,0.34621329945344065
train_000022,train,train_000022_level_shift,19,True,weak,low,negative,0.4195749366311685
train_000023,train,train_000023_level_shift,16,True,strong,low,negative,0.3282641751745476
train_000025,train,train_000025_level_shift,19,True,weak,low,positive,0.4432614883331327
train_000027,train,train_000027_level_shift,17,True,weak,high,positive,0.35386432935524137
train_000028,train,train_000028_level_shift,20,True,weak,low,positive,0.4764807967871397
train_000029,train,train_000029_level_shift,20,True,weak,high,negative,0.25855932182885977
train_000032,train,train_000032_level_shift,20,True,weak,low,positive,0.43907734101703233
train_000033,train,train_000033_level_shift,20,True,strong,low,negative,0.4365082434322659
train_000035,train,train_000035_level_shift,18,True,weak,low,positive,0.283966676953574
train_000036,train,train_000036_level_shift,16,False,none,low,negative,0.4714753039306633
train_000037,train,train_000037_level_shift,16,True,strong,high,negative,0.43187097230503757
train_000039,train,train_000039_level_shift,16,True,strong,high,negative,0.4069624406332908
validation_000000,validation,validation_000000_level_shift,18,False,none,low,negative,0.32546117095986593
validation_000001,validation,validation_000001_level_shift,18,True,weak,high,positive,0.4098907299667708
validation_000004,validation,validation_000004_level_shift,16,True,strong,low,positive,0.3001076445480217
validation_000005,validation,validation_000005_level_shift,16,True,strong,high,positive,0.47453455191486527
validation_000007,validation,validation_000007_level_shift,17,True,weak,low,negative,0.2962526111085768
validation_000008,validation,validation_000008_level_shift,16,False,none,high,positive,0.3433793043814666
validation_000009,validation,validation_000009_level_shift,17,True,strong,low,negative,0.34341038287836695
validation_000010,validation,validation_000010_level_shift,17,True,weak,low,positive,0.455054498815982
validation_000011,validation,validation_000011_level_shift,16,False,none,low,positive,0.42557762258542126
validation_000012,validation,validation_000012_level_shift,20,True,weak,low,positive,0.40463216138179625
test_000000,test,test_000000_level_shift,16,True,strong,low,positive,0.39604271805725744
test_000001,test,test_000001_level_shift,17,True,strong,high,positive,0.35755370793905905
test_000002,test,test_000002_level_shift,17,True,strong,low,positive,0.34829830449974697
test_000003,test,test_000003_level_shift,20,False,none,high,negative,0.3977651611267693
test_000004,test,test_000004_level_shift,16,False,none,high,positive,0.45547296677105037
test_000006,test,test_000006_level_shift,20,True,strong,high,negative,0.37843038036021326
test_000007,test,test_000007_level_shift,16,False,none,low,positive,0.45244330070756855
test_000009,test,test_000009_level_shift,16,True,strong,low,negative,0.27491529990877195
test_000010,test,test_000010_level_shift,20,True,strong,low,positive,0.3210457609578138
test_000011,test,test_000011_level_shift,18,True,weak,low,negative,0.2863148116069625
test_000014,test,test_000014_level_shift,19,True,strong,low,positive,0.33002514685959483
test_000016,test,test_000016_level_shift,19,True,weak,high,negative,0.4501633556957976
