model,split,variant,horizon,n_predictions,n_municipalities,n_origins,mae_macro,mae_micro,r2_pooled,scope,metric_status,n_native,n_fallback,n_failed,mae_macro_F0,mae_micro_F0,r2_pooled_F0,n_predictions_F0,n_municipalities_F0,n_origins_F0,metric_status_F0,delta_mae_macro_vs_F0,delta_mae_micro_vs_F0,delta_r2_pooled_vs_F0,relative_delta_mae_macro_vs_F0,relative_delta_mae_macro_pct_vs_F0,delta_metric_status,evaluation_role
LightGBMDirectNationalLocal,holdout,F0,1,378,63,6,799.5500633458918,799.5500633458918,0.9907357415388852,strategy,complete,378,0,0,799.5500633458918,799.5500633458918,0.9907357415388852,378,63,6,complete,0.0,0.0,0.0,0.0,0.0,complete,PRIMARY
LightGBMDirectNationalLocal,holdout,F1,1,378,63,6,817.862249410084,817.862249410084,0.9900329335696446,strategy,complete,378,0,0,799.5500633458918,799.5500633458918,0.9907357415388852,378,63,6,complete,18.312186064192247,18.312186064192247,-0.0007028079692406042,0.02290311376821222,2.2903113768212218,complete,PRIMARY
LightGBMDirectNationalLocal,holdout,F2,1,378,63,6,803.1915429398521,803.1915429398521,0.9897528680744851,strategy,complete,378,0,0,799.5500633458918,799.5500633458918,0.9907357415388852,378,63,6,complete,3.641479593960298,3.641479593960298,-0.0009828734644000692,0.004554410988002092,0.45544109880020917,complete,PRIMARY
LightGBMDirectNationalLocal,holdout,F3,1,378,63,6,791.6273229602496,791.6273229602496,0.9903580398777871,strategy,complete,378,0,0,799.5500633458918,799.5500633458918,0.9907357415388852,378,63,6,complete,-7.922740385642214,-7.922740385642214,-0.00037770166109807324,-0.009908998509096201,-0.9908998509096202,complete,PRIMARY
LightGBMDirectNationalLocal,holdout,F0,3,378,63,6,1212.7261260029177,1212.7261260029177,0.972278695894256,strategy,complete,378,0,0,1212.7261260029177,1212.7261260029177,0.972278695894256,378,63,6,complete,0.0,0.0,0.0,0.0,0.0,complete,PRIMARY
LightGBMDirectNationalLocal,holdout,F1,3,378,63,6,1254.424664988134,1254.4246649881338,0.9706791617036263,strategy,complete,378,0,0,1212.7261260029177,1212.7261260029177,0.972278695894256,378,63,6,complete,41.69853898521637,41.698538985216146,-0.0015995341906296368,0.03438413512426964,3.438413512426964,complete,PRIMARY
LightGBMDirectNationalLocal,holdout,F2,3,378,63,6,1225.26595878386,1225.2659587838602,0.9707605846580148,strategy,complete,378,0,0,1212.7261260029177,1212.7261260029177,0.972278695894256,378,63,6,complete,12.539832780942334,12.539832780942561,-0.0015181112362411264,0.010340201725737509,1.0340201725737508,complete,PRIMARY
LightGBMDirectNationalLocal,holdout,F3,3,378,63,6,1259.9657267709217,1259.9657267709213,0.9700299059902003,strategy,complete,378,0,0,1212.7261260029177,1212.7261260029177,0.972278695894256,378,63,6,complete,47.23960076800404,47.239600768003584,-0.002248789904055637,0.03895323086977874,3.895323086977874,complete,PRIMARY
LightGBMDirectNationalLocal,holdout,F0,6,378,63,6,1897.2193717003956,1897.2193717003959,0.9421353630090282,strategy,complete,378,0,0,1897.2193717003956,1897.2193717003959,0.9421353630090282,378,63,6,complete,0.0,0.0,0.0,0.0,0.0,complete,PRIMARY
LightGBMDirectNationalLocal,holdout,F1,6,378,63,6,1891.5308366465588,1891.5308366465588,0.9422420350473273,strategy,complete,378,0,0,1897.2193717003956,1897.2193717003959,0.9421353630090282,378,63,6,complete,-5.688535053836858,-5.688535053837086,0.00010667203829906047,-0.0029983538744591622,-0.2998353874459162,complete,PRIMARY
LightGBMDirectNationalLocal,holdout,F2,6,378,63,6,1857.111831451586,1857.1118314515857,0.9439971837688823,strategy,complete,378,0,0,1897.2193717003956,1897.2193717003959,0.9421353630090282,378,63,6,complete,-40.10754024880953,-40.10754024881021,0.0018618207598540826,-0.02114017010740454,-2.114017010740454,complete,PRIMARY
LightGBMDirectNationalLocal,holdout,F3,6,378,63,6,1863.4739172017205,1863.4739172017207,0.9439647500246677,strategy,complete,378,0,0,1897.2193717003956,1897.2193717003959,0.9421353630090282,378,63,6,complete,-33.745454498675144,-33.745454498675144,0.0018293870156395053,-0.01778679629885423,-1.778679629885423,complete,PRIMARY
LightGBMDirectNationalLocal,holdout,F0,12,63,63,1,4322.142857142857,4322.142857142857,0.8309256962369078,strategy,complete,0,63,0,4322.142857142857,4322.142857142857,0.8309256962369078,63,63,1,complete,0.0,0.0,0.0,0.0,0.0,complete,DESCRIPTIVE ONLY
LightGBMDirectNationalLocal,holdout,F1,12,63,63,1,4322.142857142857,4322.142857142857,0.8309256962369078,strategy,complete,0,63,0,4322.142857142857,4322.142857142857,0.8309256962369078,63,63,1,complete,0.0,0.0,0.0,0.0,0.0,complete,DESCRIPTIVE ONLY
LightGBMDirectNationalLocal,holdout,F2,12,63,63,1,4322.142857142857,4322.142857142857,0.8309256962369078,strategy,complete,0,63,0,4322.142857142857,4322.142857142857,0.8309256962369078,63,63,1,complete,0.0,0.0,0.0,0.0,0.0,complete,DESCRIPTIVE ONLY
LightGBMDirectNationalLocal,holdout,F3,12,63,63,1,4322.142857142857,4322.142857142857,0.8309256962369078,strategy,complete,0,63,0,4322.142857142857,4322.142857142857,0.8309256962369078,63,63,1,complete,0.0,0.0,0.0,0.0,0.0,complete,DESCRIPTIVE ONLY
LightGBMDirectNationalLocal,validation,F0,1,378,63,6,1370.546135555395,1370.5461355553948,0.9682099074674859,strategy,complete,378,0,0,1370.546135555395,1370.5461355553948,0.9682099074674859,378,63,6,complete,0.0,0.0,0.0,0.0,0.0,complete,PRIMARY
LightGBMDirectNationalLocal,validation,F1,1,378,63,6,1342.896646936741,1342.896646936741,0.969291429023631,strategy,complete,378,0,0,1370.546135555395,1370.5461355553948,0.9682099074674859,378,63,6,complete,-27.649488618654004,-27.649488618653777,0.0010815215561450486,-0.020174066309303355,-2.0174066309303353,complete,PRIMARY
LightGBMDirectNationalLocal,validation,F2,1,378,63,6,1409.0371103948794,1409.037110394879,0.9659209889585088,strategy,complete,378,0,0,1370.546135555395,1370.5461355553948,0.9682099074674859,378,63,6,complete,38.49097483948435,38.490974839484124,-0.002288918508977167,0.028084406530310933,2.8084406530310932,complete,PRIMARY
LightGBMDirectNationalLocal,validation,F3,1,378,63,6,1399.3563572892494,1399.35635728925,0.9663615408286227,strategy,complete,378,0,0,1370.546135555395,1370.5461355553948,0.9682099074674859,378,63,6,complete,28.810221733854405,28.810221733855087,-0.0018483666388632303,0.021020979145791,2.1020979145791,complete,PRIMARY
LightGBMDirectNationalLocal,validation,F0,3,252,63,4,2819.738403482627,2819.7384034826273,0.8984942019912391,strategy,complete,252,0,0,2819.738403482627,2819.7384034826273,0.8984942019912391,252,63,4,complete,0.0,0.0,0.0,0.0,0.0,complete,PRIMARY
LightGBMDirectNationalLocal,validation,F1,3,252,63,4,2870.138389204273,2870.138389204273,0.8949680555070378,strategy,complete,252,0,0,2819.738403482627,2819.7384034826273,0.8984942019912391,252,63,4,complete,50.39998572164632,50.39998572164586,-0.0035261464842012424,0.017873993438326713,1.7873993438326714,complete,PRIMARY
LightGBMDirectNationalLocal,validation,F2,3,252,63,4,2874.909927711834,2874.9099277118335,0.8945515678155654,strategy,complete,252,0,0,2819.738403482627,2819.7384034826273,0.8984942019912391,252,63,4,complete,55.17152422920708,55.17152422920617,-0.003942634175673643,0.019566185345798518,1.956618534579852,complete,PRIMARY
LightGBMDirectNationalLocal,validation,F3,3,252,63,4,2919.53031360486,2919.53031360486,0.8907091914610537,strategy,complete,252,0,0,2819.738403482627,2819.7384034826273,0.8984942019912391,252,63,4,complete,99.79191012223328,99.79191012223282,-0.007785010530185432,0.03539048515953871,3.539048515953871,complete,PRIMARY
LightGBMDirectNationalLocal,validation,F0,6,63,63,1,5525.335389138803,5525.335389138803,0.6157835353635375,strategy,complete,63,0,0,5525.335389138803,5525.335389138803,0.6157835353635375,63,63,1,complete,0.0,0.0,0.0,0.0,0.0,complete,PRIMARY
LightGBMDirectNationalLocal,validation,F1,6,63,63,1,5525.335389138803,5525.335389138803,0.6157835353635375,strategy,complete,63,0,0,5525.335389138803,5525.335389138803,0.6157835353635375,63,63,1,complete,0.0,0.0,0.0,0.0,0.0,complete,PRIMARY
LightGBMDirectNationalLocal,validation,F2,6,63,63,1,5433.189305979359,5433.189305979359,0.6372292158564494,strategy,complete,63,0,0,5525.335389138803,5525.335389138803,0.6157835353635375,63,63,1,complete,-92.14608315944406,-92.14608315944406,0.021445680492911956,-0.016677011741328202,-1.6677011741328203,complete,PRIMARY
LightGBMDirectNationalLocal,validation,F3,6,63,63,1,5433.189305979359,5433.189305979359,0.6372292158564494,strategy,complete,63,0,0,5525.335389138803,5525.335389138803,0.6157835353635375,63,63,1,complete,-92.14608315944406,-92.14608315944406,0.021445680492911956,-0.016677011741328202,-1.6677011741328203,complete,PRIMARY
LightGBMDirect,holdout,F0,1,378,63,6,1003.280462890717,1003.2804628907169,0.9850577019850275,strategy,complete,378,0,0,1003.280462890717,1003.2804628907169,0.9850577019850275,378,63,6,complete,0.0,0.0,0.0,0.0,0.0,complete,PRIMARY
LightGBMDirect,holdout,F1,1,378,63,6,1078.3738897684273,1078.3738897684273,0.9824767486720861,strategy,complete,378,0,0,1003.280462890717,1003.2804628907169,0.9850577019850275,378,63,6,complete,75.09342687771027,75.09342687771039,-0.002580953312941392,0.07484789114834968,7.484789114834968,complete,PRIMARY
LightGBMDirect,holdout,F2,1,378,63,6,1616.1334613551005,1616.1334613551005,0.9538568913341867,strategy,complete,378,0,0,1003.280462890717,1003.2804628907169,0.9850577019850275,378,63,6,complete,612.8529984643835,612.8529984643836,-0.031200810650840793,0.6108491305597555,61.084913055975555,complete,PRIMARY
LightGBMDirect,holdout,F3,1,378,63,6,1634.662843091069,1634.6628430910691,0.9598979878782408,strategy,complete,378,0,0,1003.280462890717,1003.2804628907169,0.9850577019850275,378,63,6,complete,631.3823802003519,631.3823802003523,-0.025159714106786746,0.6293179260973266,62.93179260973266,complete,PRIMARY
LightGBMDirect,holdout,F0,3,378,63,6,1449.820440292674,1449.8204402926738,0.9620954099595322,strategy,complete,378,0,0,1449.820440292674,1449.8204402926738,0.9620954099595322,378,63,6,complete,0.0,0.0,0.0,0.0,0.0,complete,PRIMARY
LightGBMDirect,holdout,F1,3,378,63,6,1895.4296967082407,1895.4296967082403,0.939898944746768,strategy,complete,378,0,0,1449.820440292674,1449.8204402926738,0.9620954099595322,378,63,6,complete,445.60925641556673,445.6092564155665,-0.022196465212764194,0.3073547896218183,30.73547896218183,complete,PRIMARY
LightGBMDirect,holdout,F2,3,378,63,6,1468.643923969366,1468.643923969366,0.9618052053498292,strategy,complete,378,0,0,1449.820440292674,1449.8204402926738,0.9620954099595322,378,63,6,complete,18.82348367669192,18.82348367669215,-0.00029020460970308193,0.012983320660655082,1.2983320660655082,complete,PRIMARY
LightGBMDirect,holdout,F3,3,378,63,6,2027.4803954746926,2027.4803954746928,0.9320155186506617,strategy,complete,378,0,0,1449.820440292674,1449.8204402926738,0.9620954099595322,378,63,6,complete,577.6599551820186,577.6599551820191,-0.030079891308870566,0.39843551596320914,39.843551596320914,complete,PRIMARY
LightGBMDirect,holdout,F0,6,378,63,6,2463.211942458223,2463.2119424582224,0.9041426846034823,strategy,complete,378,0,0,2463.211942458223,2463.2119424582224,0.9041426846034823,378,63,6,complete,0.0,0.0,0.0,0.0,0.0,complete,PRIMARY
LightGBMDirect,holdout,F1,6,378,63,6,2470.929320940231,2470.9293209402313,0.9037470120248666,strategy,complete,378,0,0,2463.211942458223,2463.2119424582224,0.9041426846034823,378,63,6,complete,7.717378482007916,7.717378482008826,-0.00039567257861572447,0.003133054995789834,0.3133054995789834,complete,PRIMARY
LightGBMDirect,holdout,F2,6,378,63,6,3506.088091780762,3506.088091780763,0.7876769815829789,strategy,complete,378,0,0,2463.211942458223,2463.2119424582224,0.9041426846034823,378,63,6,complete,1042.8761493225393,1042.8761493225406,-0.11646570302050341,0.4233805996741699,42.33805996741699,complete,PRIMARY
LightGBMDirect,holdout,F3,6,378,63,6,3513.649303306207,3513.6493033062065,0.7874503645587457,strategy,complete,378,0,0,2463.211942458223,2463.2119424582224,0.9041426846034823,378,63,6,complete,1050.437360847984,1050.437360847984,-0.11669232004473662,0.4264502549462611,42.64502549462611,complete,PRIMARY
LightGBMDirect,holdout,F0,12,63,63,1,4322.142857142857,4322.142857142857,0.8309256962369078,strategy,complete,0,63,0,4322.142857142857,4322.142857142857,0.8309256962369078,63,63,1,complete,0.0,0.0,0.0,0.0,0.0,complete,DESCRIPTIVE ONLY
LightGBMDirect,holdout,F1,12,63,63,1,4322.142857142857,4322.142857142857,0.8309256962369078,strategy,complete,0,63,0,4322.142857142857,4322.142857142857,0.8309256962369078,63,63,1,complete,0.0,0.0,0.0,0.0,0.0,complete,DESCRIPTIVE ONLY
LightGBMDirect,holdout,F2,12,63,63,1,4322.142857142857,4322.142857142857,0.8309256962369078,strategy,complete,0,63,0,4322.142857142857,4322.142857142857,0.8309256962369078,63,63,1,complete,0.0,0.0,0.0,0.0,0.0,complete,DESCRIPTIVE ONLY
LightGBMDirect,holdout,F3,12,63,63,1,4322.142857142857,4322.142857142857,0.8309256962369078,strategy,complete,0,63,0,4322.142857142857,4322.142857142857,0.8309256962369078,63,63,1,complete,0.0,0.0,0.0,0.0,0.0,complete,DESCRIPTIVE ONLY
LightGBMDirect,validation,F0,1,378,63,6,2733.2991007075298,2733.29910070753,0.831886521075319,strategy,complete,378,0,0,2733.2991007075298,2733.29910070753,0.831886521075319,378,63,6,complete,0.0,0.0,0.0,0.0,0.0,complete,PRIMARY
LightGBMDirect,validation,F1,1,378,63,6,2416.46827387125,2416.4682738712504,0.8553506023832579,strategy,complete,378,0,0,2733.2991007075298,2733.29910070753,0.831886521075319,378,63,6,complete,-316.8308268362798,-316.8308268362798,0.023464081307938867,-0.11591516887202954,-11.591516887202955,complete,PRIMARY
LightGBMDirect,validation,F2,1,378,63,6,2578.0276749522736,2578.0276749522736,0.8422277741898138,strategy,complete,378,0,0,2733.2991007075298,2733.29910070753,0.831886521075319,378,63,6,complete,-155.27142575525613,-155.2714257552566,0.010341253114494742,-0.056807330641225194,-5.68073306412252,complete,PRIMARY
LightGBMDirect,validation,F3,1,378,63,6,2511.8068076645973,2511.806807664597,0.8514756822363103,strategy,complete,378,0,0,2733.2991007075298,2733.29910070753,0.831886521075319,378,63,6,complete,-221.4922930429325,-221.4922930429334,0.019589161160991297,-0.08103478063765432,-8.103478063765431,complete,PRIMARY
LightGBMDirect,validation,F0,3,252,63,4,2880.022607707908,2880.022607707908,0.8719218133814305,strategy,complete,252,0,0,2880.022607707908,2880.022607707908,0.8719218133814305,252,63,4,complete,0.0,0.0,0.0,0.0,0.0,complete,PRIMARY
LightGBMDirect,validation,F1,3,252,63,4,2690.012529909183,2690.0125299091837,0.8875795363289353,strategy,complete,252,0,0,2880.022607707908,2880.022607707908,0.8719218133814305,252,63,4,complete,-190.01007779872498,-190.01007779872407,0.015657722947504782,-0.06597520355923395,-6.597520355923395,complete,PRIMARY
LightGBMDirect,validation,F2,3,252,63,4,2796.52749711334,2796.5274971133404,0.8775638088415738,strategy,complete,252,0,0,2880.022607707908,2880.022607707908,0.8719218133814305,252,63,4,complete,-83.4951105945679,-83.49511059456745,0.005641995460143323,-0.028991130267903783,-2.899113026790378,complete,PRIMARY
LightGBMDirect,validation,F3,3,252,63,4,2770.555917963391,2770.555917963391,0.8820479080917889,strategy,complete,252,0,0,2880.022607707908,2880.022607707908,0.8719218133814305,252,63,4,complete,-109.46668974451677,-109.46668974451677,0.010126094710358413,-0.03800896890585065,-3.800896890585065,complete,PRIMARY
LightGBMDirect,validation,F0,6,63,63,1,6378.066138649212,6378.066138649212,0.5551963632918235,strategy,complete,63,0,0,6378.066138649212,6378.066138649212,0.5551963632918235,63,63,1,complete,0.0,0.0,0.0,0.0,0.0,complete,PRIMARY
LightGBMDirect,validation,F1,6,63,63,1,6378.066138649212,6378.066138649212,0.5551963632918235,strategy,complete,63,0,0,6378.066138649212,6378.066138649212,0.5551963632918235,63,63,1,complete,0.0,0.0,0.0,0.0,0.0,complete,PRIMARY
LightGBMDirect,validation,F2,6,63,63,1,5602.291568108936,5602.291568108936,0.6426345390544976,strategy,complete,63,0,0,6378.066138649212,6378.066138649212,0.5551963632918235,63,63,1,complete,-775.7745705402758,-775.7745705402758,0.0874381757626741,-0.12163162840838374,-12.163162840838373,complete,PRIMARY
LightGBMDirect,validation,F3,6,63,63,1,5602.291568108936,5602.291568108936,0.6426345390544976,strategy,complete,63,0,0,6378.066138649212,6378.066138649212,0.5551963632918235,63,63,1,complete,-775.7745705402758,-775.7745705402758,0.0874381757626741,-0.12163162840838374,-12.163162840838373,complete,PRIMARY
