model,forecast_origin,split,variant,horizon,n_predictions,n_municipalities,n_origins,mae_macro,mae_micro,r2_pooled,scope,metric_status,n_native,n_fallback,n_failed,mae_macro_F0,mae_micro_F0,r2_pooled_F0,n_predictions_F0,n_municipalities_F0,n_origins_F0,metric_status_F0,delta_mae_macro_vs_F0,delta_mae_micro_vs_F0,delta_r2_pooled_vs_F0,relative_delta_mae_macro_vs_F0,relative_delta_mae_macro_pct_vs_F0,delta_metric_status,evaluation_role,origin_mae,origin_mae_F0
LightGBMDirectNationalLocal,2023-12-31,holdout,F0,12,63,63,1,4322.142857142857,4322.142857142857,0.8309256962369078,strategy,complete,0,63,0,4322.142857142857,4322.142857142857,0.8309256962369078,63,63,1,complete,0.0,0.0,0.0,0.0,0.0,complete,DESCRIPTIVE ONLY,4322.142857142857,4322.142857142857
LightGBMDirectNationalLocal,2023-12-31,holdout,F1,12,63,63,1,4322.142857142857,4322.142857142857,0.8309256962369078,strategy,complete,0,63,0,4322.142857142857,4322.142857142857,0.8309256962369078,63,63,1,complete,0.0,0.0,0.0,0.0,0.0,complete,DESCRIPTIVE ONLY,4322.142857142857,4322.142857142857
LightGBMDirectNationalLocal,2023-12-31,holdout,F2,12,63,63,1,4322.142857142857,4322.142857142857,0.8309256962369078,strategy,complete,0,63,0,4322.142857142857,4322.142857142857,0.8309256962369078,63,63,1,complete,0.0,0.0,0.0,0.0,0.0,complete,DESCRIPTIVE ONLY,4322.142857142857,4322.142857142857
LightGBMDirectNationalLocal,2023-12-31,holdout,F3,12,63,63,1,4322.142857142857,4322.142857142857,0.8309256962369078,strategy,complete,0,63,0,4322.142857142857,4322.142857142857,0.8309256962369078,63,63,1,complete,0.0,0.0,0.0,0.0,0.0,complete,DESCRIPTIVE ONLY,4322.142857142857,4322.142857142857
LightGBMDirectNationalLocal,2023-12-31,validation,F0,1,63,63,1,1991.6418241161523,1991.6418241161523,0.9192481231413576,strategy,complete,63,0,0,1991.6418241161523,1991.6418241161523,0.9192481231413576,63,63,1,complete,0.0,0.0,0.0,0.0,0.0,complete,PRIMARY,1991.6418241161523,1991.6418241161523
LightGBMDirectNationalLocal,2023-12-31,validation,F1,1,63,63,1,1992.0477233256747,1992.0477233256747,0.9189199256696682,strategy,complete,63,0,0,1991.6418241161523,1991.6418241161523,0.9192481231413576,63,63,1,complete,0.4058992095224312,0.4058992095224312,-0.0003281974716894398,0.00020380130835149563,0.020380130835149564,complete,PRIMARY,1992.0477233256747,1991.6418241161523
LightGBMDirectNationalLocal,2023-12-31,validation,F2,1,63,63,1,2033.829199128941,2033.829199128941,0.9149475914616038,strategy,complete,63,0,0,1991.6418241161523,1991.6418241161523,0.9192481231413576,63,63,1,complete,42.18737501278861,42.18737501278861,-0.004300531679753861,0.021182209824053305,2.1182209824053304,complete,PRIMARY,2033.829199128941,1991.6418241161523
LightGBMDirectNationalLocal,2023-12-31,validation,F3,1,63,63,1,1980.93047160781,1980.93047160781,0.9197106532179911,strategy,complete,63,0,0,1991.6418241161523,1991.6418241161523,0.9192481231413576,63,63,1,complete,-10.711352508342316,-10.711352508342316,0.00046253007663343837,-0.005378152024446355,-0.5378152024446355,complete,PRIMARY,1980.93047160781,1991.6418241161523
LightGBMDirectNationalLocal,2023-12-31,validation,F0,3,63,63,1,3067.124292805568,3067.124292805568,0.8830521493187192,strategy,complete,63,0,0,3067.124292805568,3067.124292805568,0.8830521493187192,63,63,1,complete,0.0,0.0,0.0,0.0,0.0,complete,PRIMARY,3067.124292805568,3067.124292805568
LightGBMDirectNationalLocal,2023-12-31,validation,F1,3,63,63,1,3091.867201342683,3091.867201342683,0.8818197971843367,strategy,complete,63,0,0,3067.124292805568,3067.124292805568,0.8830521493187192,63,63,1,complete,24.742908537115,24.742908537115,-0.0012323521343825528,0.008067135914626433,0.8067135914626433,complete,PRIMARY,3091.867201342683,3067.124292805568
LightGBMDirectNationalLocal,2023-12-31,validation,F2,3,63,63,1,3129.0102147111184,3129.0102147111184,0.8807598831531173,strategy,complete,63,0,0,3067.124292805568,3067.124292805568,0.8830521493187192,63,63,1,complete,61.885921905550276,61.885921905550276,-0.002292266165601964,0.02017718096743377,2.017718096743377,complete,PRIMARY,3129.0102147111184,3067.124292805568
LightGBMDirectNationalLocal,2023-12-31,validation,F3,3,63,63,1,3197.689646556365,3197.689646556365,0.8729432166076168,strategy,complete,63,0,0,3067.124292805568,3067.124292805568,0.8830521493187192,63,63,1,complete,130.56535375079693,130.56535375079693,-0.01010893271110247,0.04256930638809093,4.256930638809093,complete,PRIMARY,3197.689646556365,3067.124292805568
LightGBMDirectNationalLocal,2023-12-31,validation,F0,6,63,63,1,5525.335389138803,5525.335389138803,0.6157835353635375,strategy,complete,63,0,0,5525.335389138803,5525.335389138803,0.6157835353635375,63,63,1,complete,0.0,0.0,0.0,0.0,0.0,complete,PRIMARY,5525.335389138803,5525.335389138803
LightGBMDirectNationalLocal,2023-12-31,validation,F1,6,63,63,1,5525.335389138803,5525.335389138803,0.6157835353635375,strategy,complete,63,0,0,5525.335389138803,5525.335389138803,0.6157835353635375,63,63,1,complete,0.0,0.0,0.0,0.0,0.0,complete,PRIMARY,5525.335389138803,5525.335389138803
LightGBMDirectNationalLocal,2023-12-31,validation,F2,6,63,63,1,5433.189305979359,5433.189305979359,0.6372292158564494,strategy,complete,63,0,0,5525.335389138803,5525.335389138803,0.6157835353635375,63,63,1,complete,-92.14608315944406,-92.14608315944406,0.021445680492911956,-0.016677011741328202,-1.6677011741328203,complete,PRIMARY,5433.189305979359,5525.335389138803
LightGBMDirectNationalLocal,2023-12-31,validation,F3,6,63,63,1,5433.189305979359,5433.189305979359,0.6372292158564494,strategy,complete,63,0,0,5525.335389138803,5525.335389138803,0.6157835353635375,63,63,1,complete,-92.14608315944406,-92.14608315944406,0.021445680492911956,-0.016677011741328202,-1.6677011741328203,complete,PRIMARY,5433.189305979359,5525.335389138803
LightGBMDirectNationalLocal,2024-01-31,holdout,F0,6,63,63,1,2933.496583352325,2933.496583352325,0.863330172490913,strategy,complete,63,0,0,2933.496583352325,2933.496583352325,0.863330172490913,63,63,1,complete,0.0,0.0,0.0,0.0,0.0,complete,PRIMARY,2933.496583352325,2933.496583352325
LightGBMDirectNationalLocal,2024-01-31,holdout,F1,6,63,63,1,2933.496583352325,2933.496583352325,0.863330172490913,strategy,complete,63,0,0,2933.496583352325,2933.496583352325,0.863330172490913,63,63,1,complete,0.0,0.0,0.0,0.0,0.0,complete,PRIMARY,2933.496583352325,2933.496583352325
LightGBMDirectNationalLocal,2024-01-31,holdout,F2,6,63,63,1,2991.9648880946625,2991.9648880946625,0.8580213470280387,strategy,complete,63,0,0,2933.496583352325,2933.496583352325,0.863330172490913,63,63,1,complete,58.468304742337295,58.468304742337295,-0.005308825462874367,0.019931267373600008,1.9931267373600008,complete,PRIMARY,2991.9648880946625,2933.496583352325
LightGBMDirectNationalLocal,2024-01-31,holdout,F3,6,63,63,1,2989.5705045911022,2989.5705045911022,0.8581432832617639,strategy,complete,63,0,0,2933.496583352325,2933.496583352325,0.863330172490913,63,63,1,complete,56.073921238777075,56.073921238777075,-0.005186889229149116,0.019115045695637805,1.9115045695637805,complete,PRIMARY,2989.5705045911022,2933.496583352325
LightGBMDirectNationalLocal,2024-01-31,validation,F0,1,63,63,1,926.9009270059274,926.9009270059274,0.9831172034082505,strategy,complete,63,0,0,926.9009270059274,926.9009270059274,0.9831172034082505,63,63,1,complete,0.0,0.0,0.0,0.0,0.0,complete,PRIMARY,926.9009270059274,926.9009270059274
LightGBMDirectNationalLocal,2024-01-31,validation,F1,1,63,63,1,872.1063754946945,872.1063754946945,0.985488991224016,strategy,complete,63,0,0,926.9009270059274,926.9009270059274,0.9831172034082505,63,63,1,complete,-54.79455151123295,-54.79455151123295,0.0023717878157655248,-0.0591158665556956,-5.911586655569559,complete,PRIMARY,872.1063754946945,926.9009270059274
LightGBMDirectNationalLocal,2024-01-31,validation,F2,1,63,63,1,852.2531514755681,852.2531514755681,0.985886101063431,strategy,complete,63,0,0,926.9009270059274,926.9009270059274,0.9831172034082505,63,63,1,complete,-74.64777553035935,-74.64777553035935,0.0027688976551805133,-0.08053479434041173,-8.053479434041174,complete,PRIMARY,852.2531514755681,926.9009270059274
LightGBMDirectNationalLocal,2024-01-31,validation,F3,1,63,63,1,879.3787753492549,879.3787753492549,0.9855034845865926,strategy,complete,63,0,0,926.9009270059274,926.9009270059274,0.9831172034082505,63,63,1,complete,-47.52215165667258,-47.52215165667258,0.0023862811783421645,-0.05126993648628499,-5.126993648628499,complete,PRIMARY,879.3787753492549,926.9009270059274
LightGBMDirectNationalLocal,2024-01-31,validation,F0,3,63,63,1,3100.9341888775634,3100.9341888775634,0.8807542050623668,strategy,complete,63,0,0,3100.9341888775634,3100.9341888775634,0.8807542050623668,63,63,1,complete,0.0,0.0,0.0,0.0,0.0,complete,PRIMARY,3100.9341888775634,3100.9341888775634
LightGBMDirectNationalLocal,2024-01-31,validation,F1,3,63,63,1,3174.8385193212484,3174.8385193212484,0.8752945106203627,strategy,complete,63,0,0,3100.9341888775634,3100.9341888775634,0.8807542050623668,63,63,1,complete,73.90433044368501,73.90433044368501,-0.005459694442004115,0.023832924513124208,2.3832924513124207,complete,PRIMARY,3174.8385193212484,3100.9341888775634
LightGBMDirectNationalLocal,2024-01-31,validation,F2,3,63,63,1,2994.1209970059335,2994.1209970059335,0.8906415976205723,strategy,complete,63,0,0,3100.9341888775634,3100.9341888775634,0.8807542050623668,63,63,1,complete,-106.8131918716299,-106.8131918716299,0.009887392558205477,-0.03444548815474629,-3.444548815474629,complete,PRIMARY,2994.1209970059335,3100.9341888775634
LightGBMDirectNationalLocal,2024-01-31,validation,F3,3,63,63,1,3078.862327486587,3078.862327486587,0.8850306715322898,strategy,complete,63,0,0,3100.9341888775634,3100.9341888775634,0.8807542050623668,63,63,1,complete,-22.07186139097621,-22.07186139097621,0.004276466469922968,-0.0071178103263666815,-0.7117810326366681,complete,PRIMARY,3078.862327486587,3100.9341888775634
LightGBMDirectNationalLocal,2024-02-29,holdout,F0,6,63,63,1,2684.051658342299,2684.051658342299,0.9079743262921574,strategy,complete,63,0,0,2684.051658342299,2684.051658342299,0.9079743262921574,63,63,1,complete,0.0,0.0,0.0,0.0,0.0,complete,PRIMARY,2684.051658342299,2684.051658342299
LightGBMDirectNationalLocal,2024-02-29,holdout,F1,6,63,63,1,2684.051658342299,2684.051658342299,0.9079743262921574,strategy,complete,63,0,0,2684.051658342299,2684.051658342299,0.9079743262921574,63,63,1,complete,0.0,0.0,0.0,0.0,0.0,complete,PRIMARY,2684.051658342299,2684.051658342299
LightGBMDirectNationalLocal,2024-02-29,holdout,F2,6,63,63,1,2516.1427256584993,2516.1427256584993,0.9188919618600766,strategy,complete,63,0,0,2684.051658342299,2684.051658342299,0.9079743262921574,63,63,1,complete,-167.90893268379978,-167.90893268379978,0.010917635567919248,-0.06255801081991925,-6.255801081991925,complete,PRIMARY,2516.1427256584993,2684.051658342299
LightGBMDirectNationalLocal,2024-02-29,holdout,F3,6,63,63,1,2516.1427256584993,2516.1427256584993,0.9188919618600766,strategy,complete,63,0,0,2684.051658342299,2684.051658342299,0.9079743262921574,63,63,1,complete,-167.90893268379978,-167.90893268379978,0.010917635567919248,-0.06255801081991925,-6.255801081991925,complete,PRIMARY,2516.1427256584993,2684.051658342299
LightGBMDirectNationalLocal,2024-02-29,validation,F0,1,63,63,1,942.0979960088996,942.0979960088996,0.9872288369819873,strategy,complete,63,0,0,942.0979960088996,942.0979960088996,0.9872288369819873,63,63,1,complete,0.0,0.0,0.0,0.0,0.0,complete,PRIMARY,942.0979960088996,942.0979960088996
LightGBMDirectNationalLocal,2024-02-29,validation,F1,1,63,63,1,921.1254606722628,921.1254606722628,0.9875723168591319,strategy,complete,63,0,0,942.0979960088996,942.0979960088996,0.9872288369819873,63,63,1,complete,-20.972535336636838,-20.972535336636838,0.0003434798771446701,-0.022261522076774187,-2.2261522076774187,complete,PRIMARY,921.1254606722628,942.0979960088996
LightGBMDirectNationalLocal,2024-02-29,validation,F2,1,63,63,1,925.9795109599578,925.9795109599578,0.9877504684147137,strategy,complete,63,0,0,942.0979960088996,942.0979960088996,0.9872288369819873,63,63,1,complete,-16.118485048941807,-16.118485048941807,0.0005216314327264326,-0.017109138451866044,-1.7109138451866044,complete,PRIMARY,925.9795109599578,942.0979960088996
LightGBMDirectNationalLocal,2024-02-29,validation,F3,1,63,63,1,896.494982948709,896.494982948709,0.9885206247351563,strategy,complete,63,0,0,942.0979960088996,942.0979960088996,0.9872288369819873,63,63,1,complete,-45.60301306019062,-45.60301306019062,0.0012917877531690714,-0.048405806246678215,-4.840580624667822,complete,PRIMARY,896.494982948709,942.0979960088996
LightGBMDirectNationalLocal,2024-02-29,validation,F0,3,63,63,1,2660.5295522700994,2660.5295522700994,0.9029913632432648,strategy,complete,63,0,0,2660.5295522700994,2660.5295522700994,0.9029913632432648,63,63,1,complete,0.0,0.0,0.0,0.0,0.0,complete,PRIMARY,2660.5295522700994,2660.5295522700994
LightGBMDirectNationalLocal,2024-02-29,validation,F1,3,63,63,1,2663.5748230000154,2663.5748230000154,0.9017318810534052,strategy,complete,63,0,0,2660.5295522700994,2660.5295522700994,0.9029913632432648,63,63,1,complete,3.0452707299159556,3.0452707299159556,-0.0012594821898596065,0.0011446107513887885,0.11446107513887885,complete,PRIMARY,2663.5748230000154,2660.5295522700994
LightGBMDirectNationalLocal,2024-02-29,validation,F2,3,63,63,1,2669.957776462907,2669.957776462907,0.9017573419078732,strategy,complete,63,0,0,2660.5295522700994,2660.5295522700994,0.9029913632432648,63,63,1,complete,9.428224192807647,9.428224192807647,-0.001234021335391633,0.0035437396982728516,0.35437396982728514,complete,PRIMARY,2669.957776462907,2660.5295522700994
LightGBMDirectNationalLocal,2024-02-29,validation,F3,3,63,63,1,2674.3667400368963,2674.3667400368963,0.9004244256623407,strategy,complete,63,0,0,2660.5295522700994,2660.5295522700994,0.9029913632432648,63,63,1,complete,13.837187766796887,13.837187766796887,-0.002566937580924078,0.005200914891169051,0.5200914891169051,complete,PRIMARY,2674.3667400368963,2660.5295522700994
LightGBMDirectNationalLocal,2024-03-31,holdout,F0,6,63,63,1,1223.8855077068674,1223.8855077068674,0.9765066466487811,strategy,complete,63,0,0,1223.8855077068674,1223.8855077068674,0.9765066466487811,63,63,1,complete,0.0,0.0,0.0,0.0,0.0,complete,PRIMARY,1223.8855077068674,1223.8855077068674
LightGBMDirectNationalLocal,2024-03-31,holdout,F1,6,63,63,1,1223.8855077068674,1223.8855077068674,0.9765066466487811,strategy,complete,63,0,0,1223.8855077068674,1223.8855077068674,0.9765066466487811,63,63,1,complete,0.0,0.0,0.0,0.0,0.0,complete,PRIMARY,1223.8855077068674,1223.8855077068674
LightGBMDirectNationalLocal,2024-03-31,holdout,F2,6,63,63,1,1232.9942754894466,1232.9942754894466,0.9762388770745155,strategy,complete,63,0,0,1223.8855077068674,1223.8855077068674,0.9765066466487811,63,63,1,complete,9.108767782579207,9.108767782579207,-0.0002677695742655528,0.007442499911324096,0.7442499911324096,complete,PRIMARY,1232.9942754894466,1223.8855077068674
LightGBMDirectNationalLocal,2024-03-31,holdout,F3,6,63,63,1,1232.9942754894466,1232.9942754894466,0.9762388770745155,strategy,complete,63,0,0,1223.8855077068674,1223.8855077068674,0.9765066466487811,63,63,1,complete,9.108767782579207,9.108767782579207,-0.0002677695742655528,0.007442499911324096,0.7442499911324096,complete,PRIMARY,1232.9942754894466,1223.8855077068674
LightGBMDirectNationalLocal,2024-03-31,validation,F0,1,63,63,1,2105.7916160375134,2105.7916160375134,0.9446074071183381,strategy,complete,63,0,0,2105.7916160375134,2105.7916160375134,0.9446074071183381,63,63,1,complete,0.0,0.0,0.0,0.0,0.0,complete,PRIMARY,2105.7916160375134,2105.7916160375134
LightGBMDirectNationalLocal,2024-03-31,validation,F1,1,63,63,1,2066.3227293677983,2066.3227293677983,0.9471697639428732,strategy,complete,63,0,0,2105.7916160375134,2105.7916160375134,0.9446074071183381,63,63,1,complete,-39.468886669715175,-39.468886669715175,0.0025623568245350947,-0.0187430163408021,-1.8743016340802099,complete,PRIMARY,2066.3227293677983,2105.7916160375134
LightGBMDirectNationalLocal,2024-03-31,validation,F2,1,63,63,1,2210.3424482092855,2210.3424482092855,0.9375907007304327,strategy,complete,63,0,0,2105.7916160375134,2105.7916160375134,0.9446074071183381,63,63,1,complete,104.55083217177207,104.55083217177207,-0.007016706387905414,0.04964918246208345,4.964918246208345,complete,PRIMARY,2210.3424482092855,2105.7916160375134
LightGBMDirectNationalLocal,2024-03-31,validation,F3,1,63,63,1,2252.8708036422645,2252.8708036422645,0.934451146595868,strategy,complete,63,0,0,2105.7916160375134,2105.7916160375134,0.9446074071183381,63,63,1,complete,147.07918760475104,147.07918760475104,-0.010156260522470095,0.06984508176621543,6.984508176621543,complete,PRIMARY,2252.8708036422645,2105.7916160375134
LightGBMDirectNationalLocal,2024-03-31,validation,F0,3,63,63,1,2450.3655799772787,2450.3655799772787,0.9240900349673812,strategy,complete,63,0,0,2450.3655799772787,2450.3655799772787,0.9240900349673812,63,63,1,complete,0.0,0.0,0.0,0.0,0.0,complete,PRIMARY,2450.3655799772787,2450.3655799772787
LightGBMDirectNationalLocal,2024-03-31,validation,F1,3,63,63,1,2550.2730131531457,2550.2730131531457,0.9180506875814076,strategy,complete,63,0,0,2450.3655799772787,2450.3655799772787,0.9240900349673812,63,63,1,complete,99.90743317586703,99.90743317586703,-0.006039347385973559,0.04077246023705305,4.077246023705305,complete,PRIMARY,2550.2730131531457,2450.3655799772787
LightGBMDirectNationalLocal,2024-03-31,validation,F2,3,63,63,1,2706.550722667376,2706.550722667376,0.9037641214051664,strategy,complete,63,0,0,2450.3655799772787,2450.3655799772787,0.9240900349673812,63,63,1,complete,256.1851426900971,256.1851426900971,-0.020325913562214803,0.1045497638325758,10.45497638325758,complete,PRIMARY,2706.550722667376,2450.3655799772787
LightGBMDirectNationalLocal,2024-03-31,validation,F3,3,63,63,1,2727.202540339593,2727.202540339593,0.9029005896449599,strategy,complete,63,0,0,2450.3655799772787,2450.3655799772787,0.9240900349673812,63,63,1,complete,276.83696036231413,276.83696036231413,-0.021189445322421285,0.1129778195647366,11.29778195647366,complete,PRIMARY,2727.202540339593,2450.3655799772787
LightGBMDirectNationalLocal,2024-04-30,holdout,F0,3,63,63,1,1612.7956730598887,1612.7956730598887,0.9393092087156651,strategy,complete,63,0,0,1612.7956730598887,1612.7956730598887,0.9393092087156651,63,63,1,complete,0.0,0.0,0.0,0.0,0.0,complete,PRIMARY,1612.7956730598887,1612.7956730598887
LightGBMDirectNationalLocal,2024-04-30,holdout,F1,3,63,63,1,1592.3043365743017,1592.3043365743017,0.9383135970138885,strategy,complete,63,0,0,1612.7956730598887,1612.7956730598887,0.9393092087156651,63,63,1,complete,-20.491336485587,-20.491336485587,-0.0009956117017766442,-0.01270547585653529,-1.2705475856535289,complete,PRIMARY,1592.3043365743017,1612.7956730598887
LightGBMDirectNationalLocal,2024-04-30,holdout,F2,3,63,63,1,1693.8050132112005,1693.8050132112005,0.9334849754172914,strategy,complete,63,0,0,1612.7956730598887,1612.7956730598887,0.9393092087156651,63,63,1,complete,81.00934015131179,81.00934015131179,-0.005824233298373782,0.05022914030865187,5.022914030865187,complete,PRIMARY,1693.8050132112005,1612.7956730598887
LightGBMDirectNationalLocal,2024-04-30,holdout,F3,3,63,63,1,1669.0451622140965,1669.0451622140965,0.9350093338606225,strategy,complete,63,0,0,1612.7956730598887,1612.7956730598887,0.9393092087156651,63,63,1,complete,56.24948915420782,56.24948915420782,-0.004299874855042685,0.034877008968834874,3.4877008968834873,complete,PRIMARY,1669.0451622140965,1612.7956730598887
LightGBMDirectNationalLocal,2024-04-30,holdout,F0,6,63,63,1,1372.775395316843,1372.775395316843,0.9729672780721431,strategy,complete,63,0,0,1372.775395316843,1372.775395316843,0.9729672780721431,63,63,1,complete,0.0,0.0,0.0,0.0,0.0,complete,PRIMARY,1372.775395316843,1372.775395316843
LightGBMDirectNationalLocal,2024-04-30,holdout,F1,6,63,63,1,1386.157614574978,1386.157614574978,0.9720896728311684,strategy,complete,63,0,0,1372.775395316843,1372.775395316843,0.9729672780721431,63,63,1,complete,13.38221925813491,13.38221925813491,-0.0008776052409746882,0.009748294807575737,0.9748294807575737,complete,PRIMARY,1386.157614574978,1372.775395316843
LightGBMDirectNationalLocal,2024-04-30,holdout,F2,6,63,63,1,1369.393444821015,1369.393444821015,0.9727012995613807,strategy,complete,63,0,0,1372.775395316843,1372.775395316843,0.9729672780721431,63,63,1,complete,-3.3819504958280504,-3.3819504958280504,-0.0002659785107623769,-0.002463586182681749,-0.2463586182681749,complete,PRIMARY,1369.393444821015,1372.775395316843
LightGBMDirectNationalLocal,2024-04-30,holdout,F3,6,63,63,1,1366.8930975911626,1366.8930975911626,0.9726374042353284,strategy,complete,63,0,0,1372.775395316843,1372.775395316843,0.9729672780721431,63,63,1,complete,-5.882297725680473,-5.882297725680473,-0.00032987383681470916,-0.004284967333875336,-0.4284967333875336,complete,PRIMARY,1366.8930975911626,1372.775395316843
LightGBMDirectNationalLocal,2024-04-30,validation,F0,1,63,63,1,1365.312518822617,1365.312518822617,0.9743702415288378,strategy,complete,63,0,0,1365.312518822617,1365.312518822617,0.9743702415288378,63,63,1,complete,0.0,0.0,0.0,0.0,0.0,complete,PRIMARY,1365.312518822617,1365.312518822617
LightGBMDirectNationalLocal,2024-04-30,validation,F1,1,63,63,1,1343.1685710351276,1343.1685710351276,0.975408272672001,strategy,complete,63,0,0,1365.312518822617,1365.312518822617,0.9743702415288378,63,63,1,complete,-22.143947787489424,-22.143947787489424,0.0010380311431632538,-0.01621895901649342,-1.621895901649342,complete,PRIMARY,1343.1685710351276,1365.312518822617
LightGBMDirectNationalLocal,2024-04-30,validation,F2,1,63,63,1,1497.6706170392124,1497.6706170392124,0.9686198219340801,strategy,complete,63,0,0,1365.312518822617,1365.312518822617,0.9743702415288378,63,63,1,complete,132.3580982165954,132.3580982165954,-0.005750419594757639,0.09694344437032994,9.694344437032994,complete,PRIMARY,1497.6706170392124,1365.312518822617
LightGBMDirectNationalLocal,2024-04-30,validation,F3,1,63,63,1,1447.5664065527396,1447.5664065527396,0.9709281712159439,strategy,complete,63,0,0,1365.312518822617,1365.312518822617,0.9743702415288378,63,63,1,complete,82.25388773012264,82.25388773012264,-0.0034420703128938968,0.06024546511963036,6.024546511963036,complete,PRIMARY,1447.5664065527396,1365.312518822617
LightGBMDirectNationalLocal,2024-05-31,holdout,F0,3,63,63,1,1024.0041878852849,1024.0041878852849,0.9716570100178494,strategy,complete,63,0,0,1024.0041878852849,1024.0041878852849,0.9716570100178494,63,63,1,complete,0.0,0.0,0.0,0.0,0.0,complete,PRIMARY,1024.0041878852849,1024.0041878852849
LightGBMDirectNationalLocal,2024-05-31,holdout,F1,3,63,63,1,1211.350198944473,1211.350198944473,0.9669857563180657,strategy,complete,63,0,0,1024.0041878852849,1024.0041878852849,0.9716570100178494,63,63,1,complete,187.34601105918819,187.34601105918819,-0.004671253699783717,0.1829543406908174,18.29543406908174,complete,PRIMARY,1211.350198944473,1024.0041878852849
LightGBMDirectNationalLocal,2024-05-31,holdout,F2,3,63,63,1,1009.2048212176537,1009.2048212176537,0.9713956830642994,strategy,complete,63,0,0,1024.0041878852849,1024.0041878852849,0.9716570100178494,63,63,1,complete,-14.799366667631148,-14.799366667631148,-0.0002613269535500784,-0.01445244740472591,-1.445244740472591,complete,PRIMARY,1009.2048212176537,1024.0041878852849
LightGBMDirectNationalLocal,2024-05-31,holdout,F3,3,63,63,1,1170.171750317492,1170.171750317492,0.9681424395718279,strategy,complete,63,0,0,1024.0041878852849,1024.0041878852849,0.9716570100178494,63,63,1,complete,146.1675624322072,146.1675624322072,-0.0035145704460215477,0.14274117641458492,14.274117641458492,complete,PRIMARY,1170.171750317492,1024.0041878852849
LightGBMDirectNationalLocal,2024-05-31,holdout,F0,6,63,63,1,1146.4700777978037,1146.4700777978037,0.978446932808226,strategy,complete,63,0,0,1146.4700777978037,1146.4700777978037,0.978446932808226,63,63,1,complete,0.0,0.0,0.0,0.0,0.0,complete,PRIMARY,1146.4700777978037,1146.4700777978037
LightGBMDirectNationalLocal,2024-05-31,holdout,F1,6,63,63,1,1127.1420390374117,1127.1420390374117,0.9784999684177176,strategy,complete,63,0,0,1146.4700777978037,1146.4700777978037,0.978446932808226,63,63,1,complete,-19.32803876039202,-19.32803876039202,5.30356094915474e-05,-0.01685873808195524,-1.685873808195524,complete,PRIMARY,1127.1420390374117,1146.4700777978037
LightGBMDirectNationalLocal,2024-05-31,holdout,F2,6,63,63,1,1129.0431500050768,1129.0431500050768,0.9791840850910716,strategy,complete,63,0,0,1146.4700777978037,1146.4700777978037,0.978446932808226,63,63,1,complete,-17.42692779272693,-17.42692779272693,0.0007371522828455435,-0.015200508177414827,-1.5200508177414827,complete,PRIMARY,1129.0431500050768,1146.4700777978037
LightGBMDirectNationalLocal,2024-05-31,holdout,F3,6,63,63,1,1129.4292387657647,1129.4292387657647,0.9783475147627086,strategy,complete,63,0,0,1146.4700777978037,1146.4700777978037,0.978446932808226,63,63,1,complete,-17.040839032039003,-17.040839032039003,-9.941804551738542e-05,-0.014863745126930733,-1.4863745126930732,complete,PRIMARY,1129.4292387657647,1146.4700777978037
LightGBMDirectNationalLocal,2024-05-31,validation,F0,1,63,63,1,891.5319313412604,891.5319313412604,0.9817053344566075,strategy,complete,63,0,0,891.5319313412604,891.5319313412604,0.9817053344566075,63,63,1,complete,0.0,0.0,0.0,0.0,0.0,complete,PRIMARY,891.5319313412604,891.5319313412604
LightGBMDirectNationalLocal,2024-05-31,validation,F1,1,63,63,1,862.6090217248885,862.6090217248885,0.9824699943467838,strategy,complete,63,0,0,891.5319313412604,891.5319313412604,0.9817053344566075,63,63,1,complete,-28.92290961637184,-28.92290961637184,0.0007646598901763779,-0.03244181010192078,-3.244181010192078,complete,PRIMARY,862.6090217248885,891.5319313412604
LightGBMDirectNationalLocal,2024-05-31,validation,F2,1,63,63,1,934.14773555631,934.14773555631,0.9812315000252572,strategy,complete,63,0,0,891.5319313412604,891.5319313412604,0.9817053344566075,63,63,1,complete,42.61580421504959,42.61580421504959,-0.0004738344313502951,0.04780064820666208,4.780064820666208,complete,PRIMARY,934.14773555631,891.5319313412604
LightGBMDirectNationalLocal,2024-05-31,validation,F3,1,63,63,1,938.8967036347216,938.8967036347216,0.9805213794262433,strategy,complete,63,0,0,891.5319313412604,891.5319313412604,0.9817053344566075,63,63,1,complete,47.364772293461215,47.364772293461215,-0.00118395503036417,0.05312739861398295,5.312739861398295,complete,PRIMARY,938.8967036347216,891.5319313412604
LightGBMDirectNationalLocal,2024-06-30,holdout,F0,1,63,63,1,952.4819841563946,952.4819841563946,0.9878605942755685,strategy,complete,63,0,0,952.4819841563946,952.4819841563946,0.9878605942755685,63,63,1,complete,0.0,0.0,0.0,0.0,0.0,complete,PRIMARY,952.4819841563946,952.4819841563946
LightGBMDirectNationalLocal,2024-06-30,holdout,F1,1,63,63,1,1004.7074288398865,1004.7074288398865,0.9861390999060657,strategy,complete,63,0,0,952.4819841563946,952.4819841563946,0.9878605942755685,63,63,1,complete,52.2254446834919,52.2254446834919,-0.0017214943695027518,0.054830900271302815,5.483090027130282,complete,PRIMARY,1004.7074288398865,952.4819841563946
LightGBMDirectNationalLocal,2024-06-30,holdout,F2,1,63,63,1,905.5324619757771,905.5324619757771,0.9854271206080654,strategy,complete,63,0,0,952.4819841563946,952.4819841563946,0.9878605942755685,63,63,1,complete,-46.949522180617464,-46.949522180617464,-0.0024334736675031277,-0.04929176925293791,-4.929176925293791,complete,PRIMARY,905.5324619757771,952.4819841563946
LightGBMDirectNationalLocal,2024-06-30,holdout,F3,1,63,63,1,911.8721547585534,911.8721547585534,0.9859058631595504,strategy,complete,63,0,0,952.4819841563946,952.4819841563946,0.9878605942755685,63,63,1,complete,-40.60982939784117,-40.60982939784117,-0.0019547311160180714,-0.04263579791885403,-4.2635797918854035,complete,PRIMARY,911.8721547585534,952.4819841563946
LightGBMDirectNationalLocal,2024-06-30,holdout,F0,3,63,63,1,1023.7244490388445,1023.7244490388445,0.9837417552361283,strategy,complete,63,0,0,1023.7244490388445,1023.7244490388445,0.9837417552361283,63,63,1,complete,0.0,0.0,0.0,0.0,0.0,complete,PRIMARY,1023.7244490388445,1023.7244490388445
LightGBMDirectNationalLocal,2024-06-30,holdout,F1,3,63,63,1,1078.871080428444,1078.871080428444,0.9825244222503399,strategy,complete,63,0,0,1023.7244490388445,1023.7244490388445,0.9837417552361283,63,63,1,complete,55.14663138959952,55.14663138959952,-0.0012173329857884108,0.0538686278728379,5.38686278728379,complete,PRIMARY,1078.871080428444,1023.7244490388445
LightGBMDirectNationalLocal,2024-06-30,holdout,F2,3,63,63,1,1024.6548100400323,1024.6548100400323,0.9829336193508027,strategy,complete,63,0,0,1023.7244490388445,1023.7244490388445,0.9837417552361283,63,63,1,complete,0.9303610011878618,0.9303610011878618,-0.0008081358853255782,0.000908800216758875,0.0908800216758875,complete,PRIMARY,1024.6548100400323,1023.7244490388445
LightGBMDirectNationalLocal,2024-06-30,holdout,F3,3,63,63,1,1100.1670861281464,1100.1670861281464,0.9805132999086951,strategy,complete,63,0,0,1023.7244490388445,1023.7244490388445,0.9837417552361283,63,63,1,complete,76.44263708930191,76.44263708930191,-0.0032284553274332106,0.07467110623476118,7.467110623476119,complete,PRIMARY,1100.1670861281464,1023.7244490388445
LightGBMDirectNationalLocal,2024-06-30,holdout,F0,6,63,63,1,2022.6370076862352,2022.6370076862352,0.9485164310509759,strategy,complete,63,0,0,2022.6370076862352,2022.6370076862352,0.9485164310509759,63,63,1,complete,0.0,0.0,0.0,0.0,0.0,complete,PRIMARY,2022.6370076862352,2022.6370076862352
LightGBMDirectNationalLocal,2024-06-30,holdout,F1,6,63,63,1,1994.451616865471,1994.451616865471,0.949657131872097,strategy,complete,63,0,0,2022.6370076862352,2022.6370076862352,0.9485164310509759,63,63,1,complete,-28.18539082076427,-28.18539082076427,0.0011407008211210545,-0.013934972372035514,-1.3934972372035515,complete,PRIMARY,1994.451616865471,2022.6370076862352
LightGBMDirectNationalLocal,2024-06-30,holdout,F2,6,63,63,1,1903.132504640815,1903.132504640815,0.9532204191382204,strategy,complete,63,0,0,2022.6370076862352,2022.6370076862352,0.9485164310509759,63,63,1,complete,-119.50450304542028,-119.50450304542028,0.004703988087244482,-0.05908351453636539,-5.90835145363654,complete,PRIMARY,1903.132504640815,2022.6370076862352
LightGBMDirectNationalLocal,2024-06-30,holdout,F3,6,63,63,1,1945.8136611143486,1945.8136611143486,0.9536362526272684,strategy,complete,63,0,0,2022.6370076862352,2022.6370076862352,0.9485164310509759,63,63,1,complete,-76.82334657188653,-76.82334657188653,0.005119821576292427,-0.037981776403749,-3.7981776403749,complete,PRIMARY,1945.8136611143486,2022.6370076862352
LightGBMDirectNationalLocal,2024-07-31,holdout,F0,1,63,63,1,570.4647021356964,570.4647021356964,0.9945850857426604,strategy,complete,63,0,0,570.4647021356964,570.4647021356964,0.9945850857426604,63,63,1,complete,0.0,0.0,0.0,0.0,0.0,complete,PRIMARY,570.4647021356964,570.4647021356964
LightGBMDirectNationalLocal,2024-07-31,holdout,F1,1,63,63,1,559.0568238899293,559.0568238899293,0.995052693328692,strategy,complete,63,0,0,570.4647021356964,570.4647021356964,0.9945850857426604,63,63,1,complete,-11.407878245767051,-11.407878245767051,0.00046760758603159314,-0.01999751816906186,-1.999751816906186,complete,PRIMARY,559.0568238899293,570.4647021356964
LightGBMDirectNationalLocal,2024-07-31,holdout,F2,1,63,63,1,573.0896096193684,573.0896096193684,0.9928785192646864,strategy,complete,63,0,0,570.4647021356964,570.4647021356964,0.9945850857426604,63,63,1,complete,2.6249074836720183,2.6249074836720183,-0.0017065664779739587,0.004601349520566186,0.4601349520566186,complete,PRIMARY,573.0896096193684,570.4647021356964
LightGBMDirectNationalLocal,2024-07-31,holdout,F3,1,63,63,1,564.4234549313694,564.4234549313694,0.993819408134914,strategy,complete,63,0,0,570.4647021356964,570.4647021356964,0.9945850857426604,63,63,1,complete,-6.0412472043269645,-6.0412472043269645,-0.0007656776077463734,-0.010590045592145917,-1.0590045592145916,complete,PRIMARY,564.4234549313694,570.4647021356964
LightGBMDirectNationalLocal,2024-07-31,holdout,F0,3,63,63,1,1041.6663088210134,1041.6663088210134,0.9818214382344987,strategy,complete,63,0,0,1041.6663088210134,1041.6663088210134,0.9818214382344987,63,63,1,complete,0.0,0.0,0.0,0.0,0.0,complete,PRIMARY,1041.6663088210134,1041.6663088210134
LightGBMDirectNationalLocal,2024-07-31,holdout,F1,3,63,63,1,1020.5056015961519,1020.5056015961519,0.9828352401987585,strategy,complete,63,0,0,1041.6663088210134,1041.6663088210134,0.9818214382344987,63,63,1,complete,-21.16070722486154,-21.16070722486154,0.0010138019642597085,-0.020314285914470834,-2.0314285914470833,complete,PRIMARY,1020.5056015961519,1041.6663088210134
LightGBMDirectNationalLocal,2024-07-31,holdout,F2,3,63,63,1,1059.8169151907744,1059.8169151907744,0.9811645379752886,strategy,complete,63,0,0,1041.6663088210134,1041.6663088210134,0.9818214382344987,63,63,1,complete,18.150606369760908,18.150606369760908,-0.0006569002592101691,0.01742458810087106,1.742458810087106,complete,PRIMARY,1059.8169151907744,1041.6663088210134
LightGBMDirectNationalLocal,2024-07-31,holdout,F3,3,63,63,1,1033.5183614896341,1033.5183614896341,0.980906108262892,strategy,complete,63,0,0,1041.6663088210134,1041.6663088210134,0.9818214382344987,63,63,1,complete,-8.147947331379328,-8.147947331379328,-0.0009153299716067043,-0.007822032125241142,-0.7822032125241142,complete,PRIMARY,1033.5183614896341,1041.6663088210134
LightGBMDirectNationalLocal,2024-08-31,holdout,F0,1,63,63,1,785.8171313877508,785.8171313877508,0.9889071424693822,strategy,complete,63,0,0,785.8171313877508,785.8171313877508,0.9889071424693822,63,63,1,complete,0.0,0.0,0.0,0.0,0.0,complete,PRIMARY,785.8171313877508,785.8171313877508
LightGBMDirectNationalLocal,2024-08-31,holdout,F1,1,63,63,1,788.7672345908741,788.7672345908741,0.9875533058626238,strategy,complete,63,0,0,785.8171313877508,785.8171313877508,0.9889071424693822,63,63,1,complete,2.9501032031232626,2.9501032031232626,-0.001353836606758363,0.0037541854017783868,0.37541854017783866,complete,PRIMARY,788.7672345908741,785.8171313877508
LightGBMDirectNationalLocal,2024-08-31,holdout,F2,1,63,63,1,789.2091024017025,789.2091024017025,0.988118774042717,strategy,complete,63,0,0,785.8171313877508,785.8171313877508,0.9889071424693822,63,63,1,complete,3.391971013951661,3.391971013951661,-0.0007883684266651869,0.0043164890131135855,0.4316489013113585,complete,PRIMARY,789.2091024017025,785.8171313877508
LightGBMDirectNationalLocal,2024-08-31,holdout,F3,1,63,63,1,772.5441367214383,772.5441367214383,0.9892771769005355,strategy,complete,63,0,0,785.8171313877508,785.8171313877508,0.9889071424693822,63,63,1,complete,-13.272994666312457,-13.272994666312457,0.0003700344311533543,-0.01689069140408327,-1.689069140408327,complete,PRIMARY,772.5441367214383,785.8171313877508
LightGBMDirectNationalLocal,2024-08-31,holdout,F0,3,63,63,1,1352.4854430601358,1352.4854430601358,0.966697120586958,strategy,complete,63,0,0,1352.4854430601358,1352.4854430601358,0.966697120586958,63,63,1,complete,0.0,0.0,0.0,0.0,0.0,complete,PRIMARY,1352.4854430601358,1352.4854430601358
LightGBMDirectNationalLocal,2024-08-31,holdout,F1,3,63,63,1,1386.1400704480286,1386.1400704480286,0.9635222349757859,strategy,complete,63,0,0,1352.4854430601358,1352.4854430601358,0.966697120586958,63,63,1,complete,33.65462738789279,33.65462738789279,-0.0031748856111720736,0.02488354130580938,2.488354130580938,complete,PRIMARY,1386.1400704480286,1352.4854430601358
LightGBMDirectNationalLocal,2024-08-31,holdout,F2,3,63,63,1,1353.7992872718346,1353.7992872718346,0.9648653131208988,strategy,complete,63,0,0,1352.4854430601358,1352.4854430601358,0.966697120586958,63,63,1,complete,1.313844211698779,1.313844211698779,-0.0018318074660591543,0.0009714294659808484,0.09714294659808484,complete,PRIMARY,1353.7992872718346,1352.4854430601358
LightGBMDirectNationalLocal,2024-08-31,holdout,F3,3,63,63,1,1354.4436423677291,1354.4436423677291,0.9657200354775473,strategy,complete,63,0,0,1352.4854430601358,1352.4854430601358,0.966697120586958,63,63,1,complete,1.9581993075933042,1.9581993075933042,-0.0009770851094107469,0.0014478524095332805,0.14478524095332804,complete,PRIMARY,1354.4436423677291,1352.4854430601358
LightGBMDirectNationalLocal,2024-09-30,holdout,F0,1,63,63,1,818.0841597718133,818.0841597718133,0.9883318095013673,strategy,complete,63,0,0,818.0841597718133,818.0841597718133,0.9883318095013673,63,63,1,complete,0.0,0.0,0.0,0.0,0.0,complete,PRIMARY,818.0841597718133,818.0841597718133
LightGBMDirectNationalLocal,2024-09-30,holdout,F1,1,63,63,1,821.6836615374644,821.6836615374644,0.9884452917241907,strategy,complete,63,0,0,818.0841597718133,818.0841597718133,0.9883318095013673,63,63,1,complete,3.599501765651098,3.599501765651098,0.00011348222282336895,0.004399916222134285,0.4399916222134285,complete,PRIMARY,821.6836615374644,818.0841597718133
LightGBMDirectNationalLocal,2024-09-30,holdout,F2,1,63,63,1,747.0575614450739,747.0575614450739,0.9906486997914616,strategy,complete,63,0,0,818.0841597718133,818.0841597718133,0.9883318095013673,63,63,1,complete,-71.02659832673942,-71.02659832673942,0.002316890290094298,-0.08682064978076429,-8.68206497807643,complete,PRIMARY,747.0575614450739,818.0841597718133
LightGBMDirectNationalLocal,2024-09-30,holdout,F3,1,63,63,1,722.7608392603687,722.7608392603687,0.9910167314197353,strategy,complete,63,0,0,818.0841597718133,818.0841597718133,0.9883318095013673,63,63,1,complete,-95.32332051144465,-95.32332051144465,0.0026849219183679995,-0.11652018850729612,-11.652018850729611,complete,PRIMARY,722.7608392603687,818.0841597718133
LightGBMDirectNationalLocal,2024-09-30,holdout,F0,3,63,63,1,1221.680694152338,1221.680694152338,0.9834252009682406,strategy,complete,63,0,0,1221.680694152338,1221.680694152338,0.9834252009682406,63,63,1,complete,0.0,0.0,0.0,0.0,0.0,complete,PRIMARY,1221.680694152338,1221.680694152338
LightGBMDirectNationalLocal,2024-09-30,holdout,F1,3,63,63,1,1237.3767019374052,1237.3767019374052,0.9824867509519201,strategy,complete,63,0,0,1221.680694152338,1221.680694152338,0.9834252009682406,63,63,1,complete,15.696007785067195,15.696007785067195,-0.0009384500163205356,0.012847880677985056,1.2847880677985055,complete,PRIMARY,1237.3767019374052,1221.680694152338
LightGBMDirectNationalLocal,2024-09-30,holdout,F2,3,63,63,1,1210.3149057716657,1210.3149057716657,0.9832216847445436,strategy,complete,63,0,0,1221.680694152338,1221.680694152338,0.9834252009682406,63,63,1,complete,-11.365788380672257,-11.365788380672257,-0.00020351622369696454,-0.009303403446641512,-0.9303403446641512,complete,PRIMARY,1210.3149057716657,1221.680694152338
LightGBMDirectNationalLocal,2024-09-30,holdout,F3,3,63,63,1,1232.4483581084307,1232.4483581084307,0.9821734838933193,strategy,complete,63,0,0,1221.680694152338,1221.680694152338,0.9834252009682406,63,63,1,complete,10.767663956092747,10.767663956092747,-0.0012517170749213324,0.008813811994928741,0.8813811994928742,complete,PRIMARY,1232.4483581084307,1221.680694152338
LightGBMDirectNationalLocal,2024-10-31,holdout,F0,1,63,63,1,705.2903202987798,705.2903202987798,0.9914090042268588,strategy,complete,63,0,0,705.2903202987798,705.2903202987798,0.9914090042268588,63,63,1,complete,0.0,0.0,0.0,0.0,0.0,complete,PRIMARY,705.2903202987798,705.2903202987798
LightGBMDirectNationalLocal,2024-10-31,holdout,F1,1,63,63,1,696.1141323635327,696.1141323635327,0.9911748437172412,strategy,complete,63,0,0,705.2903202987798,705.2903202987798,0.9914090042268588,63,63,1,complete,-9.176187935247071,-9.176187935247071,-0.00023416050961766466,-0.013010511659028291,-1.301051165902829,complete,PRIMARY,696.1141323635327,705.2903202987798
LightGBMDirectNationalLocal,2024-10-31,holdout,F2,1,63,63,1,770.3761344706738,770.3761344706738,0.9896035521336876,strategy,complete,63,0,0,705.2903202987798,705.2903202987798,0.9914090042268588,63,63,1,complete,65.08581417189407,65.08581417189407,-0.0018054520931712892,0.09228230176804636,9.228230176804637,complete,PRIMARY,770.3761344706738,705.2903202987798
LightGBMDirectNationalLocal,2024-10-31,holdout,F3,1,63,63,1,734.3266539097,734.3266539097,0.9907558681941987,strategy,complete,63,0,0,705.2903202987798,705.2903202987798,0.9914090042268588,63,63,1,complete,29.036333610920224,29.036333610920224,-0.000653136032660151,0.04116933520173602,4.1169335201736015,complete,PRIMARY,734.3266539097,705.2903202987798
LightGBMDirectNationalLocal,2024-11-30,holdout,F0,1,63,63,1,965.1620823249149,965.1620823249149,0.9906983809399635,strategy,complete,63,0,0,965.1620823249149,965.1620823249149,0.9906983809399635,63,63,1,complete,0.0,0.0,0.0,0.0,0.0,complete,PRIMARY,965.1620823249149,965.1620823249149
LightGBMDirectNationalLocal,2024-11-30,holdout,F1,1,63,63,1,1036.8442152388172,1036.8442152388172,0.9892480779478984,strategy,complete,63,0,0,965.1620823249149,965.1620823249149,0.9906983809399635,63,63,1,complete,71.68213291390236,71.68213291390236,-0.0014503029920651667,0.0742695286383734,7.426952863837339,complete,PRIMARY,1036.8442152388172,965.1620823249149
LightGBMDirectNationalLocal,2024-11-30,holdout,F2,1,63,63,1,1033.8843877265163,1033.8843877265163,0.9893452035926009,strategy,complete,63,0,0,965.1620823249149,965.1620823249149,0.9906983809399635,63,63,1,complete,68.72230540160137,68.72230540160137,-0.0013531773473626219,0.07120286494892213,7.120286494892213,complete,PRIMARY,1033.8843877265163,965.1620823249149
LightGBMDirectNationalLocal,2024-11-30,holdout,F3,1,63,63,1,1043.8366981800664,1043.8366981800664,0.9892776071195947,strategy,complete,63,0,0,965.1620823249149,965.1620823249149,0.9906983809399635,63,63,1,complete,78.6746158551515,78.6746158551515,-0.0014207738203688702,0.08151440809365142,8.151440809365141,complete,PRIMARY,1043.8366981800664,965.1620823249149
LightGBMDirect,2023-12-31,holdout,F0,12,63,63,1,4322.142857142857,4322.142857142857,0.8309256962369078,strategy,complete,0,63,0,4322.142857142857,4322.142857142857,0.8309256962369078,63,63,1,complete,0.0,0.0,0.0,0.0,0.0,complete,DESCRIPTIVE ONLY,4322.142857142857,4322.142857142857
LightGBMDirect,2023-12-31,holdout,F1,12,63,63,1,4322.142857142857,4322.142857142857,0.8309256962369078,strategy,complete,0,63,0,4322.142857142857,4322.142857142857,0.8309256962369078,63,63,1,complete,0.0,0.0,0.0,0.0,0.0,complete,DESCRIPTIVE ONLY,4322.142857142857,4322.142857142857
LightGBMDirect,2023-12-31,holdout,F2,12,63,63,1,4322.142857142857,4322.142857142857,0.8309256962369078,strategy,complete,0,63,0,4322.142857142857,4322.142857142857,0.8309256962369078,63,63,1,complete,0.0,0.0,0.0,0.0,0.0,complete,DESCRIPTIVE ONLY,4322.142857142857,4322.142857142857
LightGBMDirect,2023-12-31,holdout,F3,12,63,63,1,4322.142857142857,4322.142857142857,0.8309256962369078,strategy,complete,0,63,0,4322.142857142857,4322.142857142857,0.8309256962369078,63,63,1,complete,0.0,0.0,0.0,0.0,0.0,complete,DESCRIPTIVE ONLY,4322.142857142857,4322.142857142857
LightGBMDirect,2023-12-31,validation,F0,1,63,63,1,7635.841382500964,7635.841382500964,0.08958066795057495,strategy,complete,63,0,0,7635.841382500964,7635.841382500964,0.08958066795057495,63,63,1,complete,0.0,0.0,0.0,0.0,0.0,complete,PRIMARY,7635.841382500964,7635.841382500964
LightGBMDirect,2023-12-31,validation,F1,1,63,63,1,7451.010346213452,7451.010346213452,0.14193349585930037,strategy,complete,63,0,0,7635.841382500964,7635.841382500964,0.08958066795057495,63,63,1,complete,-184.83103628751178,-184.83103628751178,0.05235282790872542,-0.0242057197142791,-2.4205719714279104,complete,PRIMARY,7451.010346213452,7635.841382500964
LightGBMDirect,2023-12-31,validation,F2,1,63,63,1,7479.773111360294,7479.773111360294,0.13232079065673052,strategy,complete,63,0,0,7635.841382500964,7635.841382500964,0.08958066795057495,63,63,1,complete,-156.06827114066982,-156.06827114066982,0.04274012270615557,-0.020438909521920012,-2.043890952192001,complete,PRIMARY,7479.773111360294,7635.841382500964
LightGBMDirect,2023-12-31,validation,F3,1,63,63,1,7278.509912493339,7278.509912493339,0.17770929914274203,strategy,complete,63,0,0,7635.841382500964,7635.841382500964,0.08958066795057495,63,63,1,complete,-357.3314700076253,-357.3314700076253,0.08812863119216707,-0.046796607224780865,-4.679660722478086,complete,PRIMARY,7278.509912493339,7635.841382500964
LightGBMDirect,2023-12-31,validation,F0,3,63,63,1,1617.8180131123434,1617.8180131123434,0.9606183482222577,strategy,complete,63,0,0,1617.8180131123434,1617.8180131123434,0.9606183482222577,63,63,1,complete,0.0,0.0,0.0,0.0,0.0,complete,PRIMARY,1617.8180131123434,1617.8180131123434
LightGBMDirect,2023-12-31,validation,F1,3,63,63,1,1533.6671492123003,1533.6671492123003,0.9646159314420806,strategy,complete,63,0,0,1617.8180131123434,1617.8180131123434,0.9606183482222577,63,63,1,complete,-84.15086390004308,-84.15086390004308,0.003997583219822909,-0.05201503705485046,-5.201503705485046,complete,PRIMARY,1533.6671492123003,1617.8180131123434
LightGBMDirect,2023-12-31,validation,F2,3,63,63,1,1481.196025746146,1481.196025746146,0.9615854090245272,strategy,complete,63,0,0,1617.8180131123434,1617.8180131123434,0.9606183482222577,63,63,1,complete,-136.62198736619735,-136.62198736619735,0.0009670608022694926,-0.08444830398653136,-8.444830398653135,complete,PRIMARY,1481.196025746146,1617.8180131123434
LightGBMDirect,2023-12-31,validation,F3,3,63,63,1,1619.0721066538265,1619.0721066538265,0.9584679594501845,strategy,complete,63,0,0,1617.8180131123434,1617.8180131123434,0.9606183482222577,63,63,1,complete,1.2540935414831438,1.2540935414831438,-0.0021503887720731862,0.0007751759044087599,0.07751759044087599,complete,PRIMARY,1619.0721066538265,1617.8180131123434
LightGBMDirect,2023-12-31,validation,F0,6,63,63,1,6378.066138649212,6378.066138649212,0.5551963632918235,strategy,complete,63,0,0,6378.066138649212,6378.066138649212,0.5551963632918235,63,63,1,complete,0.0,0.0,0.0,0.0,0.0,complete,PRIMARY,6378.066138649212,6378.066138649212
LightGBMDirect,2023-12-31,validation,F1,6,63,63,1,6378.066138649212,6378.066138649212,0.5551963632918235,strategy,complete,63,0,0,6378.066138649212,6378.066138649212,0.5551963632918235,63,63,1,complete,0.0,0.0,0.0,0.0,0.0,complete,PRIMARY,6378.066138649212,6378.066138649212
LightGBMDirect,2023-12-31,validation,F2,6,63,63,1,5602.291568108936,5602.291568108936,0.6426345390544976,strategy,complete,63,0,0,6378.066138649212,6378.066138649212,0.5551963632918235,63,63,1,complete,-775.7745705402758,-775.7745705402758,0.0874381757626741,-0.12163162840838374,-12.163162840838373,complete,PRIMARY,5602.291568108936,6378.066138649212
LightGBMDirect,2023-12-31,validation,F3,6,63,63,1,5602.291568108936,5602.291568108936,0.6426345390544976,strategy,complete,63,0,0,6378.066138649212,6378.066138649212,0.5551963632918235,63,63,1,complete,-775.7745705402758,-775.7745705402758,0.0874381757626741,-0.12163162840838374,-12.163162840838373,complete,PRIMARY,5602.291568108936,6378.066138649212
LightGBMDirect,2024-01-31,holdout,F0,6,63,63,1,3532.5615109980095,3532.5615109980095,0.8201359093038365,strategy,complete,63,0,0,3532.5615109980095,3532.5615109980095,0.8201359093038365,63,63,1,complete,0.0,0.0,0.0,0.0,0.0,complete,PRIMARY,3532.5615109980095,3532.5615109980095
LightGBMDirect,2024-01-31,holdout,F1,6,63,63,1,3601.5572898451014,3601.5572898451014,0.8182360325848963,strategy,complete,63,0,0,3532.5615109980095,3532.5615109980095,0.8201359093038365,63,63,1,complete,68.99577884709197,68.99577884709197,-0.0018998767189402077,0.019531373659676055,1.9531373659676055,complete,PRIMARY,3601.5572898451014,3532.5615109980095
LightGBMDirect,2024-01-31,holdout,F2,6,63,63,1,9345.802851268587,9345.802851268587,0.14878956509366892,strategy,complete,63,0,0,3532.5615109980095,3532.5615109980095,0.8201359093038365,63,63,1,complete,5813.241340270577,5813.241340270577,-0.6713463442101676,1.645616452019893,164.5616452019893,complete,PRIMARY,9345.802851268587,3532.5615109980095
LightGBMDirect,2024-01-31,holdout,F3,6,63,63,1,9345.802851268587,9345.802851268587,0.14878956509366892,strategy,complete,63,0,0,3532.5615109980095,3532.5615109980095,0.8201359093038365,63,63,1,complete,5813.241340270577,5813.241340270577,-0.6713463442101676,1.645616452019893,164.5616452019893,complete,PRIMARY,9345.802851268587,3532.5615109980095
LightGBMDirect,2024-01-31,validation,F0,1,63,63,1,3932.251490781267,3932.251490781267,0.7631324574525132,strategy,complete,63,0,0,3932.251490781267,3932.251490781267,0.7631324574525132,63,63,1,complete,0.0,0.0,0.0,0.0,0.0,complete,PRIMARY,3932.251490781267,3932.251490781267
LightGBMDirect,2024-01-31,validation,F1,1,63,63,1,2782.610973269798,2782.610973269798,0.8666826866864009,strategy,complete,63,0,0,3932.251490781267,3932.251490781267,0.7631324574525132,63,63,1,complete,-1149.6405175114692,-1149.6405175114692,0.10355022923388768,-0.29236190009888113,-29.236190009888112,complete,PRIMARY,2782.610973269798,3932.251490781267
LightGBMDirect,2024-01-31,validation,F2,1,63,63,1,1117.2923964674799,1117.2923964674799,0.9640448416506562,strategy,complete,63,0,0,3932.251490781267,3932.251490781267,0.7631324574525132,63,63,1,complete,-2814.9590943137873,-2814.9590943137873,0.20091238419814295,-0.7158644610888064,-71.58644610888064,complete,PRIMARY,1117.2923964674799,3932.251490781267
LightGBMDirect,2024-01-31,validation,F3,1,63,63,1,1065.5676008588628,1065.5676008588628,0.9716563855338319,strategy,complete,63,0,0,3932.251490781267,3932.251490781267,0.7631324574525132,63,63,1,complete,-2866.683889922404,-2866.683889922404,0.2085239280813187,-0.7290184507890786,-72.90184507890785,complete,PRIMARY,1065.5676008588628,3932.251490781267
LightGBMDirect,2024-01-31,validation,F0,3,63,63,1,4856.881382957742,4856.881382957742,0.7069308073473349,strategy,complete,63,0,0,4856.881382957742,4856.881382957742,0.7069308073473349,63,63,1,complete,0.0,0.0,0.0,0.0,0.0,complete,PRIMARY,4856.881382957742,4856.881382957742
LightGBMDirect,2024-01-31,validation,F1,3,63,63,1,4480.347464608966,4480.347464608966,0.7495960242625277,strategy,complete,63,0,0,4856.881382957742,4856.881382957742,0.7069308073473349,63,63,1,complete,-376.53391834877584,-376.53391834877584,0.04266521691519276,-0.07752586251539756,-7.752586251539756,complete,PRIMARY,4480.347464608966,4856.881382957742
LightGBMDirect,2024-01-31,validation,F2,3,63,63,1,4873.681485441069,4873.681485441069,0.7071933854288052,strategy,complete,63,0,0,4856.881382957742,4856.881382957742,0.7069308073473349,63,63,1,complete,16.800102483326555,16.800102483326555,0.00026257808147023276,0.0034590308386521955,0.34590308386521956,complete,PRIMARY,4873.681485441069,4856.881382957742
LightGBMDirect,2024-01-31,validation,F3,3,63,63,1,4903.075798098573,4903.075798098573,0.7047742093373014,strategy,complete,63,0,0,4856.881382957742,4856.881382957742,0.7069308073473349,63,63,1,complete,46.19441514083064,46.19441514083064,-0.002156598010033539,0.00951112689367332,0.951112689367332,complete,PRIMARY,4903.075798098573,4856.881382957742
LightGBMDirect,2024-02-29,holdout,F0,6,63,63,1,5018.661227618032,5018.661227618032,0.7328357675095508,strategy,complete,63,0,0,5018.661227618032,5018.661227618032,0.7328357675095508,63,63,1,complete,0.0,0.0,0.0,0.0,0.0,complete,PRIMARY,5018.661227618032,5018.661227618032
LightGBMDirect,2024-02-29,holdout,F1,6,63,63,1,5018.661227618032,5018.661227618032,0.7328357675095508,strategy,complete,63,0,0,5018.661227618032,5018.661227618032,0.7328357675095508,63,63,1,complete,0.0,0.0,0.0,0.0,0.0,complete,PRIMARY,5018.661227618032,5018.661227618032
LightGBMDirect,2024-02-29,holdout,F2,6,63,63,1,5519.148821673639,5519.148821673639,0.6808115177360922,strategy,complete,63,0,0,5018.661227618032,5018.661227618032,0.7328357675095508,63,63,1,complete,500.4875940556067,500.4875940556067,-0.05202424977345865,0.0997253194340733,9.97253194340733,complete,PRIMARY,5519.148821673639,5018.661227618032
LightGBMDirect,2024-02-29,holdout,F3,6,63,63,1,5519.148821673639,5519.148821673639,0.6808115177360922,strategy,complete,63,0,0,5018.661227618032,5018.661227618032,0.7328357675095508,63,63,1,complete,500.4875940556067,500.4875940556067,-0.05202424977345865,0.0997253194340733,9.97253194340733,complete,PRIMARY,5519.148821673639,5018.661227618032
LightGBMDirect,2024-02-29,validation,F0,1,63,63,1,1623.3323666979102,1623.3323666979102,0.960868412704232,strategy,complete,63,0,0,1623.3323666979102,1623.3323666979102,0.960868412704232,63,63,1,complete,0.0,0.0,0.0,0.0,0.0,complete,PRIMARY,1623.3323666979102,1623.3323666979102
LightGBMDirect,2024-02-29,validation,F1,1,63,63,1,1749.4835317088905,1749.4835317088905,0.9583757399862567,strategy,complete,63,0,0,1623.3323666979102,1623.3323666979102,0.960868412704232,63,63,1,complete,126.15116501098032,126.15116501098032,-0.002492672717975264,0.07771123621935155,7.771123621935155,complete,PRIMARY,1749.4835317088905,1623.3323666979102
LightGBMDirect,2024-02-29,validation,F2,1,63,63,1,4112.124629995669,4112.124629995669,0.8147134038300758,strategy,complete,63,0,0,1623.3323666979102,1623.3323666979102,0.960868412704232,63,63,1,complete,2488.792263297759,2488.792263297759,-0.1461550088741561,1.5331378307698735,153.31378307698736,complete,PRIMARY,4112.124629995669,1623.3323666979102
LightGBMDirect,2024-02-29,validation,F3,1,63,63,1,3956.459652429213,3956.459652429213,0.8289855366121107,strategy,complete,63,0,0,1623.3323666979102,1623.3323666979102,0.960868412704232,63,63,1,complete,2333.1272857313024,2333.1272857313024,-0.13188287609212124,1.4372455903637382,143.72455903637382,complete,PRIMARY,3956.459652429213,1623.3323666979102
LightGBMDirect,2024-02-29,validation,F0,3,63,63,1,3687.210665875975,3687.210665875975,0.8311187698464078,strategy,complete,63,0,0,3687.210665875975,3687.210665875975,0.8311187698464078,63,63,1,complete,0.0,0.0,0.0,0.0,0.0,complete,PRIMARY,3687.210665875975,3687.210665875975
LightGBMDirect,2024-02-29,validation,F1,3,63,63,1,3426.651036589091,3426.651036589091,0.8492960575356727,strategy,complete,63,0,0,3687.210665875975,3687.210665875975,0.8311187698464078,63,63,1,complete,-260.55962928688405,-260.55962928688405,0.018177287689264965,-0.07066578313473787,-7.066578313473787,complete,PRIMARY,3426.651036589091,3687.210665875975
LightGBMDirect,2024-02-29,validation,F2,3,63,63,1,3412.1448862797884,3412.1448862797884,0.8559791401356237,strategy,complete,63,0,0,3687.210665875975,3687.210665875975,0.8311187698464078,63,63,1,complete,-275.06577959618653,-275.06577959618653,0.02486037028921595,-0.07459996309455208,-7.459996309455208,complete,PRIMARY,3412.1448862797884,3687.210665875975
LightGBMDirect,2024-02-29,validation,F3,3,63,63,1,3095.625610347332,3095.625610347332,0.8822523184135704,strategy,complete,63,0,0,3687.210665875975,3687.210665875975,0.8311187698464078,63,63,1,complete,-591.5850555286429,-591.5850555286429,0.05113354856716268,-0.16044243444064224,-16.044243444064225,complete,PRIMARY,3095.625610347332,3687.210665875975
LightGBMDirect,2024-03-31,holdout,F0,6,63,63,1,1276.91678256394,1276.91678256394,0.9720884884183891,strategy,complete,63,0,0,1276.91678256394,1276.91678256394,0.9720884884183891,63,63,1,complete,0.0,0.0,0.0,0.0,0.0,complete,PRIMARY,1276.91678256394,1276.91678256394
LightGBMDirect,2024-03-31,holdout,F1,6,63,63,1,1276.91678256394,1276.91678256394,0.9720884884183891,strategy,complete,63,0,0,1276.91678256394,1276.91678256394,0.9720884884183891,63,63,1,complete,0.0,0.0,0.0,0.0,0.0,complete,PRIMARY,1276.91678256394,1276.91678256394
LightGBMDirect,2024-03-31,holdout,F2,6,63,63,1,1191.5257030748053,1191.5257030748053,0.9780683459786944,strategy,complete,63,0,0,1276.91678256394,1276.91678256394,0.9720884884183891,63,63,1,complete,-85.39107948913465,-85.39107948913465,0.0059798575603052795,-0.06687286176760607,-6.687286176760606,complete,PRIMARY,1191.5257030748053,1276.91678256394
LightGBMDirect,2024-03-31,holdout,F3,6,63,63,1,1191.5257030748053,1191.5257030748053,0.9780683459786944,strategy,complete,63,0,0,1276.91678256394,1276.91678256394,0.9720884884183891,63,63,1,complete,-85.39107948913465,-85.39107948913465,0.0059798575603052795,-0.06687286176760607,-6.687286176760606,complete,PRIMARY,1191.5257030748053,1276.91678256394
LightGBMDirect,2024-03-31,validation,F0,1,63,63,1,1285.2530732023681,1285.2530732023681,0.9771342994008815,strategy,complete,63,0,0,1285.2530732023681,1285.2530732023681,0.9771342994008815,63,63,1,complete,0.0,0.0,0.0,0.0,0.0,complete,PRIMARY,1285.2530732023681,1285.2530732023681
LightGBMDirect,2024-03-31,validation,F1,1,63,63,1,765.3883415749248,765.3883415749248,0.9888953431759053,strategy,complete,63,0,0,1285.2530732023681,1285.2530732023681,0.9771342994008815,63,63,1,complete,-519.8647316274433,-519.8647316274433,0.01176104377502385,-0.404484332670869,-40.4484332670869,complete,PRIMARY,765.3883415749248,1285.2530732023681
LightGBMDirect,2024-03-31,validation,F2,1,63,63,1,1055.2820838514874,1055.2820838514874,0.9833276907564643,strategy,complete,63,0,0,1285.2530732023681,1285.2530732023681,0.9771342994008815,63,63,1,complete,-229.9709893508807,-229.9709893508807,0.0061933913555828335,-0.1789305111544136,-17.89305111544136,complete,PRIMARY,1055.2820838514874,1285.2530732023681
LightGBMDirect,2024-03-31,validation,F3,1,63,63,1,1085.9497943281833,1085.9497943281833,0.9824805860645972,strategy,complete,63,0,0,1285.2530732023681,1285.2530732023681,0.9771342994008815,63,63,1,complete,-199.3032788741848,-199.3032788741848,0.005346286663715727,-0.155069287932217,-15.5069287932217,complete,PRIMARY,1085.9497943281833,1285.2530732023681
LightGBMDirect,2024-03-31,validation,F0,3,63,63,1,1358.1803688855728,1358.1803688855728,0.9727826471710845,strategy,complete,63,0,0,1358.1803688855728,1358.1803688855728,0.9727826471710845,63,63,1,complete,0.0,0.0,0.0,0.0,0.0,complete,PRIMARY,1358.1803688855728,1358.1803688855728
LightGBMDirect,2024-03-31,validation,F1,3,63,63,1,1319.3844692263779,1319.3844692263779,0.9730315530930489,strategy,complete,63,0,0,1358.1803688855728,1358.1803688855728,0.9727826471710845,63,63,1,complete,-38.7958996591949,-38.7958996591949,0.0002489059219643597,-0.028564615236655266,-2.8564615236655264,complete,PRIMARY,1319.3844692263779,1358.1803688855728
LightGBMDirect,2024-03-31,validation,F2,3,63,63,1,1419.0875909863566,1419.0875909863566,0.9700501662166441,strategy,complete,63,0,0,1358.1803688855728,1358.1803688855728,0.9727826471710845,63,63,1,complete,60.90722210078388,60.90722210078388,-0.0027324809544404527,0.04484472276002639,4.48447227600264,complete,PRIMARY,1419.0875909863566,1358.1803688855728
LightGBMDirect,2024-03-31,validation,F3,3,63,63,1,1464.4501567538323,1464.4501567538323,0.9678992121895375,strategy,complete,63,0,0,1358.1803688855728,1358.1803688855728,0.9727826471710845,63,63,1,complete,106.26978786825953,106.26978786825953,-0.004883434981547086,0.07824423788090608,7.824423788090608,complete,PRIMARY,1464.4501567538323,1358.1803688855728
LightGBMDirect,2024-04-30,holdout,F0,3,63,63,1,1732.565169384085,1732.565169384085,0.9434499210494157,strategy,complete,63,0,0,1732.565169384085,1732.565169384085,0.9434499210494157,63,63,1,complete,0.0,0.0,0.0,0.0,0.0,complete,PRIMARY,1732.565169384085,1732.565169384085
LightGBMDirect,2024-04-30,holdout,F1,3,63,63,1,1711.3874687035684,1711.3874687035684,0.9440465205463239,strategy,complete,63,0,0,1732.565169384085,1732.565169384085,0.9434499210494157,63,63,1,complete,-21.177700680516637,-21.177700680516637,0.0005965994969081567,-0.012223321266492483,-1.2223321266492484,complete,PRIMARY,1711.3874687035684,1732.565169384085
LightGBMDirect,2024-04-30,holdout,F2,3,63,63,1,1670.6084080440073,1670.6084080440073,0.9440813892004666,strategy,complete,63,0,0,1732.565169384085,1732.565169384085,0.9434499210494157,63,63,1,complete,-61.95676134007772,-61.95676134007772,0.0006314681510508624,-0.035760133260732074,-3.576013326073207,complete,PRIMARY,1670.6084080440073,1732.565169384085
LightGBMDirect,2024-04-30,holdout,F3,3,63,63,1,1712.2402695694673,1712.2402695694673,0.9425387977163275,strategy,complete,63,0,0,1732.565169384085,1732.565169384085,0.9434499210494157,63,63,1,complete,-20.324899814617766,-20.324899814617766,-0.0009111233330881818,-0.01173110262965931,-1.173110262965931,complete,PRIMARY,1712.2402695694673,1732.565169384085
LightGBMDirect,2024-04-30,holdout,F0,6,63,63,1,1441.268531264116,1441.268531264116,0.9650664316397021,strategy,complete,63,0,0,1441.268531264116,1441.268531264116,0.9650664316397021,63,63,1,complete,0.0,0.0,0.0,0.0,0.0,complete,PRIMARY,1441.268531264116,1441.268531264116
LightGBMDirect,2024-04-30,holdout,F1,6,63,63,1,1439.6912949268672,1439.6912949268672,0.9642931578450967,strategy,complete,63,0,0,1441.268531264116,1441.268531264116,0.9650664316397021,63,63,1,complete,-1.5772363372489053,-1.5772363372489053,-0.0007732737946053447,-0.0010943389819699553,-0.10943389819699553,complete,PRIMARY,1439.6912949268672,1441.268531264116
LightGBMDirect,2024-04-30,holdout,F2,6,63,63,1,1349.5486672696509,1349.5486672696509,0.9683237344581191,strategy,complete,63,0,0,1441.268531264116,1441.268531264116,0.9650664316397021,63,63,1,complete,-91.71986399446519,-91.71986399446519,0.003257302818417074,-0.06363828946852743,-6.363828946852743,complete,PRIMARY,1349.5486672696509,1441.268531264116
LightGBMDirect,2024-04-30,holdout,F3,6,63,63,1,1392.3702381493565,1392.3702381493565,0.9662745140384578,strategy,complete,63,0,0,1441.268531264116,1441.268531264116,0.9650664316397021,63,63,1,complete,-48.898293114759554,-48.898293114759554,0.0012080823987556943,-0.03392726064161795,-3.3927260641617947,complete,PRIMARY,1392.3702381493565,1441.268531264116
LightGBMDirect,2024-04-30,validation,F0,1,63,63,1,1029.7736289792992,1029.7736289792992,0.9824224497191146,strategy,complete,63,0,0,1029.7736289792992,1029.7736289792992,0.9824224497191146,63,63,1,complete,0.0,0.0,0.0,0.0,0.0,complete,PRIMARY,1029.7736289792992,1029.7736289792992
LightGBMDirect,2024-04-30,validation,F1,1,63,63,1,876.7446050062908,876.7446050062908,0.9867845181007984,strategy,complete,63,0,0,1029.7736289792992,1029.7736289792992,0.9824224497191146,63,63,1,complete,-153.0290239730084,-153.0290239730084,0.004362068381683737,-0.14860452789482398,-14.860452789482398,complete,PRIMARY,876.7446050062908,1029.7736289792992
LightGBMDirect,2024-04-30,validation,F2,1,63,63,1,870.4468364004209,870.4468364004209,0.9863190324962698,strategy,complete,63,0,0,1029.7736289792992,1029.7736289792992,0.9824224497191146,63,63,1,complete,-159.32679257887833,-159.32679257887833,0.003896582777155211,-0.15472021043770692,-15.472021043770692,complete,PRIMARY,870.4468364004209,1029.7736289792992
LightGBMDirect,2024-04-30,validation,F3,1,63,63,1,845.2034651687305,845.2034651687305,0.9871448427486759,strategy,complete,63,0,0,1029.7736289792992,1029.7736289792992,0.9824224497191146,63,63,1,complete,-184.57016381056872,-184.57016381056872,0.004722393029561234,-0.17923372537080087,-17.923372537080088,complete,PRIMARY,845.2034651687305,1029.7736289792992
LightGBMDirect,2024-05-31,holdout,F0,3,63,63,1,1310.4218808278197,1310.4218808278197,0.9588674347389503,strategy,complete,63,0,0,1310.4218808278197,1310.4218808278197,0.9588674347389503,63,63,1,complete,0.0,0.0,0.0,0.0,0.0,complete,PRIMARY,1310.4218808278197,1310.4218808278197
LightGBMDirect,2024-05-31,holdout,F1,3,63,63,1,1301.55356530809,1301.55356530809,0.9604189538259881,strategy,complete,63,0,0,1310.4218808278197,1310.4218808278197,0.9588674347389503,63,63,1,complete,-8.868315519729776,-8.868315519729776,0.001551519087037767,-0.006767527045662184,-0.6767527045662184,complete,PRIMARY,1301.55356530809,1310.4218808278197
LightGBMDirect,2024-05-31,holdout,F2,3,63,63,1,1336.1756394608778,1336.1756394608778,0.959030268661857,strategy,complete,63,0,0,1310.4218808278197,1310.4218808278197,0.9588674347389503,63,63,1,complete,25.75375863305817,25.75375863305817,0.00016283392290672438,0.019653028547408722,1.9653028547408722,complete,PRIMARY,1336.1756394608778,1310.4218808278197
LightGBMDirect,2024-05-31,holdout,F3,3,63,63,1,1368.0962849454804,1368.0962849454804,0.9599672235306252,strategy,complete,63,0,0,1310.4218808278197,1310.4218808278197,0.9588674347389503,63,63,1,complete,57.67440411766074,57.67440411766074,0.0010997887916749383,0.044012088749026894,4.401208874902689,complete,PRIMARY,1368.0962849454804,1310.4218808278197
LightGBMDirect,2024-05-31,holdout,F0,6,63,63,1,1986.346016284838,1986.346016284838,0.9404016250805182,strategy,complete,63,0,0,1986.346016284838,1986.346016284838,0.9404016250805182,63,63,1,complete,0.0,0.0,0.0,0.0,0.0,complete,PRIMARY,1986.346016284838,1986.346016284838
LightGBMDirect,2024-05-31,holdout,F1,6,63,63,1,1956.35559187741,1956.35559187741,0.9414180710754131,strategy,complete,63,0,0,1986.346016284838,1986.346016284838,0.9404016250805182,63,63,1,complete,-29.99042440742801,-29.99042440742801,0.0010164459948949212,-0.015098288093592371,-1.5098288093592371,complete,PRIMARY,1956.35559187741,1986.346016284838
LightGBMDirect,2024-05-31,holdout,F2,6,63,63,1,2068.5160090534546,2068.5160090534546,0.9377112923792897,strategy,complete,63,0,0,1986.346016284838,1986.346016284838,0.9404016250805182,63,63,1,complete,82.16999276861657,82.16999276861657,-0.002690332701228426,0.04136741136486542,4.136741136486542,complete,PRIMARY,2068.5160090534546,1986.346016284838
LightGBMDirect,2024-05-31,holdout,F3,6,63,63,1,2063.8590211411315,2063.8590211411315,0.9378902181392443,strategy,complete,63,0,0,1986.346016284838,1986.346016284838,0.9404016250805182,63,63,1,complete,77.51300485629349,77.51300485629349,-0.0025114069412738305,0.039022911527403434,3.9022911527403434,complete,PRIMARY,2063.8590211411315,1986.346016284838
LightGBMDirect,2024-05-31,validation,F0,1,63,63,1,893.3426620833746,893.3426620833746,0.9809774154409685,strategy,complete,63,0,0,893.3426620833746,893.3426620833746,0.9809774154409685,63,63,1,complete,0.0,0.0,0.0,0.0,0.0,complete,PRIMARY,893.3426620833746,893.3426620833746
LightGBMDirect,2024-05-31,validation,F1,1,63,63,1,873.5718454541468,873.5718454541468,0.981171665593058,strategy,complete,63,0,0,893.3426620833746,893.3426620833746,0.9809774154409685,63,63,1,complete,-19.770816629227852,-19.770816629227852,0.00019425015208951457,-0.022131280043337576,-2.2131280043337576,complete,PRIMARY,873.5718454541468,893.3426620833746
LightGBMDirect,2024-05-31,validation,F2,1,63,63,1,833.2469916382905,833.2469916382905,0.9827279041737185,strategy,complete,63,0,0,893.3426620833746,893.3426620833746,0.9809774154409685,63,63,1,complete,-60.095670445084124,-60.095670445084124,0.0017504887327499663,-0.0672705704045683,-6.727057040456829,complete,PRIMARY,833.2469916382905,893.3426620833746
LightGBMDirect,2024-05-31,validation,F3,1,63,63,1,839.1504207092535,839.1504207092535,0.9818589627569632,strategy,complete,63,0,0,893.3426620833746,893.3426620833746,0.9809774154409685,63,63,1,complete,-54.19224137412118,-54.19224137412118,0.0008815473159946574,-0.060662323287839895,-6.06623232878399,complete,PRIMARY,839.1504207092535,893.3426620833746
LightGBMDirect,2024-06-30,holdout,F0,1,63,63,1,748.7410527139289,748.7410527139289,0.9880364440796369,strategy,complete,63,0,0,748.7410527139289,748.7410527139289,0.9880364440796369,63,63,1,complete,0.0,0.0,0.0,0.0,0.0,complete,PRIMARY,748.7410527139289,748.7410527139289
LightGBMDirect,2024-06-30,holdout,F1,1,63,63,1,697.2347942166479,697.2347942166479,0.9870907159063415,strategy,complete,63,0,0,748.7410527139289,748.7410527139289,0.9880364440796369,63,63,1,complete,-51.50625849728101,-51.50625849728101,-0.0009457281732954126,-0.06879048278518793,-6.879048278518793,complete,PRIMARY,697.2347942166479,748.7410527139289
LightGBMDirect,2024-06-30,holdout,F2,1,63,63,1,757.7562431928565,757.7562431928565,0.9876013138869935,strategy,complete,63,0,0,748.7410527139289,748.7410527139289,0.9880364440796369,63,63,1,complete,9.015190478927593,9.015190478927593,-0.000435130192643407,0.012040465052972089,1.204046505297209,complete,PRIMARY,757.7562431928565,748.7410527139289
LightGBMDirect,2024-06-30,holdout,F3,1,63,63,1,791.173432029777,791.173432029777,0.9855537510609489,strategy,complete,63,0,0,748.7410527139289,748.7410527139289,0.9880364440796369,63,63,1,complete,42.43237931584815,42.43237931584815,-0.002482693018687976,0.05667163455515811,5.667163455515811,complete,PRIMARY,791.173432029777,748.7410527139289
LightGBMDirect,2024-06-30,holdout,F0,3,63,63,1,1563.011983105798,1563.011983105798,0.9635288127884449,strategy,complete,63,0,0,1563.011983105798,1563.011983105798,0.9635288127884449,63,63,1,complete,0.0,0.0,0.0,0.0,0.0,complete,PRIMARY,1563.011983105798,1563.011983105798
LightGBMDirect,2024-06-30,holdout,F1,3,63,63,1,1359.4768999806722,1359.4768999806722,0.9712599990738723,strategy,complete,63,0,0,1563.011983105798,1563.011983105798,0.9635288127884449,63,63,1,complete,-203.53508312512577,-203.53508312512577,0.007731186285427349,-0.13021978418917135,-13.021978418917135,complete,PRIMARY,1359.4768999806722,1563.011983105798
LightGBMDirect,2024-06-30,holdout,F2,3,63,63,1,1477.7722419753477,1477.7722419753477,0.9675994688605197,strategy,complete,63,0,0,1563.011983105798,1563.011983105798,0.9635288127884449,63,63,1,complete,-85.23974113045028,-85.23974113045028,0.004070656072074796,-0.05453556469930182,-5.453556469930182,complete,PRIMARY,1477.7722419753477,1563.011983105798
LightGBMDirect,2024-06-30,holdout,F3,3,63,63,1,1416.6774455834184,1416.6774455834184,0.97055586579911,strategy,complete,63,0,0,1563.011983105798,1563.011983105798,0.9635288127884449,63,63,1,complete,-146.3345375223796,-146.3345375223796,0.007027053010665085,-0.09362342650221027,-9.362342650221027,complete,PRIMARY,1416.6774455834184,1563.011983105798
LightGBMDirect,2024-06-30,holdout,F0,6,63,63,1,1523.5175860203992,1523.5175860203992,0.9721273132444398,strategy,complete,63,0,0,1523.5175860203992,1523.5175860203992,0.9721273132444398,63,63,1,complete,0.0,0.0,0.0,0.0,0.0,complete,PRIMARY,1523.5175860203992,1523.5175860203992
LightGBMDirect,2024-06-30,holdout,F1,6,63,63,1,1532.3937388100362,1532.3937388100362,0.9715007348423926,strategy,complete,63,0,0,1523.5175860203992,1523.5175860203992,0.9721273132444398,63,63,1,complete,8.87615278963699,8.87615278963699,-0.0006265784020471621,0.0058260914551190104,0.582609145511901,complete,PRIMARY,1532.3937388100362,1523.5175860203992
LightGBMDirect,2024-06-30,holdout,F2,6,63,63,1,1561.9864983444438,1561.9864983444438,0.9748112583763441,strategy,complete,63,0,0,1523.5175860203992,1523.5175860203992,0.9721273132444398,63,63,1,complete,38.468912324044595,38.468912324044595,0.002683945131904286,0.025250061224780317,2.5250061224780316,complete,PRIMARY,1561.9864983444438,1523.5175860203992
LightGBMDirect,2024-06-30,holdout,F3,6,63,63,1,1569.1891845297223,1569.1891845297223,0.9750495303575338,strategy,complete,63,0,0,1523.5175860203992,1523.5175860203992,0.9721273132444398,63,63,1,complete,45.671598509323076,45.671598509323076,0.002922217113094039,0.02997772978034502,2.9977729780345017,complete,PRIMARY,1569.1891845297223,1523.5175860203992
LightGBMDirect,2024-07-31,holdout,F0,1,63,63,1,537.5540748875593,537.5540748875593,0.9959275015715152,strategy,complete,63,0,0,537.5540748875593,537.5540748875593,0.9959275015715152,63,63,1,complete,0.0,0.0,0.0,0.0,0.0,complete,PRIMARY,537.5540748875593,537.5540748875593
LightGBMDirect,2024-07-31,holdout,F1,1,63,63,1,512.9795182526053,512.9795182526053,0.9960045639674434,strategy,complete,63,0,0,537.5540748875593,537.5540748875593,0.9959275015715152,63,63,1,complete,-24.57455663495398,-24.57455663495398,7.706239592819575e-05,-0.04571550618436715,-4.571550618436715,complete,PRIMARY,512.9795182526053,537.5540748875593
LightGBMDirect,2024-07-31,holdout,F2,1,63,63,1,609.6638463720724,609.6638463720724,0.9932951994377044,strategy,complete,63,0,0,537.5540748875593,537.5540748875593,0.9959275015715152,63,63,1,complete,72.10977148451309,72.10977148451309,-0.0026323021338108266,0.1341442188855072,13.41442188855072,complete,PRIMARY,609.6638463720724,537.5540748875593
LightGBMDirect,2024-07-31,holdout,F3,1,63,63,1,571.1150805575168,571.1150805575168,0.9952329320288383,strategy,complete,63,0,0,537.5540748875593,537.5540748875593,0.9959275015715152,63,63,1,complete,33.56100566995747,33.56100566995747,-0.0006945695426768816,0.06243279929926576,6.243279929926576,complete,PRIMARY,571.1150805575168,537.5540748875593
LightGBMDirect,2024-07-31,holdout,F0,3,63,63,1,1186.3590478784388,1186.3590478784388,0.9728545807445131,strategy,complete,63,0,0,1186.3590478784388,1186.3590478784388,0.9728545807445131,63,63,1,complete,0.0,0.0,0.0,0.0,0.0,complete,PRIMARY,1186.3590478784388,1186.3590478784388
LightGBMDirect,2024-07-31,holdout,F1,3,63,63,1,1269.3610156228892,1269.3610156228892,0.9680778497807354,strategy,complete,63,0,0,1186.3590478784388,1186.3590478784388,0.9728545807445131,63,63,1,complete,83.00196774445044,83.00196774445044,-0.004776730963777731,0.06996361505640517,6.996361505640516,complete,PRIMARY,1269.3610156228892,1186.3590478784388
LightGBMDirect,2024-07-31,holdout,F2,3,63,63,1,1271.4203918334347,1271.4203918334347,0.9660896562587217,strategy,complete,63,0,0,1186.3590478784388,1186.3590478784388,0.9728545807445131,63,63,1,complete,85.06134395499589,85.06134395499589,-0.006764924485791468,0.0716994944381389,7.16994944381389,complete,PRIMARY,1271.4203918334347,1186.3590478784388
LightGBMDirect,2024-07-31,holdout,F3,3,63,63,1,1260.2516544342207,1260.2516544342207,0.9708453130551221,strategy,complete,63,0,0,1186.3590478784388,1186.3590478784388,0.9728545807445131,63,63,1,complete,73.89260655578187,73.89260655578187,-0.0020092676893910255,0.06228519661726669,6.228519661726669,complete,PRIMARY,1260.2516544342207,1186.3590478784388
LightGBMDirect,2024-08-31,holdout,F0,1,63,63,1,1888.8150501521088,1888.8150501521088,0.9565577694583712,strategy,complete,63,0,0,1888.8150501521088,1888.8150501521088,0.9565577694583712,63,63,1,complete,0.0,0.0,0.0,0.0,0.0,complete,PRIMARY,1888.8150501521088,1888.8150501521088
LightGBMDirect,2024-08-31,holdout,F1,1,63,63,1,1886.8490567568078,1886.8490567568078,0.9560098071898431,strategy,complete,63,0,0,1888.8150501521088,1888.8150501521088,0.9565577694583712,63,63,1,complete,-1.965993395300984,-1.965993395300984,-0.0005479622685281571,-0.0010408607211927182,-0.10408607211927182,complete,PRIMARY,1886.8490567568078,1888.8150501521088
LightGBMDirect,2024-08-31,holdout,F2,1,63,63,1,1957.2505261187482,1957.2505261187482,0.952708588289389,strategy,complete,63,0,0,1888.8150501521088,1888.8150501521088,0.9565577694583712,63,63,1,complete,68.43547596663939,68.43547596663939,-0.003849181168982252,0.03623196244710576,3.6231962447105763,complete,PRIMARY,1957.2505261187482,1888.8150501521088
LightGBMDirect,2024-08-31,holdout,F3,1,63,63,1,1950.4129887301976,1950.4129887301976,0.9528310384150497,strategy,complete,63,0,0,1888.8150501521088,1888.8150501521088,0.9565577694583712,63,63,1,complete,61.597938578088815,61.597938578088815,-0.0037267310433215517,0.03261194820166657,3.2611948201666565,complete,PRIMARY,1950.4129887301976,1888.8150501521088
LightGBMDirect,2024-08-31,holdout,F0,3,63,63,1,1668.934818061876,1668.934818061876,0.938832357654115,strategy,complete,63,0,0,1668.934818061876,1668.934818061876,0.938832357654115,63,63,1,complete,0.0,0.0,0.0,0.0,0.0,complete,PRIMARY,1668.934818061876,1668.934818061876
LightGBMDirect,2024-08-31,holdout,F1,3,63,63,1,1665.6717247409442,1665.6717247409442,0.9458569808443184,strategy,complete,63,0,0,1668.934818061876,1668.934818061876,0.938832357654115,63,63,1,complete,-3.26309332093183,-3.26309332093183,0.007024623190203361,-0.001955195185346568,-0.19551951853465677,complete,PRIMARY,1665.6717247409442,1668.934818061876
LightGBMDirect,2024-08-31,holdout,F2,3,63,63,1,1828.8282971514252,1828.8282971514252,0.9375682126734584,strategy,complete,63,0,0,1668.934818061876,1668.934818061876,0.938832357654115,63,63,1,complete,159.89347908954915,159.89347908954915,-0.001264144980656634,0.09580570634581911,9.580570634581912,complete,PRIMARY,1828.8282971514252,1668.934818061876
LightGBMDirect,2024-08-31,holdout,F3,3,63,63,1,1714.340884356958,1714.340884356958,0.945279794722802,strategy,complete,63,0,0,1668.934818061876,1668.934818061876,0.938832357654115,63,63,1,complete,45.40606629508193,45.40606629508193,0.006447437068687001,0.027206614544606194,2.7206614544606196,complete,PRIMARY,1714.340884356958,1668.934818061876
LightGBMDirect,2024-09-30,holdout,F0,1,63,63,1,787.2517575124477,787.2517575124477,0.9900583178992577,strategy,complete,63,0,0,787.2517575124477,787.2517575124477,0.9900583178992577,63,63,1,complete,0.0,0.0,0.0,0.0,0.0,complete,PRIMARY,787.2517575124477,787.2517575124477
LightGBMDirect,2024-09-30,holdout,F1,1,63,63,1,765.0153546165881,765.0153546165881,0.9908365315015497,strategy,complete,63,0,0,787.2517575124477,787.2517575124477,0.9900583178992577,63,63,1,complete,-22.23640289585967,-22.23640289585967,0.0007782136022920216,-0.02824560591153469,-2.8245605911534692,complete,PRIMARY,765.0153546165881,787.2517575124477
LightGBMDirect,2024-09-30,holdout,F2,1,63,63,1,794.9608813098116,794.9608813098116,0.9899355727412105,strategy,complete,63,0,0,787.2517575124477,787.2517575124477,0.9900583178992577,63,63,1,complete,7.709123797363873,7.709123797363873,-0.00012274515804722164,0.009792450412207531,0.9792450412207532,complete,PRIMARY,794.9608813098116,787.2517575124477
LightGBMDirect,2024-09-30,holdout,F3,1,63,63,1,742.1722954452528,742.1722954452528,0.9914658627176205,strategy,complete,63,0,0,787.2517575124477,787.2517575124477,0.9900583178992577,63,63,1,complete,-45.07946206719498,-45.07946206719498,0.0014075448183628048,-0.057261811913429994,-5.726181191343,complete,PRIMARY,742.1722954452528,787.2517575124477
LightGBMDirect,2024-09-30,holdout,F0,3,63,63,1,1237.629742498025,1237.629742498025,0.9810777849776131,strategy,complete,63,0,0,1237.629742498025,1237.629742498025,0.9810777849776131,63,63,1,complete,0.0,0.0,0.0,0.0,0.0,complete,PRIMARY,1237.629742498025,1237.629742498025
LightGBMDirect,2024-09-30,holdout,F1,3,63,63,1,4065.127505893279,4065.127505893279,0.8609215552860314,strategy,complete,63,0,0,1237.629742498025,1237.629742498025,0.9810777849776131,63,63,1,complete,2827.497763395254,2827.497763395254,-0.12015622969158168,2.2846071537423205,228.46071537423205,complete,PRIMARY,4065.127505893279,1237.629742498025
LightGBMDirect,2024-09-30,holdout,F2,3,63,63,1,1227.0585653511032,1227.0585653511032,0.9820618784148046,strategy,complete,63,0,0,1237.629742498025,1237.629742498025,0.9810777849776131,63,63,1,complete,-10.571177146921855,-10.571177146921855,0.0009840934371915244,-0.0085414698628566,-0.85414698628566,complete,PRIMARY,1227.0585653511032,1237.629742498025
LightGBMDirect,2024-09-30,holdout,F3,3,63,63,1,4693.275833958613,4693.275833958613,0.8219047413520633,strategy,complete,63,0,0,1237.629742498025,1237.629742498025,0.9810777849776131,63,63,1,complete,3455.6460914605877,3455.6460914605877,-0.15917304362554985,2.7921485504103436,279.21485504103435,complete,PRIMARY,4693.275833958613,1237.629742498025
LightGBMDirect,2024-10-31,holdout,F0,1,63,63,1,1230.5719179310554,1230.5719179310554,0.9795081741650986,strategy,complete,63,0,0,1230.5719179310554,1230.5719179310554,0.9795081741650986,63,63,1,complete,0.0,0.0,0.0,0.0,0.0,complete,PRIMARY,1230.5719179310554,1230.5719179310554
LightGBMDirect,2024-10-31,holdout,F1,1,63,63,1,1785.0961931970269,1785.0961931970269,0.9627198231899384,strategy,complete,63,0,0,1230.5719179310554,1230.5719179310554,0.9795081741650986,63,63,1,complete,554.5242752659715,554.5242752659715,-0.016788350975160182,0.4506232160719919,45.06232160719919,complete,PRIMARY,1785.0961931970269,1230.5719179310554
LightGBMDirect,2024-10-31,holdout,F2,1,63,63,1,963.6314632713616,963.6314632713616,0.9846800306370915,strategy,complete,63,0,0,1230.5719179310554,1230.5719179310554,0.9795081741650986,63,63,1,complete,-266.94045465969384,-266.94045465969384,0.005171856471992919,-0.21692389593003014,-21.692389593003014,complete,PRIMARY,963.6314632713616,1230.5719179310554
LightGBMDirect,2024-10-31,holdout,F3,1,63,63,1,2075.2216312514224,2075.2216312514224,0.9488090981409574,strategy,complete,63,0,0,1230.5719179310554,1230.5719179310554,0.9795081741650986,63,63,1,complete,844.649713320367,844.649713320367,-0.030699076024141236,0.686387931507868,68.6387931507868,complete,PRIMARY,2075.2216312514224,1230.5719179310554
LightGBMDirect,2024-11-30,holdout,F0,1,63,63,1,826.7489241472011,826.7489241472011,0.991364279837086,strategy,complete,63,0,0,826.7489241472011,826.7489241472011,0.991364279837086,63,63,1,complete,0.0,0.0,0.0,0.0,0.0,complete,PRIMARY,826.7489241472011,826.7489241472011
LightGBMDirect,2024-11-30,holdout,F1,1,63,63,1,823.0684215708877,823.0684215708877,0.9916161191624533,strategy,complete,63,0,0,826.7489241472011,826.7489241472011,0.991364279837086,63,63,1,complete,-3.6805025763134154,-3.6805025763134154,0.0002518393253673201,-0.0044517778842105985,-0.4451777884210599,complete,PRIMARY,823.0684215708877,826.7489241472011
LightGBMDirect,2024-11-30,holdout,F2,1,63,63,1,4613.537807865752,4613.537807865752,0.8363754983425553,strategy,complete,63,0,0,826.7489241472011,826.7489241472011,0.991364279837086,63,63,1,complete,3786.788883718551,3786.788883718551,-0.15498878149453066,4.580337237964546,458.0337237964546,complete,PRIMARY,4613.537807865752,826.7489241472011
LightGBMDirect,2024-11-30,holdout,F3,1,63,63,1,3677.881630532247,3677.881630532247,0.8926057612814027,strategy,complete,63,0,0,826.7489241472011,826.7489241472011,0.991364279837086,63,63,1,complete,2851.132706385046,2851.132706385046,-0.0987585185556833,3.4486077007309257,344.86077007309257,complete,PRIMARY,3677.881630532247,826.7489241472011
