dataset_id,file_or_group,description,used_in,local_source,authoritative_source,source_url,license_or_terms,attribution_required,redistribution_status,publication_decision,repository_destination,size_bytes,sha256,notes
inventory_metadata,data/inventory_files.csv,Пофайловая metadata inventory без значений строк,F7 public data/documentation layer,data/inventory_files.csv,Project metadata,,Own metadata/annotations; no blanket relicensing of sources. See DATA_NOTICE.md.,Project provenance,DERIVED_SAFE,PUBLISH,data/inventory_files.csv,1470344,7b58f62331cbec7f61c3a05e46ded1c34afcb1079988a8e46a1265acc644bea6,Checked 2026-10-07. Proposed F7 artifact; not committed/pushed. SYNTHETIC where indicated; no new generation or fits.
csv_header_metadata,data/schemas/csv_headers.json,200 сохранённых header contracts без значений,F7 public data/documentation layer,data/schemas/csv_headers.json,Project metadata,,Own metadata/annotations; no blanket relicensing of sources. See DATA_NOTICE.md.,Project provenance,DERIVED_SAFE,PUBLISH,data/schemas/csv_headers.json,506700,098a2f063232a69be6c726e0c025bd0bb7a6cb597505a5d3bbde196175b5b593,Checked 2026-10-07. Proposed F7 artifact; not committed/pushed. SYNTHETIC where indicated; no new generation or fits.
sberindex_schema_metadata,data/schemas/sberindex_sources.json,Исторические схемы и counts оригиналов,F7 public data/documentation layer,data/schemas/sberindex_sources.json,sberindex,https://sberindex.ru/ru/research/data-sense-opisanie-nabora-dannikh-khakatona-sberindeksa-po-munitsipalnim-dannim,Own metadata/annotations; no blanket relicensing of sources. See DATA_NOTICE.md.,YES: source-specific attribution,DERIVED_SAFE,PUBLISH,data/schemas/sberindex_sources.json,1644,da9ba662bc6f9424a78222a71b6969ecb99715578562298b7adc1a2adfe66f08,Checked 2026-10-07. Proposed F7 artifact; not committed/pushed. SYNTHETIC where indicated; no new generation or fits.
news_snapshot_metadata,data/metadata/news_snapshots.csv,URL/dates/IDs/hashes и собственные коды; без текста и географии,F7 public data/documentation layer,outputs/news_events_v3/documents.csv.gz (whitelist projection),cbr;lenta,https://www.cbr.ru/about/;https://lenta.ru/info/posts/terms_of_use/,Own metadata/annotations; no blanket relicensing of sources. See DATA_NOTICE.md.,YES: source-specific attribution,DERIVED_SAFE,PUBLISH,data/metadata/news_snapshots.csv,152172,c4e6ac7e445b8ef6ab5a547f80e187c40d1acff0b90ae8e476dfb913d59396ae,Checked 2026-10-07. Proposed F7 artifact; not committed/pushed. SYNTHETIC where indicated; no new generation or fits.
macro_provenance_metadata,data/metadata/macro_provenance.csv,Provenance/vintages 227 записей; числовые значения исключены,F7 public data/documentation layer,outputs/macro_data_audit_v1/macro_table.csv.gz;source_catalog.json (provenance-only projection),cbr,https://www.cbr.ru/about/,Own metadata/annotations; no blanket relicensing of sources. See DATA_NOTICE.md.,YES: source-specific attribution,DERIVED_SAFE,PUBLISH,data/metadata/macro_provenance.csv,158724,76f915dc33a5a640b1d132e0222923e0b1f36bf02e326a273fea0ce1a6dfafad,Checked 2026-10-07. Proposed F7 artifact; not committed/pushed. SYNTHETIC where indicated; no new generation or fits.
external_terms_metadata,data/metadata/source_terms.json,Условия пяти external publishers и результаты проверки,F7 public data/documentation layer,data/metadata/source_terms.json,cbr;lenta;mchs;pravo;rosstat,,Own metadata/annotations; no blanket relicensing of sources. See DATA_NOTICE.md.,YES: source-specific attribution,OWN_GENERATED,PUBLISH,data/metadata/source_terms.json,19426,d7a680c4e4dc2eefb6f6df3c41e1599e9426604792385ec97662afdb20aa8dd8,Checked 2026-10-07. Proposed F7 artifact; not committed/pushed. SYNTHETIC where indicated; no new generation or fits.
sberindex_terms_metadata,data/metadata/sberindex_terms.json,Grant evidence и официальный scope/authenticity limitation,F7 public data/documentation layer,data/metadata/sberindex_terms.json,sberindex,https://sberindex.ru/ru/research/data-sense-opisanie-nabora-dannikh-khakatona-sberindeksa-po-munitsipalnim-dannim,Own metadata/annotations; no blanket relicensing of sources. See DATA_NOTICE.md.,YES: source-specific attribution,OWN_GENERATED,PUBLISH,data/metadata/sberindex_terms.json,9799,7e0f25e3a86cd035c6299f4f942e635dae106597553b4d590d3f28833994f966,Checked 2026-10-07. Proposed F7 artifact; not committed/pushed. SYNTHETIC where indicated; no new generation or fits.
synthetic_demo_observations,data/synthetic/e07c_demo/observations.csv.gz,SYNTHETIC smoke observations; 76 series x 24 months,F7 public data/documentation layer,outputs/early_warning_synthetic_smoke_v1/observations.csv.gz,Project metadata,,Own metadata/annotations; no blanket relicensing of sources. See DATA_NOTICE.md.,Project provenance,OWN_GENERATED,PUBLISH,data/synthetic/e07c_demo/observations.csv.gz,43658,3a52ccdbb609fbcda460fd8a07c9fc5c6c282d068b8720a9c90b09b26f8d29eb,Checked 2026-10-07. Proposed F7 artifact; not committed/pushed. SYNTHETIC where indicated; no new generation or fits.
synthetic_demo_events,data/synthetic/e07c_demo/true_events.csv,"SYNTHETIC known future events; labels, never feature inputs",F7 public data/documentation layer,outputs/early_warning_synthetic_smoke_v1/true_events.csv,Project metadata,,Own metadata/annotations; no blanket relicensing of sources. See DATA_NOTICE.md.,Project provenance,OWN_GENERATED,PUBLISH,data/synthetic/e07c_demo/true_events.csv,4457,85b9addf9a905c3e72a567b0cc893bb826e420b72f99d55a6ced8ef73559c09a,Checked 2026-10-07. Proposed F7 artifact; not committed/pushed. SYNTHETIC where indicated; no new generation or fits.
synthetic_demo_metadata,data/synthetic/e07c_demo/series_metadata.csv,SYNTHETIC generator scenario metadata; never feature inputs,F7 public data/documentation layer,outputs/early_warning_synthetic_smoke_v1/series_metadata.csv,Project metadata,,Own metadata/annotations; no blanket relicensing of sources. See DATA_NOTICE.md.,Project provenance,OWN_GENERATED,PUBLISH,data/synthetic/e07c_demo/series_metadata.csv,20794,10b56c7557a0793f09903ab50e52d99bca08c3cdfbc151c3a79fd53d89712377,Checked 2026-10-07. Proposed F7 artifact; not committed/pushed. SYNTHETIC where indicated; no new generation or fits.
synthetic_demo_cohorts,data/synthetic/e07c_demo/cohort_ids.csv,SYNTHETIC disjoint cohort IDs and seeds,F7 public data/documentation layer,outputs/early_warning_synthetic_smoke_v1/cohort_ids.csv,Project metadata,,Own metadata/annotations; no blanket relicensing of sources. See DATA_NOTICE.md.,Project provenance,OWN_GENERATED,PUBLISH,data/synthetic/e07c_demo/cohort_ids.csv,3126,be5505dc81630b47634123d52997ef44e643a1980aaf21bf9bf58276107562c4,Checked 2026-10-07. Proposed F7 artifact; not committed/pushed. SYNTHETIC where indicated; no new generation or fits.
synthetic_demo_generator,data/synthetic/e07c_demo/generator_config.json,SYNTHETIC generator settings; cohort seeds in demo README,F7 public data/documentation layer,outputs/early_warning_synthetic_smoke_v1/generator_config.json,Project metadata,,Own metadata/annotations; no blanket relicensing of sources. See DATA_NOTICE.md.,Project provenance,OWN_GENERATED,PUBLISH,data/synthetic/e07c_demo/generator_config.json,1549,5f6d1dba5ae1a32011d75cc62f4a0e63e022585c1a30ab7ee20b07b1cbcdb1e2,Checked 2026-10-07. Proposed F7 artifact; not committed/pushed. SYNTHETIC where indicated; no new generation or fits.
original_sberindex_archive,hackathonlicence (1).zip,Original historical source component,Historical target preparation / source provenance,Historical reports/input_manifest.json; local PDF only,СберИндекс (independent grant binding pending),https://sberindex.ru/ru/research/data-sense-opisanie-nabora-dannikh-khakatona-sberindeksa-po-munitsipalnim-dannim,Separate dictionary/bundle/document redistribution not established,"YES for CC grant if confirmed: dataset title, SberIndex, source, actual download date, license, changes",UNCLEAR,PUBLISH_METADATA_ONLY,data/manifest.csv;data/schemas/sberindex_sources.json;data/metadata/sberindex_terms.json,19603203,a9f932ff4096a7df797d1547987937f34d3995ac445b4748177114488d12b010,"Original absent in checkout; historical bytes/SHA from reports/input_manifest.json, not freshly remeasured. Check date 2026-10-07."
original_municipal_archive,t_dict_municipal.rar,Original historical source component,Historical target preparation / source provenance,Historical reports/input_manifest.json; local PDF only,СберИндекс (independent grant binding pending),https://sberindex.ru/ru/news/dataset-borders-and-changes-of-municipalities,Separate dictionary/bundle/document redistribution not established,"YES for CC grant if confirmed: dataset title, SberIndex, source, actual download date, license, changes",UNCLEAR,PUBLISH_METADATA_ONLY,data/manifest.csv;data/schemas/sberindex_sources.json;data/metadata/sberindex_terms.json,26925727,319ed22684b77716641bc15b61f7325adc44e9fc47e9be2973d88412d27d21f5,"Original absent in checkout; historical bytes/SHA from reports/input_manifest.json, not freshly remeasured. Check date 2026-10-07."
original_connection,connection.parquet,Original historical source component,Initial source audit only; not model feature,Historical reports/input_manifest.json; local PDF only,СберИндекс (independent grant binding pending),https://sberindex.ru/ru/research/data-sense-opisanie-nabora-dannikh-khakatona-sberindeksa-po-munitsipalnim-dannim,Bundled CC BY-SA 4.0 explicit for this table; independent official scope binding pending,"YES for CC grant if confirmed: dataset title, SberIndex, source, actual download date, license, changes",UNCLEAR,PUBLISH_METADATA_ONLY,data/manifest.csv;data/schemas/sberindex_sources.json;data/metadata/sberindex_terms.json,21904682,20cbd5213d3ac1d0a867f097b485431811614b283d7366eb5cba9f65dc80493d,"Original absent in checkout; historical bytes/SHA from reports/input_manifest.json, not freshly remeasured. Check date 2026-10-07."
original_consumption,consumption.parquet,Original historical source component,Historical target preparation / source provenance,Historical reports/input_manifest.json; local PDF only,СберИндекс (independent grant binding pending),https://sberindex.ru/ru/research/data-sense-opisanie-nabora-dannikh-khakatona-sberindeksa-po-munitsipalnim-dannim,Bundled CC BY-SA 4.0 explicit for this table; independent official scope binding pending,"YES for CC grant if confirmed: dataset title, SberIndex, source, actual download date, license, changes",UNCLEAR,PUBLISH_METADATA_ONLY,data/manifest.csv;data/schemas/sberindex_sources.json;data/metadata/sberindex_terms.json,2373939,9833ddaaee7b2a182ed4cceeed16469031700ea87d508bd976150c6770ef8a61,"Original absent in checkout; historical bytes/SHA from reports/input_manifest.json, not freshly remeasured. Check date 2026-10-07."
original_market_access,market_access.parquet,Original historical source component,Initial source audit only; not model feature,Historical reports/input_manifest.json; local PDF only,СберИндекс (independent grant binding pending),https://sberindex.ru/ru/research/data-sense-opisanie-nabora-dannikh-khakatona-sberindeksa-po-munitsipalnim-dannim,Bundled CC BY-SA 4.0 explicit for this table; independent official scope binding pending,"YES for CC grant if confirmed: dataset title, SberIndex, source, actual download date, license, changes",UNCLEAR,PUBLISH_METADATA_ONLY,data/manifest.csv;data/schemas/sberindex_sources.json;data/metadata/sberindex_terms.json,25163,434258afe322b7e6e6610b2552d129ae47094613de72dae3d13f6965a28d1dc1,"Original absent in checkout; historical bytes/SHA from reports/input_manifest.json, not freshly remeasured. Check date 2026-10-07."
original_municipal_attributes,t_dict_municipal_districts.xlsx,Original historical source component,Historical target preparation / source provenance,Historical reports/input_manifest.json; local PDF only,СберИндекс (independent grant binding pending),https://sberindex.ru/ru/news/dataset-borders-and-changes-of-municipalities,Separate dictionary/bundle/document redistribution not established,"YES for CC grant if confirmed: dataset title, SberIndex, source, actual download date, license, changes",UNCLEAR,PUBLISH_METADATA_ONLY,data/manifest.csv;data/schemas/sberindex_sources.json;data/metadata/sberindex_terms.json,322024,4150658c3298fbc87ed79838f503f3a5b9a28da33257ff803c7d9231ddb775d6,"Original absent in checkout; historical bytes/SHA from reports/input_manifest.json, not freshly remeasured. Check date 2026-10-07."
original_municipal_geometry,t_dict_municipal_districts_poly.gpkg,Original historical source component,Initial source audit only; not model feature,Historical reports/input_manifest.json; local PDF only,СберИндекс (independent grant binding pending),https://sberindex.ru/ru/news/dataset-borders-and-changes-of-municipalities,Separate dictionary/bundle/document redistribution not established,"YES for CC grant if confirmed: dataset title, SberIndex, source, actual download date, license, changes",UNCLEAR,PUBLISH_METADATA_ONLY,data/manifest.csv;data/schemas/sberindex_sources.json;data/metadata/sberindex_terms.json,74334208,e62027630d48e4a13f9b6d173dd074d7358706743fe859ca3b7fa30fefa9813a,"Original absent in checkout; historical bytes/SHA from reports/input_manifest.json, not freshly remeasured. Check date 2026-10-07."
original_licence_document,Данные_СберИндекс_лицензия.pdf,Original historical source component,Historical target preparation / source provenance,Historical reports/input_manifest.json; local PDF only,СберИндекс (independent grant binding pending),https://sberindex.ru/ru/research/data-sense-opisanie-nabora-dannikh-khakatona-sberindeksa-po-munitsipalnim-dannim,Separate dictionary/bundle/document redistribution not established,"YES for CC grant if confirmed: dataset title, SberIndex, source, actual download date, license, changes",UNCLEAR,PUBLISH_METADATA_ONLY,data/manifest.csv;data/schemas/sberindex_sources.json;data/metadata/sberindex_terms.json,538791,030269e726f969250b911a1fcb72131a4b61c3952aad10c8470ce9c0736c472f,Local PDF hash freshly verified against historical manifest; official upstream asset authenticity not independently verified.
research_prepared_target,data/input/consumption_all_categories.csv,Saved historical pipeline input; byte-pinned dependency,Forecasting/detection/news/macro/early-warning as applicable,data/input/consumption_all_categories.csv,Project derivation from SberIndex/dictionary/CBR/Lenta,https://sberindex.ru/ru/research/data-sense-opisanie-nabora-dannikh-khakatona-sberindeksa-po-munitsipalnim-dannim,Source conditions inherited; no automatic derivative freedom,YES; per source,DERIVED_RESTRICTED,DO_NOT_PUBLISH,Local ignored input/output only,10236634,9802b7b2448b42afbb4152c16a12346ebcb5d074ff6eedda8783669abf35a63c,"Schema/rows/hash freshly inspected; data values not exported. research profile checks these key inputs only, not every historical runtime dependency."
research_forecast_sample_ids,outputs/prophet_comparison_v1/sample_ids.json,Saved historical pipeline input; byte-pinned dependency,Forecasting/detection/news/macro/early-warning as applicable,outputs/prophet_comparison_v1/sample_ids.json,Project derivation from SberIndex/dictionary/CBR/Lenta,,Source conditions inherited; no automatic derivative freedom,YES; per source,DERIVED_RESTRICTED,DO_NOT_PUBLISH,Local ignored input/output only,677,40423e19ce1967845e8b9e0b081a61e5d44988ff7e45b4475202b249c79ee4ac,"Schema/rows/hash freshly inspected; data values not exported. research profile checks these key inputs only, not every historical runtime dependency."
research_forecast_predictions,outputs/prophet_comparison_v1/predictions.csv.gz,Saved historical pipeline input; byte-pinned dependency,Forecasting/detection/news/macro/early-warning as applicable,outputs/prophet_comparison_v1/predictions.csv.gz,Project derivation from SberIndex/dictionary/CBR/Lenta,,Source conditions inherited; no automatic derivative freedom,YES; per source,DERIVED_RESTRICTED,DO_NOT_PUBLISH,Local ignored input/output only,173296,f0a6c25ab103aa81f451d52c3402e979b6655b888860339187f0d4c304214285,"Schema/rows/hash freshly inspected; data values not exported. research profile checks these key inputs only, not every historical runtime dependency."
research_online_parameters,outputs/online_detection_v1/selected_parameters.json,Saved historical pipeline input; byte-pinned dependency,Forecasting/detection/news/macro/early-warning as applicable,outputs/online_detection_v1/selected_parameters.json,Project derivation from SberIndex/dictionary/CBR/Lenta,,Source conditions inherited; no automatic derivative freedom,YES; per source,DERIVED_RESTRICTED,DO_NOT_PUBLISH,Local ignored input/output only,1044,fef49f124ef0e0f41719bfcf54db41c3ee5a47f6b66784d5c55d0ba0f187d3d7,"Schema/rows/hash freshly inspected; data values not exported. research profile checks these key inputs only, not every historical runtime dependency."
research_online_residuals,outputs/online_detection_v1/real_residuals.csv.gz,Saved historical pipeline input; byte-pinned dependency,Forecasting/detection/news/macro/early-warning as applicable,outputs/online_detection_v1/real_residuals.csv.gz,Project derivation from SberIndex/dictionary/CBR/Lenta,,Source conditions inherited; no automatic derivative freedom,YES; per source,DERIVED_RESTRICTED,DO_NOT_PUBLISH,Local ignored input/output only,14261,cc453a23def2d7ed6929f6723c6619772b089ada37aa31833ed7fb7feb286a68,"Schema/rows/hash freshly inspected; data values not exported. research profile checks these key inputs only, not every historical runtime dependency."
research_macro_table,outputs/macro_data_audit_v1/macro_table.csv.gz,Saved historical pipeline input; byte-pinned dependency,Forecasting/detection/news/macro/early-warning as applicable,outputs/macro_data_audit_v1/macro_table.csv.gz,Project derivation from SberIndex/dictionary/CBR/Lenta,,Source conditions inherited; no automatic derivative freedom,YES; per source,UNCLEAR,DO_NOT_PUBLISH,Local ignored input/output only,5468,3d78ca3923b1c160c3945539ed5197880f00625d6a84ba607a875acd59163a8d,"Schema/rows/hash freshly inspected; data values not exported. research profile checks these key inputs only, not every historical runtime dependency."
research_macro_source_ids,outputs/macro_forecast_v1/source_ids.json,Saved historical pipeline input; byte-pinned dependency,Forecasting/detection/news/macro/early-warning as applicable,outputs/macro_forecast_v1/source_ids.json,Project derivation from SberIndex/dictionary/CBR/Lenta,,Source conditions inherited; no automatic derivative freedom,YES; per source,DERIVED_RESTRICTED,DO_NOT_PUBLISH,Local ignored input/output only,2861,83a7ae09e74c55a297af08ea646152ad350d86c00d45bd36d53ddee2a79c630e,"Schema/rows/hash freshly inspected; data values not exported. research profile checks these key inputs only, not every historical runtime dependency."
research_news_documents,outputs/news_events_v3/documents.csv.gz,Saved historical pipeline input; byte-pinned dependency,Forecasting/detection/news/macro/early-warning as applicable,outputs/news_events_v3/documents.csv.gz,Project derivation from SberIndex/dictionary/CBR/Lenta,,Source conditions inherited; no automatic derivative freedom,YES; per source,DERIVED_RESTRICTED,DO_NOT_PUBLISH,Local ignored input/output only,214771,1d20d8829c6f1537b3d4ecc6f08d70488054460937e817f16d40713da01550d0,"Schema/rows/hash freshly inspected; data values not exported. research profile checks these key inputs only, not every historical runtime dependency."
research_news_geography,outputs/news_events_v3/geography_dictionary.csv.gz,Saved historical pipeline input; byte-pinned dependency,Forecasting/detection/news/macro/early-warning as applicable,outputs/news_events_v3/geography_dictionary.csv.gz,Project derivation from SberIndex/dictionary/CBR/Lenta,,Source conditions inherited; no automatic derivative freedom,YES; per source,DERIVED_RESTRICTED,DO_NOT_PUBLISH,Local ignored input/output only,55084,3962f10729d01b360f6d1f952b45ac6a08641340968f3ba43cc33b9d510055c2,"Schema/rows/hash freshly inspected; data values not exported. research profile checks these key inputs only, not every historical runtime dependency."
output_group_baseline_local,outputs/baseline_local/**,Saved output group; see inventory file-level classes,reference_intermediate_or_smoke,outputs/baseline_local,Project outputs / inherited sources,,Inherited / mixed; metadata is not a redistribution grant,Source-specific,DERIVED_RESTRICTED,DO_NOT_PUBLISH,data/inventory_files.csv (metadata only),10219896,58067d1397df2d6ae7b643ae6b7b5c271b4e9201ed034e4d37d3928672b4d3f3,"Mixed outputs may contain original target, reconstructible history, unknown dictionary fields or publisher text; only per-file metadata exported. Group bytes include all files; group SHA if present=SHA256 compact sorted JSON of inventoried {path,sha256} members, not a file SHA; excluded cache/fixture groups have no fresh member hash."
output_group_baseline_v1,outputs/baseline_v1/**,Saved output group; see inventory file-level classes,saved_production_experiment,outputs/baseline_v1,Project outputs / inherited sources,,Inherited / mixed; metadata is not a redistribution grant,Source-specific,DERIVED_RESTRICTED,DO_NOT_PUBLISH,data/inventory_files.csv (metadata only),10222161,f7b9d67510b32457a9d27a3c0258cefa0777ff596d6891c2490fbdb9da166238,"Mixed outputs may contain original target, reconstructible history, unknown dictionary fields or publisher text; only per-file metadata exported. Group bytes include all files; group SHA if present=SHA256 compact sorted JSON of inventoried {path,sha256} members, not a file SHA; excluded cache/fixture groups have no fresh member hash."
output_group_catboost_direct_v1,outputs/catboost_direct_v1/**,Saved output group; see inventory file-level classes,saved_production_experiment,outputs/catboost_direct_v1,Project outputs / inherited sources,,Inherited / mixed; metadata is not a redistribution grant,Source-specific,DERIVED_RESTRICTED,DO_NOT_PUBLISH,data/inventory_files.csv (metadata only),1432914,46b49cf8e3c0792d18cb4e5d5e03f9b92cbc4ab4cff838324b448762137dc04f,"Mixed outputs may contain original target, reconstructible history, unknown dictionary fields or publisher text; only per-file metadata exported. Group bytes include all files; group SHA if present=SHA256 compact sorted JSON of inventoried {path,sha256} members, not a file SHA; excluded cache/fixture groups have no fresh member hash."
output_group_chronos_model_cache,outputs/chronos_model_cache/**,Saved output group; see inventory file-level classes,technical_or_model_dependency_group_metadata_only,outputs/chronos_model_cache,Project outputs / inherited sources,https://huggingface.co/amazon/chronos-2,Current Chronos modelcard Apache-2.0; pinned revision license not independently checked,Source-specific,UNCLEAR,DO_NOT_PUBLISH,data/inventory_files.csv (metadata only),477931774,,"Weights excluded: large external model dependency, no downloads in F7 Group bytes include all files; group SHA if present=SHA256 compact sorted JSON of inventoried {path,sha256} members, not a file SHA; excluded cache/fixture groups have no fresh member hash."
output_group_chronos_zero_shot_smoke_v1,outputs/chronos_zero_shot_smoke_v1/**,Saved output group; see inventory file-level classes,reference_intermediate_or_smoke,outputs/chronos_zero_shot_smoke_v1,Project outputs / inherited sources,,Inherited / mixed; metadata is not a redistribution grant,Source-specific,DERIVED_RESTRICTED,DO_NOT_PUBLISH,data/inventory_files.csv (metadata only),37168,97fea9c51940497fe8b0cecf0ca29fbda46def444e1b423a4984bb3e6e2a6a83,"Mixed outputs may contain original target, reconstructible history, unknown dictionary fields or publisher text; only per-file metadata exported. Group bytes include all files; group SHA if present=SHA256 compact sorted JSON of inventoried {path,sha256} members, not a file SHA; excluded cache/fixture groups have no fresh member hash."
output_group_chronos_zero_shot_v1,outputs/chronos_zero_shot_v1/**,Saved output group; see inventory file-level classes,saved_production_experiment,outputs/chronos_zero_shot_v1,Project outputs / inherited sources,,Inherited / mixed; metadata is not a redistribution grant,Source-specific,DERIVED_RESTRICTED,DO_NOT_PUBLISH,data/inventory_files.csv (metadata only),1415973,b858d3857e411384e3c57ca3ed33606637d591dd66c4cb3599549aa79f61d385,"Mixed outputs may contain original target, reconstructible history, unknown dictionary fields or publisher text; only per-file metadata exported. Group bytes include all files; group SHA if present=SHA256 compact sorted JSON of inventoried {path,sha256} members, not a file SHA; excluded cache/fixture groups have no fresh member hash."
output_group_e02_data_audit,outputs/e02_data_audit/**,Saved output group; see inventory file-level classes,technical_or_model_dependency_group_metadata_only,outputs/e02_data_audit,Project outputs / inherited sources,,Inherited / mixed; metadata is not a redistribution grant,Source-specific,OWN_GENERATED,DO_NOT_PUBLISH,data/inventory_files.csv (metadata only),41371,,"Technical fixture/cache group, not final research source Group bytes include all files; group SHA if present=SHA256 compact sorted JSON of inventoried {path,sha256} members, not a file SHA; excluded cache/fixture groups have no fresh member hash."
output_group_e02b_checks,outputs/e02b_checks/**,Saved output group; see inventory file-level classes,technical_or_model_dependency_group_metadata_only,outputs/e02b_checks,Project outputs / inherited sources,,Inherited / mixed; metadata is not a redistribution grant,Source-specific,OWN_GENERATED,DO_NOT_PUBLISH,data/inventory_files.csv (metadata only),53,,"Technical fixture/cache group, not final research source Group bytes include all files; group SHA if present=SHA256 compact sorted JSON of inventoried {path,sha256} members, not a file SHA; excluded cache/fixture groups have no fresh member hash."
output_group_e03_checks,outputs/e03_checks/**,Saved output group; see inventory file-level classes,technical_or_model_dependency_group_metadata_only,outputs/e03_checks,Project outputs / inherited sources,,Inherited / mixed; metadata is not a redistribution grant,Source-specific,OWN_GENERATED,DO_NOT_PUBLISH,data/inventory_files.csv (metadata only),688330754,,"Technical fixture/cache group, not final research source Group bytes include all files; group SHA if present=SHA256 compact sorted JSON of inventoried {path,sha256} members, not a file SHA; excluded cache/fixture groups have no fresh member hash."
output_group_e04a_checks,outputs/e04a_checks/**,Saved output group; see inventory file-level classes,technical_or_model_dependency_group_metadata_only,outputs/e04a_checks,Project outputs / inherited sources,,Inherited / mixed; metadata is not a redistribution grant,Source-specific,OWN_GENERATED,DO_NOT_PUBLISH,data/inventory_files.csv (metadata only),253194,,"Technical fixture/cache group, not final research source Group bytes include all files; group SHA if present=SHA256 compact sorted JSON of inventoried {path,sha256} members, not a file SHA; excluded cache/fixture groups have no fresh member hash."
output_group_e05a_checks,outputs/e05a_checks/**,Saved output group; see inventory file-level classes,technical_or_model_dependency_group_metadata_only,outputs/e05a_checks,Project outputs / inherited sources,,Inherited / mixed; metadata is not a redistribution grant,Source-specific,OWN_GENERATED,DO_NOT_PUBLISH,data/inventory_files.csv (metadata only),223674,a4c961983615e187a1b51e97a52a40f8c68bcd8c630614bfc7d95768fd70b15d,"Technical fixture/cache group, not final research source Group bytes include all files; group SHA if present=SHA256 compact sorted JSON of inventoried {path,sha256} members, not a file SHA; excluded cache/fixture groups have no fresh member hash."
output_group_e05b_checks,outputs/e05b_checks/**,Saved output group; see inventory file-level classes,technical_or_model_dependency_group_metadata_only,outputs/e05b_checks,Project outputs / inherited sources,,Inherited / mixed; metadata is not a redistribution grant,Source-specific,OWN_GENERATED,DO_NOT_PUBLISH,data/inventory_files.csv (metadata only),648488,742dbd9b9fa09de096391eb32febfa81fb7770125bf2a5b643f2b0272478bb2e,"Technical fixture/cache group, not final research source Group bytes include all files; group SHA if present=SHA256 compact sorted JSON of inventoried {path,sha256} members, not a file SHA; excluded cache/fixture groups have no fresh member hash."
output_group_e05c_checks,outputs/e05c_checks/**,Saved output group; see inventory file-level classes,technical_or_model_dependency_group_metadata_only,outputs/e05c_checks,Project outputs / inherited sources,,Inherited / mixed; metadata is not a redistribution grant,Source-specific,OWN_GENERATED,DO_NOT_PUBLISH,data/inventory_files.csv (metadata only),2224534,aed53395feaa44f2ad5a5a03189db551e9befcce66a1c15a59fcf005c255067d,"Technical fixture/cache group, not final research source Group bytes include all files; group SHA if present=SHA256 compact sorted JSON of inventoried {path,sha256} members, not a file SHA; excluded cache/fixture groups have no fresh member hash."
output_group_e05d_checks,outputs/e05d_checks/**,Saved output group; see inventory file-level classes,technical_or_model_dependency_group_metadata_only,outputs/e05d_checks,Project outputs / inherited sources,,Inherited / mixed; metadata is not a redistribution grant,Source-specific,OWN_GENERATED,DO_NOT_PUBLISH,data/inventory_files.csv (metadata only),5412766,4f92dae8ab1e6ca31583f382565aa064a02b155103fc053ee54433344480ae28,"Technical fixture/cache group, not final research source Group bytes include all files; group SHA if present=SHA256 compact sorted JSON of inventoried {path,sha256} members, not a file SHA; excluded cache/fixture groups have no fresh member hash."
output_group_e06a_checks,outputs/e06a_checks/**,Saved output group; see inventory file-level classes,technical_or_model_dependency_group_metadata_only,outputs/e06a_checks,Project outputs / inherited sources,,Inherited / mixed; metadata is not a redistribution grant,Source-specific,OWN_GENERATED,DO_NOT_PUBLISH,data/inventory_files.csv (metadata only),22971441,f0da139e8ac013996eb4a154f60bbd508a96cd6961a4a01962a21532036d32d1,"Technical fixture/cache group, not final research source Group bytes include all files; group SHA if present=SHA256 compact sorted JSON of inventoried {path,sha256} members, not a file SHA; excluded cache/fixture groups have no fresh member hash."
output_group_e06b_checks,outputs/e06b_checks/**,Saved output group; see inventory file-level classes,technical_or_model_dependency_group_metadata_only,outputs/e06b_checks,Project outputs / inherited sources,,Inherited / mixed; metadata is not a redistribution grant,Source-specific,OWN_GENERATED,DO_NOT_PUBLISH,data/inventory_files.csv (metadata only),27723771,,"Technical fixture/cache group, not final research source Group bytes include all files; group SHA if present=SHA256 compact sorted JSON of inventoried {path,sha256} members, not a file SHA; excluded cache/fixture groups have no fresh member hash."
output_group_e07a_checks,outputs/e07a_checks/**,Saved output group; see inventory file-level classes,technical_or_model_dependency_group_metadata_only,outputs/e07a_checks,Project outputs / inherited sources,,Inherited / mixed; metadata is not a redistribution grant,Source-specific,OWN_GENERATED,DO_NOT_PUBLISH,data/inventory_files.csv (metadata only),5297391,1d7b3d481a72c340310d46317849b588dc732114a0f99f3335bd21262ce36409,"Technical fixture/cache group, not final research source Group bytes include all files; group SHA if present=SHA256 compact sorted JSON of inventoried {path,sha256} members, not a file SHA; excluded cache/fixture groups have no fresh member hash."
output_group_e07b_checks,outputs/e07b_checks/**,Saved output group; see inventory file-level classes,technical_or_model_dependency_group_metadata_only,outputs/e07b_checks,Project outputs / inherited sources,,Inherited / mixed; metadata is not a redistribution grant,Source-specific,OWN_GENERATED,DO_NOT_PUBLISH,data/inventory_files.csv (metadata only),5326391,29a82b3d8b10674d6117018d37fa9d8401f0fe1d70f2a819aab5db9be219d741,"Technical fixture/cache group, not final research source Group bytes include all files; group SHA if present=SHA256 compact sorted JSON of inventoried {path,sha256} members, not a file SHA; excluded cache/fixture groups have no fresh member hash."
output_group_e07c_checks,outputs/e07c_checks/**,Saved output group; see inventory file-level classes,technical_or_model_dependency_group_metadata_only,outputs/e07c_checks,Project outputs / inherited sources,,Inherited / mixed; metadata is not a redistribution grant,Source-specific,OWN_GENERATED,DO_NOT_PUBLISH,data/inventory_files.csv (metadata only),11735923,da473426095795a153b9ae9cd5163b2833766987ac64dd2ce9fe5f2205f7332a,"Technical fixture/cache group, not final research source Group bytes include all files; group SHA if present=SHA256 compact sorted JSON of inventoried {path,sha256} members, not a file SHA; excluded cache/fixture groups have no fresh member hash."
output_group_early_warning_feasibility_v1,outputs/early_warning_feasibility_v1/**,Saved output group; see inventory file-level classes,saved_production_experiment,outputs/early_warning_feasibility_v1,Project outputs / inherited sources,,Inherited / mixed; metadata is not a redistribution grant,Source-specific,DERIVED_RESTRICTED,DO_NOT_PUBLISH,data/inventory_files.csv (metadata only),517803,44908cf1a387e932f3e446ae34626c527defd7fbe9550ca268340f5295d12e36,"Mixed outputs may contain original target, reconstructible history, unknown dictionary fields or publisher text; only per-file metadata exported. Group bytes include all files; group SHA if present=SHA256 compact sorted JSON of inventoried {path,sha256} members, not a file SHA; excluded cache/fixture groups have no fresh member hash."
output_group_early_warning_feasibility_v1_initial_integration,outputs/early_warning_feasibility_v1_initial_integration/**,Saved output group; see inventory file-level classes,reference_intermediate_or_smoke,outputs/early_warning_feasibility_v1_initial_integration,Project outputs / inherited sources,,Inherited / mixed; metadata is not a redistribution grant,Source-specific,DERIVED_RESTRICTED,DO_NOT_PUBLISH,data/inventory_files.csv (metadata only),517754,19c778fc8baee94714b257dd244f1e6c4ba3e67a4033d412deae21d5d1e0c438,"Mixed outputs may contain original target, reconstructible history, unknown dictionary fields or publisher text; only per-file metadata exported. Group bytes include all files; group SHA if present=SHA256 compact sorted JSON of inventoried {path,sha256} members, not a file SHA; excluded cache/fixture groups have no fresh member hash."
output_group_early_warning_full_panel_smoke_v1,outputs/early_warning_full_panel_smoke_v1/**,Saved output group; see inventory file-level classes,reference_intermediate_or_smoke,outputs/early_warning_full_panel_smoke_v1,Project outputs / inherited sources,,Inherited / mixed; metadata is not a redistribution grant,Source-specific,DERIVED_RESTRICTED,DO_NOT_PUBLISH,data/inventory_files.csv (metadata only),756715,0adbcfe11e161bb44e9d21fc79fe66111e71fbaf8d994c792a24e7e49fc2b173,"Mixed outputs may contain original target, reconstructible history, unknown dictionary fields or publisher text; only per-file metadata exported. Group bytes include all files; group SHA if present=SHA256 compact sorted JSON of inventoried {path,sha256} members, not a file SHA; excluded cache/fixture groups have no fresh member hash."
output_group_early_warning_full_panel_v1,outputs/early_warning_full_panel_v1/**,Saved output group; see inventory file-level classes,saved_production_experiment,outputs/early_warning_full_panel_v1,Project outputs / inherited sources,,Inherited / mixed; metadata is not a redistribution grant,Source-specific,DERIVED_RESTRICTED,DO_NOT_PUBLISH,data/inventory_files.csv (metadata only),16842929,ba0c5c88a09e551813b01479f042b6c64b8c2fa816b0dd24594cf86134f0795f,"Mixed outputs may contain original target, reconstructible history, unknown dictionary fields or publisher text; only per-file metadata exported. Group bytes include all files; group SHA if present=SHA256 compact sorted JSON of inventoried {path,sha256} members, not a file SHA; excluded cache/fixture groups have no fresh member hash."
output_group_early_warning_news_audit_v1,outputs/early_warning_news_audit_v1/**,Saved output group; see inventory file-level classes,saved_production_experiment,outputs/early_warning_news_audit_v1,Project outputs / inherited sources,,Inherited / mixed; metadata is not a redistribution grant,Source-specific,DERIVED_RESTRICTED,DO_NOT_PUBLISH,data/inventory_files.csv (metadata only),843884,98ed2ff5bd5795f71e542555d69e602b4956b4da3481471ee5f1f9b86ec6b742,"Mixed outputs may contain original target, reconstructible history, unknown dictionary fields or publisher text; only per-file metadata exported. Group bytes include all files; group SHA if present=SHA256 compact sorted JSON of inventoried {path,sha256} members, not a file SHA; excluded cache/fixture groups have no fresh member hash."
output_group_early_warning_news_audit_v1_before_budget_guard,outputs/early_warning_news_audit_v1_before_budget_guard/**,Saved output group; see inventory file-level classes,reference_intermediate_or_smoke,outputs/early_warning_news_audit_v1_before_budget_guard,Project outputs / inherited sources,,Inherited / mixed; metadata is not a redistribution grant,Source-specific,DERIVED_RESTRICTED,DO_NOT_PUBLISH,data/inventory_files.csv (metadata only),843837,684a001f1034826bb748ca9103321861417e644159ad4f40e028578af48896dc,"Mixed outputs may contain original target, reconstructible history, unknown dictionary fields or publisher text; only per-file metadata exported. Group bytes include all files; group SHA if present=SHA256 compact sorted JSON of inventoried {path,sha256} members, not a file SHA; excluded cache/fixture groups have no fresh member hash."
output_group_early_warning_news_audit_v1_initial_parser_audit,outputs/early_warning_news_audit_v1_initial_parser_audit/**,Saved output group; see inventory file-level classes,reference_intermediate_or_smoke,outputs/early_warning_news_audit_v1_initial_parser_audit,Project outputs / inherited sources,,Inherited / mixed; metadata is not a redistribution grant,Source-specific,DERIVED_RESTRICTED,DO_NOT_PUBLISH,data/inventory_files.csv (metadata only),845414,c58c9a19e7c17afd9a66f3bbff73d5a8a82197175afed810ddd693fe284b8283,"Mixed outputs may contain original target, reconstructible history, unknown dictionary fields or publisher text; only per-file metadata exported. Group bytes include all files; group SHA if present=SHA256 compact sorted JSON of inventoried {path,sha256} members, not a file SHA; excluded cache/fixture groups have no fresh member hash."
output_group_early_warning_synthetic_smoke_v1,outputs/early_warning_synthetic_smoke_v1/**,Saved output group; see inventory file-level classes,reference_intermediate_or_smoke,outputs/early_warning_synthetic_smoke_v1,Project outputs / inherited sources,,Inherited / mixed; metadata is not a redistribution grant,Source-specific,OWN_GENERATED,PUBLISH_METADATA_ONLY,data/inventory_files.csv (metadata only),1132970,f426b94d1e544d451732cecb0bfc161c4db323f4b582d3f638b2a9e5251b009c,"Generator + frozen seed/config already tracked; small saved smoke demo copied instead of full generated rows. Group bytes include all files; group SHA if present=SHA256 compact sorted JSON of inventoried {path,sha256} members, not a file SHA; excluded cache/fixture groups have no fresh member hash."
output_group_early_warning_synthetic_v1,outputs/early_warning_synthetic_v1/**,Saved output group; see inventory file-level classes,saved_production_experiment,outputs/early_warning_synthetic_v1,Project outputs / inherited sources,,Inherited / mixed; metadata is not a redistribution grant,Source-specific,OWN_GENERATED,PUBLISH_METADATA_ONLY,data/inventory_files.csv (metadata only),6184480,71b4238b18cb58996ae91a4198de1c1dd8cf7151edb563ae6d166b12a80918f8,"Generator + frozen seed/config already tracked; small saved smoke demo copied instead of full generated rows. Group bytes include all files; group SHA if present=SHA256 compact sorted JSON of inventoried {path,sha256} members, not a file SHA; excluded cache/fixture groups have no fresh member hash."
output_group_f1_checks,outputs/f1_checks/**,Saved output group; see inventory file-level classes,technical_or_model_dependency_group_metadata_only,outputs/f1_checks,Project outputs / inherited sources,,Inherited / mixed; metadata is not a redistribution grant,Source-specific,OWN_GENERATED,DO_NOT_PUBLISH,data/inventory_files.csv (metadata only),14232072,,"Technical fixture/cache group, not final research source Group bytes include all files; group SHA if present=SHA256 compact sorted JSON of inventoried {path,sha256} members, not a file SHA; excluded cache/fixture groups have no fresh member hash."
output_group_macro_data_audit_v1,outputs/macro_data_audit_v1/**,Saved output group; see inventory file-level classes,saved_production_experiment,outputs/macro_data_audit_v1,Project outputs / inherited sources,,Inherited / mixed; metadata is not a redistribution grant,Source-specific,DERIVED_RESTRICTED,DO_NOT_PUBLISH,data/inventory_files.csv (metadata only),10119149,0c85f9ebc204076ffa4746e921fb0b90e5ee28d335397ad4bfd89fd1b4d19329,"Mixed outputs may contain original target, reconstructible history, unknown dictionary fields or publisher text; only per-file metadata exported. Group bytes include all files; group SHA if present=SHA256 compact sorted JSON of inventoried {path,sha256} members, not a file SHA; excluded cache/fixture groups have no fresh member hash."
output_group_macro_forecast_v1,outputs/macro_forecast_v1/**,Saved output group; see inventory file-level classes,saved_production_experiment,outputs/macro_forecast_v1,Project outputs / inherited sources,,Inherited / mixed; metadata is not a redistribution grant,Source-specific,DERIVED_RESTRICTED,DO_NOT_PUBLISH,data/inventory_files.csv (metadata only),30736211,b7aa0af93007803f5f458d9cabcea705ff62313ca053cd642cfc4ff344fa922d,"Mixed outputs may contain original target, reconstructible history, unknown dictionary fields or publisher text; only per-file metadata exported. Group bytes include all files; group SHA if present=SHA256 compact sorted JSON of inventoried {path,sha256} members, not a file SHA; excluded cache/fixture groups have no fresh member hash."
output_group_national_local_lightgbm_v1,outputs/national_local_lightgbm_v1/**,Saved output group; see inventory file-level classes,saved_production_experiment,outputs/national_local_lightgbm_v1,Project outputs / inherited sources,,Inherited / mixed; metadata is not a redistribution grant,Source-specific,DERIVED_RESTRICTED,DO_NOT_PUBLISH,data/inventory_files.csv (metadata only),102053059,c0245f319abb4930d081f75997e2081fc3f0d152ca5516bff08c4996e262f8d9,"Mixed outputs may contain original target, reconstructible history, unknown dictionary fields or publisher text; only per-file metadata exported. Group bytes include all files; group SHA if present=SHA256 compact sorted JSON of inventoried {path,sha256} members, not a file SHA; excluded cache/fixture groups have no fresh member hash."
output_group_news_events_smoke_v1,outputs/news_events_smoke_v1/**,Saved output group; see inventory file-level classes,reference_intermediate_or_smoke,outputs/news_events_smoke_v1,Project outputs / inherited sources,,Inherited / mixed; metadata is not a redistribution grant,Source-specific,DERIVED_RESTRICTED,DO_NOT_PUBLISH,data/inventory_files.csv (metadata only),110182,6bd90bdf8263fa2ecda3d396989c8e0b6764ea18bc81e49d48c5faefb9d0be99,"Mixed outputs may contain original target, reconstructible history, unknown dictionary fields or publisher text; only per-file metadata exported. Group bytes include all files; group SHA if present=SHA256 compact sorted JSON of inventoried {path,sha256} members, not a file SHA; excluded cache/fixture groups have no fresh member hash."
output_group_news_events_smoke_v2,outputs/news_events_smoke_v2/**,Saved output group; see inventory file-level classes,reference_intermediate_or_smoke,outputs/news_events_smoke_v2,Project outputs / inherited sources,,Inherited / mixed; metadata is not a redistribution grant,Source-specific,DERIVED_RESTRICTED,DO_NOT_PUBLISH,data/inventory_files.csv (metadata only),111069,14847478c8860632d429504e9fcf080874e9290db8e3e777b45b6debd56a0f30,"Mixed outputs may contain original target, reconstructible history, unknown dictionary fields or publisher text; only per-file metadata exported. Group bytes include all files; group SHA if present=SHA256 compact sorted JSON of inventoried {path,sha256} members, not a file SHA; excluded cache/fixture groups have no fresh member hash."
output_group_news_events_v1,outputs/news_events_v1/**,Saved output group; see inventory file-level classes,saved_production_experiment,outputs/news_events_v1,Project outputs / inherited sources,,Inherited / mixed; metadata is not a redistribution grant,Source-specific,DERIVED_RESTRICTED,DO_NOT_PUBLISH,data/inventory_files.csv (metadata only),700938,83211f54c2435d14a28fbc7c62ce456f6c27233a7e73403ed4b903e121b86c34,"Mixed outputs may contain original target, reconstructible history, unknown dictionary fields or publisher text; only per-file metadata exported. Group bytes include all files; group SHA if present=SHA256 compact sorted JSON of inventoried {path,sha256} members, not a file SHA; excluded cache/fixture groups have no fresh member hash."
output_group_news_events_v2,outputs/news_events_v2/**,Saved output group; see inventory file-level classes,saved_production_experiment,outputs/news_events_v2,Project outputs / inherited sources,,Inherited / mixed; metadata is not a redistribution grant,Source-specific,DERIVED_RESTRICTED,DO_NOT_PUBLISH,data/inventory_files.csv (metadata only),701723,1860b191d8e4f50066c3abe2980479830d1b85b1fdcf651cd948199a89663bd4,"Mixed outputs may contain original target, reconstructible history, unknown dictionary fields or publisher text; only per-file metadata exported. Group bytes include all files; group SHA if present=SHA256 compact sorted JSON of inventoried {path,sha256} members, not a file SHA; excluded cache/fixture groups have no fresh member hash."
output_group_news_events_v3,outputs/news_events_v3/**,Saved output group; see inventory file-level classes,saved_production_experiment,outputs/news_events_v3,Project outputs / inherited sources,,Inherited / mixed; metadata is not a redistribution grant,Source-specific,DERIVED_RESTRICTED,DO_NOT_PUBLISH,data/inventory_files.csv (metadata only),505515,859f990c39436037c931b20b6e639b4989ed8606c69454446a524e14de4de0cc,"Mixed outputs may contain original target, reconstructible history, unknown dictionary fields or publisher text; only per-file metadata exported. Group bytes include all files; group SHA if present=SHA256 compact sorted JSON of inventoried {path,sha256} members, not a file SHA; excluded cache/fixture groups have no fresh member hash."
output_group_news_events_v3_initial_integration,outputs/news_events_v3_initial_integration/**,Saved output group; see inventory file-level classes,reference_intermediate_or_smoke,outputs/news_events_v3_initial_integration,Project outputs / inherited sources,,Inherited / mixed; metadata is not a redistribution grant,Source-specific,DERIVED_RESTRICTED,DO_NOT_PUBLISH,data/inventory_files.csv (metadata only),503892,73d94f436e33b8ac34d9d7de9885139b0e1bb10a4164de9d1baba7788c109b38,"Mixed outputs may contain original target, reconstructible history, unknown dictionary fields or publisher text; only per-file metadata exported. Group bytes include all files; group SHA if present=SHA256 compact sorted JSON of inventoried {path,sha256} members, not a file SHA; excluded cache/fixture groups have no fresh member hash."
output_group_news_sources_pytest_cache_v1,outputs/news_sources_pytest_cache_v1/**,Saved output group; see inventory file-level classes,technical_or_model_dependency_group_metadata_only,outputs/news_sources_pytest_cache_v1,Project outputs / inherited sources,,Inherited / mixed; metadata is not a redistribution grant,Source-specific,OWN_GENERATED,DO_NOT_PUBLISH,data/inventory_files.csv (metadata only),3967,,"Technical fixture/cache group, not final research source Group bytes include all files; group SHA if present=SHA256 compact sorted JSON of inventoried {path,sha256} members, not a file SHA; excluded cache/fixture groups have no fresh member hash."
output_group_news_sources_test_temp_v1,outputs/news_sources_test_temp_v1/**,Saved output group; see inventory file-level classes,technical_or_model_dependency_group_metadata_only,outputs/news_sources_test_temp_v1,Project outputs / inherited sources,,Inherited / mixed; metadata is not a redistribution grant,Source-specific,OWN_GENERATED,DO_NOT_PUBLISH,data/inventory_files.csv (metadata only),14084,,"Technical fixture/cache group, not final research source Group bytes include all files; group SHA if present=SHA256 compact sorted JSON of inventoried {path,sha256} members, not a file SHA; excluded cache/fixture groups have no fresh member hash."
output_group_news_sources_test_temp_v2,outputs/news_sources_test_temp_v2/**,Saved output group; see inventory file-level classes,technical_or_model_dependency_group_metadata_only,outputs/news_sources_test_temp_v2,Project outputs / inherited sources,,Inherited / mixed; metadata is not a redistribution grant,Source-specific,OWN_GENERATED,DO_NOT_PUBLISH,data/inventory_files.csv (metadata only),18060,,"Technical fixture/cache group, not final research source Group bytes include all files; group SHA if present=SHA256 compact sorted JSON of inventoried {path,sha256} members, not a file SHA; excluded cache/fixture groups have no fresh member hash."
output_group_news_sources_test_temp_v3,outputs/news_sources_test_temp_v3/**,Saved output group; see inventory file-level classes,technical_or_model_dependency_group_metadata_only,outputs/news_sources_test_temp_v3,Project outputs / inherited sources,,Inherited / mixed; metadata is not a redistribution grant,Source-specific,OWN_GENERATED,DO_NOT_PUBLISH,data/inventory_files.csv (metadata only),18804,,"Technical fixture/cache group, not final research source Group bytes include all files; group SHA if present=SHA256 compact sorted JSON of inventoried {path,sha256} members, not a file SHA; excluded cache/fixture groups have no fresh member hash."
output_group_news_sources_test_temp_v4,outputs/news_sources_test_temp_v4/**,Saved output group; see inventory file-level classes,technical_or_model_dependency_group_metadata_only,outputs/news_sources_test_temp_v4,Project outputs / inherited sources,,Inherited / mixed; metadata is not a redistribution grant,Source-specific,OWN_GENERATED,DO_NOT_PUBLISH,data/inventory_files.csv (metadata only),20625,,"Technical fixture/cache group, not final research source Group bytes include all files; group SHA if present=SHA256 compact sorted JSON of inventoried {path,sha256} members, not a file SHA; excluded cache/fixture groups have no fresh member hash."
output_group_news_sources_test_temp_v5,outputs/news_sources_test_temp_v5/**,Saved output group; see inventory file-level classes,technical_or_model_dependency_group_metadata_only,outputs/news_sources_test_temp_v5,Project outputs / inherited sources,,Inherited / mixed; metadata is not a redistribution grant,Source-specific,OWN_GENERATED,DO_NOT_PUBLISH,data/inventory_files.csv (metadata only),21673,,"Technical fixture/cache group, not final research source Group bytes include all files; group SHA if present=SHA256 compact sorted JSON of inventoried {path,sha256} members, not a file SHA; excluded cache/fixture groups have no fresh member hash."
output_group_offline_detection_smoke_v1,outputs/offline_detection_smoke_v1/**,Saved output group; see inventory file-level classes,reference_intermediate_or_smoke,outputs/offline_detection_smoke_v1,Project outputs / inherited sources,,Inherited / mixed; metadata is not a redistribution grant,Source-specific,DERIVED_RESTRICTED,DO_NOT_PUBLISH,data/inventory_files.csv (metadata only),137429,544fc3b31818cd37f7b9b9e01b6e796366153e53356845fcad7c28607ad7ffaa,"Mixed outputs may contain original target, reconstructible history, unknown dictionary fields or publisher text; only per-file metadata exported. Group bytes include all files; group SHA if present=SHA256 compact sorted JSON of inventoried {path,sha256} members, not a file SHA; excluded cache/fixture groups have no fresh member hash."
output_group_offline_detection_v1,outputs/offline_detection_v1/**,Saved output group; see inventory file-level classes,saved_production_experiment,outputs/offline_detection_v1,Project outputs / inherited sources,,Inherited / mixed; metadata is not a redistribution grant,Source-specific,DERIVED_RESTRICTED,DO_NOT_PUBLISH,data/inventory_files.csv (metadata only),10368919,b95807d1ed65fe07f46ea26cf1bee2e2277f7b81cfcbbe203ec124048fb062dd,"Mixed outputs may contain original target, reconstructible history, unknown dictionary fields or publisher text; only per-file metadata exported. Group bytes include all files; group SHA if present=SHA256 compact sorted JSON of inventoried {path,sha256} members, not a file SHA; excluded cache/fixture groups have no fresh member hash."
output_group_online_detection_smoke_v1,outputs/online_detection_smoke_v1/**,Saved output group; see inventory file-level classes,reference_intermediate_or_smoke,outputs/online_detection_smoke_v1,Project outputs / inherited sources,,Inherited / mixed; metadata is not a redistribution grant,Source-specific,DERIVED_RESTRICTED,DO_NOT_PUBLISH,data/inventory_files.csv (metadata only),703322,d9b327f085cc666bd1781413f23a6e9c32dda39d863a7f40a6f1129a822fae01,"Mixed outputs may contain original target, reconstructible history, unknown dictionary fields or publisher text; only per-file metadata exported. Group bytes include all files; group SHA if present=SHA256 compact sorted JSON of inventoried {path,sha256} members, not a file SHA; excluded cache/fixture groups have no fresh member hash."
output_group_online_detection_smoke_v2,outputs/online_detection_smoke_v2/**,Saved output group; see inventory file-level classes,reference_intermediate_or_smoke,outputs/online_detection_smoke_v2,Project outputs / inherited sources,,Inherited / mixed; metadata is not a redistribution grant,Source-specific,DERIVED_RESTRICTED,DO_NOT_PUBLISH,data/inventory_files.csv (metadata only),703436,daf3fce8df15a59c38273690018416eeb3151aa5a512b17a9421e26c439ddbc2,"Mixed outputs may contain original target, reconstructible history, unknown dictionary fields or publisher text; only per-file metadata exported. Group bytes include all files; group SHA if present=SHA256 compact sorted JSON of inventoried {path,sha256} members, not a file SHA; excluded cache/fixture groups have no fresh member hash."
output_group_online_detection_v1,outputs/online_detection_v1/**,Saved output group; see inventory file-level classes,saved_production_experiment,outputs/online_detection_v1,Project outputs / inherited sources,,Inherited / mixed; metadata is not a redistribution grant,Source-specific,DERIVED_RESTRICTED,DO_NOT_PUBLISH,data/inventory_files.csv (metadata only),7702498,61a65771c64b67db727c00eba219defb1abebbd43e87615fe090e7f260ff584a,"Mixed outputs may contain original target, reconstructible history, unknown dictionary fields or publisher text; only per-file metadata exported. Group bytes include all files; group SHA if present=SHA256 compact sorted JSON of inventoried {path,sha256} members, not a file SHA; excluded cache/fixture groups have no fresh member hash."
output_group_prophet_comparison_v1,outputs/prophet_comparison_v1/**,Saved output group; see inventory file-level classes,saved_production_experiment,outputs/prophet_comparison_v1,Project outputs / inherited sources,,Inherited / mixed; metadata is not a redistribution grant,Source-specific,DERIVED_RESTRICTED,DO_NOT_PUBLISH,data/inventory_files.csv (metadata only),1744055,5ef5bb58ee084f418268a10cc13049ea457bfe7573d6eac867ae848213e9639a,"Mixed outputs may contain original target, reconstructible history, unknown dictionary fields or publisher text; only per-file metadata exported. Group bytes include all files; group SHA if present=SHA256 compact sorted JSON of inventoried {path,sha256} members, not a file SHA; excluded cache/fixture groups have no fresh member hash."
output_group_trend_calendar_v1,outputs/trend_calendar_v1/**,Saved output group; see inventory file-level classes,saved_production_experiment,outputs/trend_calendar_v1,Project outputs / inherited sources,,Inherited / mixed; metadata is not a redistribution grant,Source-specific,DERIVED_RESTRICTED,DO_NOT_PUBLISH,data/inventory_files.csv (metadata only),3769365,2e872d541f3e84c57a5b33fb37c7b3a1691de3fd490b7529f15470f5415b4869,"Mixed outputs may contain original target, reconstructible history, unknown dictionary fields or publisher text; only per-file metadata exported. Group bytes include all files; group SHA if present=SHA256 compact sorted JSON of inventoried {path,sha256} members, not a file SHA; excluded cache/fixture groups have no fresh member hash."
historical_audit_summary_json,historic-audit:audit_summary.json,Historical prepared/audit reference; not current runtime file,historical_diagnostic_not_runtime_model_input,Historical reports/audit_report.md,Project derivation from SberIndex/dictionary,https://sberindex.ru/ru/research/data-sense-opisanie-nabora-dannikh-khakatona-sberindeksa-po-munitsipalnim-dannim,Inherited rights; absent source not reconstructed,YES per source,DERIVED_RESTRICTED,PUBLISH_METADATA_ONLY,data/inventory_files.csv,,,Historical source-data audit aggregate; current file absent; bytes/hash/schema/count fields unknown; unrelated to later early_warning_news_audit_v1/audit_summary.json; not a runtime model input No unknown size/hash inferred.
historical_territory_coverage_csv,historic-audit:territory_coverage.csv,Historical prepared/audit reference; not current runtime file,historical_diagnostic_not_runtime_model_input,Historical reports/audit_report.md,Project derivation from SberIndex/dictionary,https://sberindex.ru/ru/research/data-sense-opisanie-nabora-dannikh-khakatona-sberindeksa-po-munitsipalnim-dannim,Inherited rights; absent source not reconstructed,YES per source,DERIVED_RESTRICTED,PUBLISH_METADATA_ONLY,data/inventory_files.csv,,,Historical diagnostic coverage for 2190 IDs; latest dictionary names; not a historical feature table or runtime model input; current file absent; bytes/hash/header unknown No unknown size/hash inferred.
historical_consumption_all_categories_and_components_csv,historic-prepared:consumption_all_categories_and_components.csv,Historical prepared/audit reference; not current runtime file,historically_generated_not_current_forecasting_input,Historical reports/audit_report.md,Project derivation from SberIndex/dictionary,https://sberindex.ru/ru/research/data-sense-opisanie-nabora-dannikh-khakatona-sberindeksa-po-munitsipalnim-dannim,Inherited rights; absent source not reconstructed,YES per source,DERIVED_RESTRICTED,PUBLISH_METADATA_ONLY,data/inventory_files.csv,,,Historical reference only; no current file in data/input No unknown size/hash inferred.
historical_dictionary_versions_csv,historic-prepared:dictionary_versions.csv,Historical prepared/audit reference; not current runtime file,historically_generated_not_current_forecasting_input,Historical reports/audit_report.md,Project derivation from SberIndex/dictionary,https://sberindex.ru/ru/research/data-sense-opisanie-nabora-dannikh-khakatona-sberindeksa-po-munitsipalnim-dannim,Inherited rights; absent source not reconstructed,YES per source,DERIVED_RESTRICTED,PUBLISH_METADATA_ONLY,data/inventory_files.csv,,,Historical reference only; no current file in data/input No unknown size/hash inferred.
news_raw_corpus,data/external/news_raw/**,Original HTML/binary/JSON corpus; titles/snippets/evidence excluded from F7,Research pipeline / audit as specified,data/external/news_raw/**,CBR/Lenta/MCHS,https://lenta.ru/info/posts/terms_of_use/;https://www.cbr.ru/about/,See source terms and DATA_NOTICE.md,Source-specific,UNCLEAR,DO_NOT_PUBLISH,data/inventory_files.csv;data/metadata/source_terms.json (metadata),8118622,,Rights unclear / commercial restriction; metadata whitelist only Physical member sizes/hashes in inventory; no original corpus copied.
synthetic_detection_data,outputs/online_detection_v1/synthetic_*;outputs/offline_detection_v1/synthetic_*,SYNTHETIC validation/test inputs reused by offline; identical decompressed records,Research pipeline / audit as specified,outputs/online_detection_v1/synthetic_*;outputs/offline_detection_v1/synthetic_*,Project generator,,See source terms and DATA_NOTICE.md,Source-specific,OWN_GENERATED,PUBLISH_METADATA_ONLY,data/inventory_files.csv;data/metadata/source_terms.json (metadata),,,Generator+frozen configs available; no duplicate full data in clone Physical member sizes/hashes in inventory; no original corpus copied.
tracked_real_rolling_export,reports/final/figure_data/rolling_forecast.csv,Already tracked curated export with 12 real y_true; not source-free aggregate,Research pipeline / audit as specified,reports/final/figure_data/rolling_forecast.csv,Project/SberIndex,https://sberindex.ru/ru/research/data-sense-opisanie-nabora-dannikh-khakatona-sberindeksa-po-munitsipalnim-dannim,See source terms and DATA_NOTICE.md,Source-specific,DERIVED_RESTRICTED,NEEDS_CONFIRMATION,data/inventory_files.csv;data/metadata/source_terms.json (metadata),793,4e5152a0200307fcf376512509f660d57c6555ef56575847333b25ecc22ad0bf,Source rights pending; F1 bytes must remain unchanged Physical member sizes/hashes in inventory; no original corpus copied.
tracked_final_aggregates,reports/final/*_metrics.csv;reports/final/figure_data/* (except real rolling export),Already tracked aggregate metrics and synthetic tables; source manifests preserved,Research pipeline / audit as specified,reports/final/*_metrics.csv;reports/final/figure_data/* (except real rolling export),Project analysis,,See source terms and DATA_NOTICE.md,Source-specific,DERIVED_SAFE,PUBLISH_METADATA_ONLY,data/inventory_files.csv;data/metadata/source_terms.json (metadata),,,No raw row values added by F7; analysis provenance retained Physical member sizes/hashes in inventory; no original corpus copied.
schemas_manifests_configs,configs/*.yaml;reports/*manifest*;outputs/*/*manifest*.json;tests/*,Existing configuration/provenance and synthetic test fixtures,Research pipeline / audit as specified,configs/*.yaml;reports/*manifest*;outputs/*/*manifest*.json;tests/*,Project,,See source terms and DATA_NOTICE.md,Source-specific,OWN_GENERATED,PUBLISH_METADATA_ONLY,data/inventory_files.csv;data/metadata/source_terms.json (metadata),,,Already tracked code/configs and source-free test fixtures; original manifests may contain historical paths and are not recopied Physical member sizes/hashes in inventory; no original corpus copied.
zero_accepted_source_probes,Rosstat CPI/wages;MCHS probe;Pravo failed probe,Explicitly attempted sources with zero accepted model observations/events,Research pipeline / audit as specified,Rosstat CPI/wages;MCHS probe;Pravo failed probe,Rosstat/MCHS/Pravo,https://rosstat.gov.ru/opendata/;https://mchs.gov.ru/;https://publication.pravo.gov.ru/,See source terms and DATA_NOTICE.md,Source-specific,UNCLEAR,PUBLISH_METADATA_ONLY,data/inventory_files.csv;data/metadata/source_terms.json (metadata),,,Not used as numeric/news model data; terms and failed status metadata only Physical member sizes/hashes in inventory; no original corpus copied.
